v -3.000000 1.800000 0.000000
v -2.991600 1.800000 -0.081000
v -2.991600 1.800000 0.081000
v -2.989450 1.666162 0.000000
v -2.985000 1.921950 0.000000
v -2.985000 1.921950 0.000000
v -2.981175 1.667844 -0.081000
v -2.981175 1.667844 0.081000
v -2.976687 1.920243 -0.081000
v -2.976687 1.920243 0.081000
v -2.968800 1.800000 -0.144000
v -2.968800 1.800000 0.144000
v -2.958713 1.672406 -0.144000
v -2.958713 1.672406 0.144000
v -2.957600 1.534800 0.000000
v -2.957600 1.534800 0.000000
v -2.954122 1.915609 -0.144000
v -2.954122 1.915609 0.144000
v -2.949693 1.537790 -0.081000
v -2.949693 1.537790 0.081000
v -2.940000 2.019600 0.000000
v -2.935200 1.800000 -0.189000
v -2.935200 1.800000 0.189000
v -2.931958 2.016526 0.081000
v -2.931958 2.016526 -0.081000
v -2.928230 1.545907 -0.144000
v -2.928230 1.545907 0.144000
v -2.925611 1.679131 -0.189000
v -2.925611 1.679131 0.189000
v -2.920870 1.908779 -0.189000
v -2.920870 1.908779 0.189000
v -2.910131 2.008181 -0.144000
v -2.910131 2.008181 0.144000
v -2.904150 1.406137 0.000000
v -2.904150 1.406137 0.000000
v -2.896846 1.410135 0.081000
v -2.896846 1.410135 -0.081000
v -2.896602 1.557869 -0.189000
v -2.896602 1.557869 0.189000
v -2.894400 1.800000 -0.216000
v -2.894400 1.800000 0.216000
v -2.885416 1.687296 -0.216000
v -2.885416 1.687296 0.216000
v -2.880491 1.900487 -0.216000
v -2.880491 1.900487 0.216000
v -2.877965 1.995883 -0.189000
v -2.877965 1.995883 0.189000
v -2.877022 1.420985 -0.144000
v -2.877022 1.420985 0.144000
v -2.865000 2.095650 0.000000
v -2.858195 1.572394 0.216000
v -2.858195 1.572394 -0.216000
v -2.857432 2.091511 -0.081000
v -2.857432 2.091511 0.081000
v -2.850000 1.800000 -0.225000
v -2.850000 1.800000 0.225000
v -2.847806 1.436974 0.189000
v -2.847806 1.436974 -0.189000
v -2.841675 1.696181 0.225000
v -2.841675 1.696181 -0.225000
v -2.838906 1.980950 -0.216000
v -2.838906 1.980950 0.216000
v -2.836889 2.080276 -0.144000
v -2.836889 2.080276 0.144000
v -2.836550 1.891463 -0.225000
v -2.836550 1.891463 0.225000
v -2.828800 1.280400 0.000000
v -2.822326 1.285171 -0.081000
v -2.822326 1.285171 0.081000
v -2.816400 1.588200 -0.225000
v -2.816400 1.588200 0.225000
v -2.812331 1.456390 0.216000
v -2.812331 1.456390 -0.216000
v -2.806615 2.063720 -0.189000
v -2.806615 2.063720 0.189000
v -2.805600 1.800000 -0.216000
v -2.805600 1.800000 0.216000
v -2.804755 1.298122 -0.144000
v -2.804755 1.298122 0.144000
v -2.797934 1.705067 -0.216000
v -2.797934 1.705067 0.216000
v -2.796400 1.964700 0.225000
v -2.796400 1.964700 -0.225000
v -2.792609 1.882438 -0.216000
v -2.792609 1.882438 0.216000
v -2.778861 1.317206 -0.189000
v -2.778861 1.317206 0.189000
v -2.774605 1.604006 0.216000
v -2.774605 1.604006 -0.216000
v -2.773725 1.477519 0.225000
v -2.773725 1.477519 -0.225000
v -2.769854 2.043616 -0.216000
v -2.769854 2.043616 0.216000
v -2.764800 1.800000 -0.189000
v -2.764800 1.800000 0.189000
v -2.760000 2.152800 0.000000
v -2.760000 2.152800 0.000000
v -2.757739 1.713232 -0.189000
v -2.757739 1.713232 0.189000
v -2.753894 1.948450 -0.216000
v -2.753894 1.948450 0.216000
v -2.753123 2.147861 -0.081000
v -2.753123 2.147861 0.081000
v -2.752230 1.874146 -0.189000
v -2.752230 1.874146 0.189000
v -2.747418 1.340381 -0.216000
v -2.747418 1.340381 0.216000
v -2.736198 1.618531 -0.189000
v -2.736198 1.618531 0.189000
v -2.735119 1.498648 0.216000
v -2.735119 1.498648 -0.216000
v -2.734458 2.134454 -0.144000
v -2.734458 2.134454 0.144000
v -2.731250 1.157813 0.000000
v -2.731250 1.157813 0.000000
v -2.731200 1.800000 -0.144000
v -2.731200 1.800000 0.144000
v -2.729850 2.021737 -0.225000
v -2.729850 2.021737 0.225000
v -2.725825 1.163194 0.081000
v -2.725825 1.163194 -0.081000
v -2.724637 1.719956 -0.144000
v -2.724637 1.719956 0.144000
v -2.718978 1.867316 -0.144000
v -2.718978 1.867316 0.144000
v -2.714835 1.933517 -0.189000
v -2.714835 1.933517 0.189000
v -2.713200 1.365600 -0.225000
v -2.713200 1.365600 0.225000
v -2.711100 1.177800 -0.144000
v -2.711100 1.177800 0.144000
v -2.708400 1.800000 -0.081000
v -2.708400 1.800000 0.081000
v -2.706950 2.114698 -0.189000
v -2.706950 2.114698 0.189000
v -2.704570 1.630493 -0.144000
v -2.704570 1.630493 0.144000
v -2.702175 1.724519 -0.081000
v -2.702175 1.724519 0.081000
v -2.700000 1.800000 0.000000
v -2.699644 1.518063 0.189000
v -2.699644 1.518063 -0.189000
v -2.696413 1.862682 -0.081000
v -2.696413 1.862682 0.081000
v -2.693900 1.726200 0.000000
v -2.689846 1.999859 -0.216000
v -2.689846 1.999859 0.216000
v -2.689400 1.199325 -0.189000
v -2.689400 1.199325 0.189000
v -2.688100 1.860975 0.000000
v -2.688100 1.860975 0.000000
v -2.683107 1.638610 -0.081000
v -2.683107 1.638610 0.081000
v -2.682669 1.921219 -0.144000
v -2.682669 1.921219 0.144000
v -2.678982 1.390819 -0.216000
v -2.678982 1.390819 0.216000
v -2.675200 1.641600 0.000000
v -2.675200 1.641600 0.000000
v -2.673549 2.090707 -0.216000
v -2.673549 2.090707 0.216000
v -2.670428 1.534053 -0.144000
v -2.670428 1.534053 0.144000
v -2.663050 1.225463 -0.216000
v -2.663050 1.225463 0.216000
v -2.660842 1.912874 0.081000
v -2.660842 1.912874 -0.081000
v -2.653085 1.979755 -0.189000
v -2.653085 1.979755 0.189000
v -2.652800 1.909800 0.000000
v -2.652800 1.909800 0.000000
v -2.650604 1.544903 0.081000
v -2.650604 1.544903 -0.081000
v -2.647539 1.413994 -0.189000
v -2.647539 1.413994 0.189000
v -2.643300 1.548900 0.000000
v -2.637200 2.064600 -0.225000
v -2.637200 2.064600 0.225000
v -2.634375 1.253906 0.225000
v -2.634375 1.253906 -0.225000
v -2.625000 2.193750 0.000000
v -2.622811 1.963199 -0.144000
v -2.622811 1.963199 0.144000
v -2.621645 1.433078 -0.144000
v -2.621645 1.433078 0.144000
v -2.619050 2.188238 -0.081000
v -2.619050 2.188238 0.081000
v -2.611200 1.038600 0.000000
v -2.611200 1.038600 0.000000
v -2.607034 1.044497 0.081000
v -2.607034 1.044497 -0.081000
v -2.605700 1.282350 -0.216000
v -2.605700 1.282350 0.216000
v -2.604074 1.446029 -0.081000
v -2.604074 1.446029 0.081000
v -2.602900 2.173275 -0.144000
v -2.602900 2.173275 0.144000
v -2.602268 1.951964 -0.081000
v -2.602268 1.951964 0.081000
v -2.600851 2.038493 -0.216000
v -2.600851 2.038493 0.216000
v -2.597600 1.450800 0.000000
v -2.595725 1.060502 -0.144000
v -2.595725 1.060502 0.144000
v -2.594700 1.947825 0.000000
v -2.579350 1.308488 -0.189000
v -2.579350 1.308488 0.189000
v -2.579100 2.151225 -0.189000
v -2.579100 2.151225 0.189000
v -2.579059 1.084090 -0.189000
v -2.579059 1.084090 0.189000
v -2.567450 2.014502 -0.189000
v -2.567450 2.014502 0.189000
v -2.558822 1.112731 0.216000
v -2.558822 1.112731 -0.216000
v -2.557650 1.330013 -0.144000
v -2.557650 1.330013 0.144000
v -2.550200 2.124450 -0.216000
v -2.550200 2.124450 0.216000
v -2.542925 1.344619 0.081000
v -2.542925 1.344619 -0.081000
v -2.539942 1.994746 -0.144000
v -2.539942 1.994746 0.144000
v -2.537500 1.350000 0.000000
v -2.537500 1.350000 0.000000
v -2.536800 1.143900 0.225000
v -2.536800 1.143900 -0.225000
v -2.521277 1.981339 -0.081000
v -2.521277 1.981339 0.081000
v -2.518750 2.095312 -0.225000
v -2.518750 2.095312 0.225000
v -2.514778 1.175069 0.216000
v -2.514778 1.175069 -0.216000
v -2.514400 1.976400 0.000000
v -2.514400 1.976400 0.000000
v -2.494541 1.203710 -0.189000
v -2.494541 1.203710 0.189000
v -2.487300 2.066175 -0.216000
v -2.487300 2.066175 0.216000
v -2.477875 1.227298 -0.144000
v -2.477875 1.227298 0.144000
v -2.468350 0.922987 0.000000
v -2.466566 1.243303 0.081000
v -2.466566 1.243303 -0.081000
v -2.465644 0.929375 -0.081000
v -2.465644 0.929375 0.081000
v -2.462400 1.249200 0.000000
v -2.462400 1.249200 0.000000
v -2.460000 2.221200 0.000000
v -2.460000 2.221200 0.000000
v -2.458400 2.039400 -0.189000
v -2.458400 2.039400 0.189000
v -2.458298 0.946711 -0.144000
v -2.458298 0.946711 0.144000
v -2.455229 2.215303 -0.081000
v -2.455229 2.215303 0.081000
v -2.447474 0.972260 0.189000
v -2.447474 0.972260 -0.189000
v -2.442278 2.199298 -0.144000
v -2.442278 2.199298 0.144000
v -2.434600 2.017350 -0.144000
v -2.434600 2.017350 0.144000
v -2.434329 1.003283 -0.216000
v -2.434329 1.003283 0.216000
v -2.423194 2.175710 -0.189000
v -2.423194 2.175710 0.189000
v -2.420025 1.037044 -0.225000
v -2.420025 1.037044 0.225000
v -2.418450 2.002387 -0.081000
v -2.418450 2.002388 0.081000
v -2.412500 1.996875 0.000000
v -2.412500 1.996875 0.000000
v -2.405721 1.070804 -0.216000
v -2.405721 1.070804 0.216000
v -2.400019 2.147069 -0.216000
v -2.400019 2.147069 0.216000
v -2.392576 1.101828 -0.189000
v -2.392576 1.101828 0.189000
v -2.381752 1.127376 -0.144000
v -2.381752 1.127376 0.144000
v -2.374800 2.115900 -0.225000
v -2.374800 2.115900 0.225000
v -2.374406 1.144713 0.081000
v -2.374406 1.144713 -0.081000
v -2.371700 1.151100 0.000000
v -2.349581 2.084731 -0.216000
v -2.349581 2.084731 0.216000
v -2.326406 2.056090 -0.189000
v -2.326406 2.056090 0.189000
v -2.307322 2.032502 -0.144000
v -2.307322 2.032502 0.144000
v -2.302400 0.811200 0.000000
v -2.302400 0.811200 0.000000
v -2.301347 0.818122 0.081000
v -2.301347 0.818122 -0.081000
v -2.298490 0.836909 0.144000
v -2.298490 0.836909 -0.144000
v -2.294371 2.016497 -0.081000
v -2.294371 2.016497 0.081000
v -2.294278 0.864595 0.189000
v -2.294278 0.864595 -0.189000
v -2.289600 2.010600 0.000000
v -2.289600 2.010600 0.000000
v -2.289165 0.898214 0.216000
v -2.289165 0.898214 -0.216000
v -2.283600 0.934800 0.225000
v -2.283600 0.934800 -0.225000
v -2.278035 0.971386 0.216000
v -2.278035 0.971386 -0.216000
v -2.272922 1.005005 0.189000
v -2.272922 1.005005 -0.189000
v -2.268710 1.032691 -0.144000
v -2.268710 1.032691 0.144000
v -2.265853 1.051478 0.081000
v -2.265853 1.051478 -0.081000
v -2.265000 2.237850 0.000000
v -2.264800 1.058400 0.000000
v -2.264800 1.058400 0.000000
v -2.261676 2.231720 -0.081000
v -2.261676 2.231720 0.081000
v -2.252655 2.215082 -0.144000
v -2.252655 2.215082 0.144000
v -2.239361 2.190562 -0.189000
v -2.239361 2.190562 0.189000
v -2.223218 2.160788 -0.216000
v -2.223218 2.160788 0.216000
v -2.205650 2.128387 0.225000
v -2.205650 2.128388 -0.225000
v -2.188082 2.095987 -0.216000
v -2.188082 2.095987 0.216000
v -2.171939 2.066213 -0.189000
v -2.171939 2.066213 0.189000
v -2.158645 2.041693 -0.144000
v -2.158645 2.041693 0.144000
v -2.149624 2.025055 -0.081000
v -2.149624 2.025055 0.081000
v -2.146300 2.018925 0.000000
v -2.141100 0.973800 0.000000
v -2.141100 0.973800 0.000000
v -2.140315 0.966231 0.081000
v -2.140315 0.966231 -0.081000
v -2.138183 0.945685 0.144000
v -2.138183 0.945685 -0.144000
v -2.135041 0.915407 0.189000
v -2.135041 0.915407 -0.189000
v -2.131226 0.878641 0.216000
v -2.131226 0.878641 -0.216000
v -2.127075 0.838631 0.225000
v -2.127075 0.838631 -0.225000
v -2.122924 0.798621 0.216000
v -2.122924 0.798621 -0.216000
v -2.119109 0.761855 0.189000
v -2.119109 0.761855 -0.189000
v -2.115967 0.731578 0.144000
v -2.115967 0.731578 -0.144000
v -2.113835 0.711032 0.081000
v -2.113835 0.711032 -0.081000
v -2.113050 0.703463 0.000000
v -2.113050 0.703463 0.000000
v -2.040000 2.246400 0.000000
v -2.040000 2.246400 0.000000
v -2.038410 2.240150 -0.081000
v -2.038410 2.240150 0.081000
v -2.034093 2.223187 -0.144000
v -2.034093 2.223187 0.144000
v -2.027731 2.198189 -0.189000
v -2.027731 2.198189 0.189000
v -2.020006 2.167834 0.216000
v -2.020006 2.167834 -0.216000
v -2.011600 2.134800 0.225000
v -2.011600 2.134800 -0.225000
v -2.003194 2.101766 0.216000
v -2.003194 2.101766 -0.216000
v -2.000000 0.900000 0.000000
v -2.000000 0.900000 0.000000
v -2.000000 0.900000 0.000000
v -1.997200 0.891600 0.081000
v -1.997200 0.891600 -0.081000
v -1.995469 2.071411 -0.189000
v -1.995469 2.071411 0.189000
v -1.992750 1.037175 -0.000000
v -1.992750 1.037175 0.000000
v -1.989600 0.868800 0.144000
v -1.989600 0.868800 -0.144000
v -1.989107 2.046413 0.144000
v -1.989107 2.046413 -0.144000
v -1.986000 0.771675 0.000000
v -1.986000 0.771675 0.000000
v -1.984790 2.029450 -0.081000
v -1.984790 2.029450 0.081000
v -1.983200 2.023200 0.000000
v -1.983200 2.023200 0.000000
v -1.978400 0.835200 0.189000
v -1.978400 0.835200 -0.189000
v -1.974240 0.900000 -0.328160
v -1.974240 0.900000 -0.328160
v -1.974240 0.900000 0.328160
v -1.972000 1.178400 -0.000000
v -1.972000 1.178400 0.000000
v -1.967083 1.037175 -0.326970
v -1.967083 1.037175 0.326970
v -1.964800 0.794400 0.216000
v -1.964800 0.794400 -0.216000
v -1.960420 0.771675 -0.325863
v -1.960420 0.771675 0.325863
v -1.950000 0.750000 -0.225000
v -1.950000 0.750000 0.225000
v -1.948000 0.656400 0.000000
v -1.948000 0.656400 0.000000
v -1.946601 1.178400 -0.323566
v -1.946601 1.178400 0.323566
v -1.939250 1.323225 0.000000
v -1.939250 1.323225 0.000000
v -1.935200 0.705600 0.216000
v -1.935200 0.705600 -0.216000
v -1.922910 0.656400 -0.319628
v -1.922910 0.656400 0.319628
v -1.921600 0.664800 0.189000
v -1.921600 0.664800 -0.189000
v -1.914272 1.323225 -0.318192
v -1.914272 1.323225 0.318192
v -1.910400 0.631200 0.144000
v -1.910400 0.631200 -0.144000
v -1.902800 0.608400 0.081000
v -1.902800 0.608400 -0.081000
v -1.900000 0.600000 0.000000
v -1.900000 0.600000 0.000000
v -1.899520 0.900000 -0.638080
v -1.899520 0.900000 -0.638080
v -1.899520 0.900000 0.638080
v -1.899520 0.900000 0.638080
v -1.896000 1.471200 0.000000
v -1.896000 1.471200 0.000000
v -1.892634 1.037175 -0.635767
v -1.892634 1.037175 0.635767
v -1.892000 0.553725 0.000000
v -1.892000 0.553725 0.000000
v -1.886223 0.771675 -0.633613
v -1.886223 0.771675 0.633613
v -1.872927 1.178400 -0.629147
v -1.872927 1.178400 0.629147
v -1.871580 1.471200 -0.311096
v -1.871580 1.471200 0.311096
v -1.867631 0.553725 -0.310439
v -1.867631 0.553725 0.310439
v -1.850132 0.656400 -0.621490
v -1.850132 0.656400 0.621490
v -1.843750 1.621875 0.000000
v -1.843750 1.621875 0.000000
v -1.841822 1.323225 -0.618698
v -1.841822 1.323225 0.618698
v -1.824000 0.463200 -0.000000
v -1.824000 0.463200 0.000000
v -1.820003 1.621875 -0.302522
v -1.820003 1.621875 0.302523
v -1.800900 2.024775 0.000000
v -1.800745 1.471200 -0.604900
v -1.800745 1.471200 0.604900
v -1.800507 0.463200 -0.299282
v -1.800507 0.463200 0.299282
v -1.800455 2.031069 -0.081000
v -1.800455 2.031069 0.081000
v -1.799246 2.048152 -0.144000
v -1.799246 2.048152 0.144000
v -1.797466 2.073326 -0.189000
v -1.797466 2.073326 0.189000
v -1.796946 0.553725 -0.603624
v -1.796946 0.553725 0.603624
v -1.795303 2.103896 -0.216000
v -1.795303 2.103896 0.216000
v -1.792950 2.137163 -0.225000
v -1.792950 2.137163 0.225000
v -1.790597 2.170429 -0.216000
v -1.790597 2.170429 0.216000
v -1.788434 2.200999 -0.189000
v -1.788434 2.200999 0.189000
v -1.786654 2.226173 -0.144000
v -1.786654 2.226173 0.144000
v -1.785445 2.243256 -0.081000
v -1.785445 2.243256 0.081000
v -1.785000 2.249550 0.000000
v -1.784000 1.774800 -0.000000
v -1.784000 1.774800 0.000000
v -1.779680 0.900000 -0.925920
v -1.779680 0.900000 -0.925920
v -1.779680 0.900000 0.925920
v -1.779680 0.900000 0.925920
v -1.773229 1.037175 -0.922564
v -1.773229 1.037175 0.922564
v -1.767222 0.771675 -0.919439
v -1.767222 0.771675 0.919439
v -1.761022 1.774800 -0.292719
v -1.761022 1.774800 0.292719
v -1.754764 1.178400 -0.912957
v -1.754764 1.178400 0.912957
v -1.751120 1.621875 -0.588230
v -1.751120 1.621875 0.588230
v -1.750000 0.384375 -0.000000
v -1.750000 0.384375 0.000000
v -1.733408 0.656400 -0.901846
v -1.733408 0.656400 0.901846
v -1.732362 0.463200 -0.581929
v -1.732362 0.463200 0.581929
v -1.727460 0.384375 -0.287140
v -1.727460 0.384375 0.287140
v -1.725622 1.323225 -0.897795
v -1.725622 1.323225 0.897795
v -1.718250 1.929525 -0.000000
v -1.718250 1.929525 0.000000
v -1.696119 1.929525 -0.281930
v -1.696119 1.929525 0.281930
v -1.694372 1.774800 -0.569167
v -1.694372 1.774800 0.569167
v -1.687137 1.471200 -0.877772
v -1.687137 1.471200 0.877772
v -1.683577 0.553725 -0.875920
v -1.683577 0.553725 0.875920
v -1.676000 0.316800 0.000000
v -1.676000 0.316800 0.000000
v -1.662080 0.384375 -0.558320
v -1.662080 0.384375 0.558320
v -1.654413 0.316800 -0.274998
v -1.654413 0.316800 0.274998
v -1.648000 2.085600 0.000000
v -1.648000 2.085600 0.000000
v -1.640643 1.621875 -0.853583
v -1.640643 1.621875 0.853583
v -1.631925 1.929525 -0.548190
v -1.631925 1.929525 0.548190
v -1.626774 2.085600 -0.270404
v -1.626774 2.085600 0.270404
v -1.623068 0.463200 -0.844439
v -1.623068 0.463200 0.844439
v -1.618560 0.900000 -1.187840
v -1.618560 0.900000 -1.187840
v -1.618560 0.900000 1.187840
v -1.618560 0.900000 1.187840
v -1.612693 1.037175 -1.183534
v -1.612693 1.037175 1.183534
v -1.608000 0.260025 -0.000000
v -1.608000 0.260025 0.000000
v -1.607230 0.771675 -1.179525
v -1.607230 0.771675 1.179525
v -1.600000 2.025000 0.000000
v -1.597200 2.031300 -0.081000
v -1.597200 2.031300 0.081000
v -1.595900 1.178400 -1.171210
v -1.595900 1.178400 1.171210
v -1.591798 0.316800 -0.534711
v -1.591798 0.316800 0.534711
v -1.589600 2.048400 -0.144000
v -1.589600 2.048400 0.144000
v -1.587475 1.774800 -0.825921
v -1.587475 1.774800 0.825921
v -1.587289 0.260025 0.263841
v -1.587289 0.260025 -0.263841
v -1.578400 2.073600 -0.189000
v -1.578400 2.073600 0.189000
v -1.576477 0.656400 -1.156956
v -1.576477 0.656400 1.156956
v -1.574750 2.242575 0.000000
v -1.574750 2.242575 0.000000
v -1.569396 1.323225 -1.151759
v -1.569396 1.323225 1.151759
v -1.565204 2.085600 -0.525778
v -1.565204 2.085600 0.525778
v -1.564800 2.104200 -0.216000
v -1.564800 2.104200 0.216000
v -1.557220 0.384375 -0.810180
v -1.557220 0.384375 0.810180
v -1.554467 2.242575 -0.258385
v -1.554467 2.242575 0.258385
v -1.552000 0.213600 0.000000
v -1.552000 0.213600 0.000000
v -1.550000 2.137500 -0.225000
v -1.550000 2.137500 0.225000
v -1.535200 2.170800 -0.216000
v -1.535200 2.170800 0.216000
v -1.534395 1.471200 -1.126072
v -1.534395 1.471200 1.126072
v -1.532010 0.213600 0.254652
v -1.532010 0.213600 -0.254652
v -1.531158 0.553725 -1.123697
v -1.531158 0.553725 1.123697
v -1.528968 1.929525 -0.795481
v -1.528968 1.929525 0.795481
v -1.527214 0.260025 -0.513016
v -1.527214 0.260025 0.513016
v -1.521600 2.201400 -0.189000
v -1.521600 2.201400 0.189000
v -1.514000 0.177075 0.000000
v -1.514000 0.177075 0.000000
v -1.510400 2.226600 -0.144000
v -1.510400 2.226600 0.144000
v -1.502800 2.243700 -0.081000
v -1.502800 2.243700 0.081000
v -1.500000 2.400000 0.000000
v -1.500000 0.150000 0.000000
v -1.500000 2.250000 0.000000
v -1.500000 2.400000 0.000000
v -1.500000 0.150000 0.000000
v -1.496475 0.127575 -0.000000
v -1.496475 0.127575 0.000000
v -1.495635 2.242575 -0.502408
v -1.495635 2.242575 0.502408
v -1.494500 0.177075 0.248417
v -1.494500 0.177075 -0.248417
v -1.492110 1.621875 -1.095040
v -1.492110 1.621875 1.095040
v -1.491372 0.316800 -0.775921
v -1.491372 0.316800 0.775921
v -1.480800 0.105600 0.000000
v -1.480800 0.105600 -0.000000
v -1.480680 2.400000 -0.246120
v -1.480680 0.150000 0.246120
v -1.480680 2.400000 0.246120
v -1.480680 0.150000 -0.246120
v -1.480680 0.150000 -0.246120
v -1.480680 0.150000 0.246120
v -1.480325 2.435437 0.000000
v -1.480325 2.435437 0.000000
v -1.477200 0.127575 0.245542
v -1.477200 0.127575 -0.245542
v -1.476127 0.463200 -1.083310
v -1.476127 0.463200 1.083310
v -1.474028 0.213600 0.495150
v -1.474028 0.213600 -0.495150
v -1.466456 2.085600 -0.762958
v -1.466456 2.085600 0.762958
v -1.461727 0.105600 -0.242970
v -1.461727 0.105600 0.242970
v -1.461258 2.435437 -0.242892
v -1.461258 2.435437 0.242892
v -1.459600 2.463000 0.000000
v -1.459600 2.463000 0.000000
v -1.445325 0.084525 0.000000
v -1.445325 0.084525 0.000000
v -1.443756 1.774800 -1.059553
v -1.443756 1.774800 1.059553
v -1.440800 2.463000 -0.239491
v -1.440800 2.463000 0.239491
v -1.439025 2.482687 0.000000
v -1.437937 0.177075 0.483027
v -1.437937 0.177075 -0.483027
v -1.430863 0.260025 0.744440
v -1.430863 0.260025 -0.744440
v -1.426709 0.084525 -0.237149
v -1.426709 0.084525 0.237149
v -1.424640 2.400000 -0.478560
v -1.424640 0.150000 -0.478560
v -1.424640 0.150000 -0.478560
v -1.424640 0.150000 0.478560
v -1.424640 0.150000 0.478560
v -1.424640 2.400000 0.478560
v -1.421292 0.127575 0.477435
v -1.421292 0.127575 -0.477435
v -1.420490 2.482687 -0.236115
v -1.420490 2.482687 0.236115
v -1.420000 0.900000 -1.420000
v -1.420000 0.900000 -1.420000
v -1.420000 0.900000 1.420000
v -1.420000 0.900000 1.420000
v -1.419800 2.494500 0.000000
v -1.419800 2.494500 0.000000
v -1.416240 0.384375 -1.039360
v -1.416240 0.384375 1.039360
v -1.414853 1.037175 -1.414853
v -1.414853 1.037175 1.414853
v -1.410060 0.771675 -1.410060
v -1.410060 0.771675 1.410060
v -1.406405 0.105600 -0.472434
v -1.406405 0.105600 0.472434
v -1.405953 2.435437 -0.472283
v -1.405953 2.435437 0.472283
v -1.403125 2.498438 0.000000
v -1.403125 2.498438 0.000000
v -1.401513 2.494500 -0.232961
v -1.401513 2.494500 0.232961
v -1.401276 2.242575 -0.729046
v -1.401276 2.242575 0.729046
v -1.400120 1.178400 -1.400120
v -1.400120 1.178400 1.400120
v -1.400000 2.400000 0.000000
v -1.400000 2.400000 0.000000
v -1.390545 1.929525 -1.020503
v -1.390545 1.929525 1.020503
v -1.390200 2.494500 0.000000
v -1.390200 2.494500 0.000000
v -1.386270 2.463000 -0.465671
v -1.386270 2.463000 0.465671
v -1.385925 2.435437 0.000000
v -1.385925 2.435437 0.000000
v -1.385053 2.498438 -0.230225
v -1.385053 2.498438 0.230225
v -1.383080 0.656400 -1.383080
v -1.383080 0.656400 1.383080
v -1.382400 0.064800 -0.000000
v -1.382400 0.064800 0.000000
v -1.382225 2.482687 -0.000000
v -1.382225 2.482687 0.000000
v -1.381968 2.400000 -0.229712
v -1.381968 2.400000 0.229712
v -1.381032 0.213600 0.718514
v -1.381032 0.213600 -0.718514
v -1.380400 2.463000 0.000000
v -1.380400 2.463000 0.000000
v -1.376868 1.323225 -1.376867
v -1.376867 1.323225 1.376868
v -1.372712 0.084525 -0.461116
v -1.372712 0.084525 0.461116
v -1.372294 2.494500 -0.228104
v -1.372294 2.494500 0.228104
v -1.368074 2.435437 -0.227403
v -1.368074 2.435437 0.227403
v -1.366728 2.482687 -0.459107
v -1.366728 2.482687 0.459107
v -1.364595 0.064800 -0.226824
v -1.364595 0.064800 0.226824
v -1.364422 2.482687 -0.226795
v -1.364422 2.482687 0.226795
v -1.362620 2.463000 -0.226496
v -1.362620 2.463000 0.226496
v -1.356353 0.316800 -0.995410
v -1.356353 0.316800 0.995410
v -1.348469 2.494500 -0.452973
v -1.348469 2.494500 0.452973
v -1.347218 0.177075 0.700921
v -1.347218 0.177075 -0.700921
v -1.346160 1.471200 -1.346160
v -1.346160 1.471200 1.346160
v -1.343320 0.553725 -1.343320
v -1.343320 0.553725 1.343320
v -1.334760 2.400000 -0.694440
v -1.334760 0.150000 -0.694440
v -1.334760 0.150000 0.694440
v -1.334760 0.150000 0.694440
v -1.334760 2.400000 0.694440
v -1.334760 0.150000 -0.694440
v -1.333693 2.085600 -0.978780
v -1.333693 2.085600 0.978780
v -1.332632 2.498438 -0.447653
v -1.332632 2.498438 0.447653
v -1.331623 0.127575 0.692808
v -1.331623 0.127575 -0.692808
v -1.329664 2.400000 -0.446656
v -1.329664 2.400000 0.446656
v -1.320356 2.494500 -0.443529
v -1.320356 2.494500 0.443529
v -1.317675 0.105600 -0.685551
v -1.317675 0.105600 0.685551
v -1.317252 2.435437 -0.685331
v -1.317252 2.435437 0.685331
v -1.316296 2.435437 -0.442166
v -1.316296 2.435437 0.442166
v -1.312948 0.064800 0.441041
v -1.312948 0.064800 -0.441041
v -1.312782 2.482687 -0.440985
v -1.312782 2.482687 0.440985
v -1.311049 2.463000 -0.440403
v -1.311049 2.463000 0.440403
v -1.309063 1.621875 -1.309063
v -1.309063 1.621875 1.309063
v -1.301322 0.260025 0.955023
v -1.301322 0.260025 -0.955023
v -1.300000 2.400000 0.000000
v -1.300000 2.400000 0.000000
v -1.298810 2.463000 -0.675736
v -1.298810 2.463000 0.675736
v -1.295040 0.463200 -1.295040
v -1.295040 0.463200 1.295040
v -1.286108 0.084525 -0.669128
v -1.286108 0.084525 0.669128
v -1.284375 0.046875 0.000000
v -1.284375 0.046875 0.000000
v -1.283256 2.400000 -0.213304
v -1.283256 2.400000 0.213304
v -1.280502 2.482687 -0.666211
v -1.280502 2.482687 0.666211
v -1.274600 2.440800 0.000000
v -1.274600 2.440800 0.000000
v -1.274414 2.242575 -0.935276
v -1.274414 2.242575 0.935276
v -1.267832 0.046875 -0.210740
v -1.267832 0.046875 0.210740
v -1.266640 1.774800 -1.266640
v -1.266640 1.774800 1.266640
v -1.263395 2.494500 -0.657311
v -1.263395 2.494500 0.657311
v -1.258183 2.440800 0.209136
v -1.258183 2.440800 -0.209136
v -1.256003 0.213600 0.921764
v -1.256003 0.213600 -0.921764
v -1.248557 2.498438 -0.649591
v -1.248557 2.498438 0.649591
v -1.245776 2.400000 -0.648144
v -1.245776 2.400000 0.648144
v -1.242500 0.384375 -1.242500
v -1.242500 0.384375 1.242500
v -1.237056 2.494500 -0.643607
v -1.237056 2.494500 0.643607
v -1.234688 2.400000 -0.414752
v -1.234688 2.400000 0.414752
v -1.233252 2.435437 -0.641628
v -1.233252 2.435437 0.641628
v -1.230115 0.064800 -0.639996
v -1.230115 0.064800 0.639996
v -1.229959 2.482687 -0.639915
v -1.229959 2.482687 0.639915
v -1.228335 2.463000 -0.639070
v -1.228335 2.463000 0.639070
v -1.225250 0.177075 0.899195
v -1.225250 0.177075 -0.899195
v -1.219958 1.929525 1.219958
v -1.219958 1.929525 -1.219958
v -1.219848 0.046875 -0.409767
v -1.219848 0.046875 0.409767
v -1.213920 2.400000 -0.890880
v -1.213920 0.150000 -0.890880
v -1.213920 0.150000 -0.890880
v -1.213920 0.150000 0.890880
v -1.213920 0.150000 0.890880
v -1.213920 2.400000 0.890880
v -1.211067 0.127575 0.888786
v -1.211067 0.127575 -0.888786
v -1.210564 2.440800 0.406648
v -1.210564 2.440800 -0.406648
v -1.204800 2.474400 0.000000
v -1.204800 2.474400 0.000000
v -1.198382 0.105600 -0.879477
v -1.198382 0.105600 0.879477
v -1.197997 2.435437 -0.879195
v -1.197997 2.435437 0.879195
v -1.189960 0.316800 -1.189960
v -1.189960 0.316800 1.189960
v -1.189282 2.474400 -0.197684
v -1.189282 2.474400 0.197684
v -1.187840 0.900000 -1.618560
v -1.187840 0.900000 -1.618560
v -1.187840 0.900000 1.618560
v -1.187840 0.900000 1.618560
v -1.183534 1.037175 -1.612693
v -1.183534 1.037175 1.612693
v -1.181225 2.463000 -0.866886
v -1.181225 2.463000 0.866886
v -1.179525 0.771675 -1.607230
v -1.179525 0.771675 1.607230
v -1.171210 1.178400 -1.595900
v -1.171210 1.178400 1.595900
v -1.170080 2.085600 -1.170080
v -1.170080 2.085600 1.170080
v -1.169673 0.084525 -0.858407
v -1.169673 0.084525 0.858407
v -1.164574 2.482687 -0.854666
v -1.164574 2.482687 0.854666
v -1.156956 0.656400 -1.576477
v -1.156956 0.656400 1.576477
v -1.156792 2.400000 -0.601848
v -1.156792 2.400000 0.601848
v -1.151759 1.323225 -1.569396
v -1.151759 1.323225 1.569396
v -1.149016 2.494500 -0.843248
v -1.149016 2.494500 0.843248
v -1.144271 2.474400 -0.384379
v -1.144271 2.474400 0.384379
v -1.143600 0.031200 0.000000
v -1.143600 0.031200 0.000000
v -1.142888 0.046875 -0.594614
v -1.142888 0.046875 0.594614
v -1.141680 0.260025 1.141680
v -1.141680 0.260025 -1.141680
v -1.135521 2.498438 -0.833344
v -1.135521 2.498438 0.833344
v -1.134190 2.440800 0.590089
v -1.134190 2.440800 -0.590089
v -1.132992 2.400000 -0.831488
v -1.132992 2.400000 0.831488
v -1.128870 0.031200 -0.187642
v -1.128870 0.031200 0.187642
v -1.126072 1.471200 -1.534395
v -1.126072 1.471200 1.534395
v -1.125061 2.494500 -0.825668
v -1.125061 2.494500 0.825668
v -1.123697 0.553725 -1.531158
v -1.123697 0.553725 1.531158
v -1.121601 2.435437 -0.823129
v -1.121601 2.435437 0.823129
v -1.118749 0.064800 -0.821035
v -1.118749 0.064800 0.821035
v -1.118607 2.482687 -0.820931
v -1.118607 2.482687 0.820931
v -1.118073 2.242575 -1.118073
v -1.118073 2.242575 1.118073
v -1.117130 2.463000 -0.819847
v -1.117130 2.463000 0.819847
v -1.101920 0.213600 1.101920
v -1.101920 0.213600 -1.101920
v -1.100200 2.502600 0.000000
v -1.100200 2.502600 0.000000
v -1.095040 1.621875 -1.492110
v -1.095040 1.621875 1.492110
v -1.086146 0.031200 0.364854
v -1.086146 0.031200 -0.364854
v -1.086029 2.502600 0.180521
v -1.086029 2.502600 -0.180521
v -1.083310 0.463200 -1.476127
v -1.083310 0.463200 1.476127
v -1.074940 0.177075 -1.074940
v -1.074940 0.177075 1.074940
v -1.072079 2.474400 -0.557774
v -1.072079 2.474400 0.557774
v -1.065000 2.400000 -1.065000
v -1.065000 0.150000 -1.065000
v -1.065000 0.150000 1.065000
v -1.065000 2.400000 1.065000
v -1.062497 0.127575 1.062497
v -1.062497 0.127575 -1.062497
v -1.059553 1.774800 -1.443756
v -1.059553 1.774800 1.443756
v -1.052064 2.400000 -0.772096
v -1.052064 2.400000 0.772096
v -1.051368 0.105600 -1.051368
v -1.051368 0.105600 1.051368
v -1.051031 2.435437 -1.051031
v -1.051031 2.435437 1.051031
v -1.044926 2.502600 -0.351008
v -1.044926 2.502600 0.351008
v -1.039419 0.046875 -0.762816
v -1.039419 0.046875 0.762816
v -1.039360 0.384375 -1.416240
v -1.039360 0.384375 1.416240
v -1.036316 2.463000 -1.036316
v -1.036316 2.463000 1.036316
v -1.031508 2.440800 0.757010
v -1.031508 2.440800 -0.757010
v -1.026181 0.084525 -1.026181
v -1.026181 0.084525 1.026181
v -1.021708 2.482687 -1.021708
v -1.021708 2.482687 1.021708
v -1.020503 1.929525 -1.390545
v -1.020503 1.929525 1.390545
v -1.017621 0.031200 0.529441
v -1.017621 0.031200 -0.529441
v -1.008058 2.494500 -1.008058
v -1.008058 2.494500 1.008058
v -0.996219 2.498438 -0.996219
v -0.996219 2.498438 0.996219
v -0.995410 0.316800 -1.356353
v -0.995410 0.316800 1.356353
v -0.994000 2.400000 -0.994000
v -0.994000 2.400000 0.994000
v -0.987042 2.494500 -0.987042
v -0.987042 2.494500 0.987042
v -0.984007 2.435437 -0.984007
v -0.984007 2.435437 0.984007
v -0.981504 0.064800 0.981504
v -0.981504 0.064800 -0.981504
v -0.981380 2.482687 -0.981380
v -0.981380 2.482687 0.981380
v -0.980084 2.463000 -0.980084
v -0.980084 2.463000 0.980084
v -0.979002 2.502600 0.509349
v -0.979002 2.502600 -0.509349
v -0.978780 2.085600 -1.333693
v -0.978780 2.085600 1.333693
v -0.975021 2.474400 -0.715555
v -0.975021 2.474400 0.715555
v -0.970400 2.527200 0.000000
v -0.970400 2.527200 0.000000
v -0.957901 2.527200 -0.159223
v -0.957901 2.527200 0.159223
v -0.955023 0.260025 1.301322
v -0.955023 0.260025 -1.301322
v -0.952425 0.018225 -0.000000
v -0.952425 0.018225 0.000000
v -0.940158 0.018225 0.156274
v -0.940158 0.018225 -0.156274
v -0.935276 2.242575 -1.274414
v -0.935276 2.242575 1.274414
v -0.925920 0.900000 -1.779680
v -0.925920 0.900000 1.779680
v -0.925920 0.900000 1.779680
v -0.925920 0.900000 -1.779680
v -0.925493 0.031200 0.679207
v -0.925493 0.031200 -0.679207
v -0.923000 2.400000 -0.923000
v -0.923000 2.400000 0.923000
v -0.922564 1.037175 1.773229
v -0.922564 1.037175 -1.773229
v -0.921764 0.213600 1.256003
v -0.921764 0.213600 -1.256003
v -0.921647 2.527200 -0.309596
v -0.921647 2.527200 0.309596
v -0.919439 0.771675 -1.767222
v -0.919439 0.771675 1.767222
v -0.912957 1.178400 -1.754764
v -0.912957 1.178400 1.754764
v -0.911906 0.046875 -0.911906
v -0.911906 0.046875 0.911906
v -0.904966 2.440800 0.904966
v -0.904966 2.440800 -0.904966
v -0.904575 0.018225 0.303862
v -0.904575 0.018225 -0.303862
v -0.901846 0.656400 -1.733408
v -0.901846 0.656400 1.733408
v -0.899195 0.177075 1.225250
v -0.899195 0.177075 -1.225250
v -0.897795 1.323225 -1.725622
v -0.897795 1.323225 1.725622
v -0.890880 0.150000 -1.213920
v -0.890880 0.150000 1.213920
v -0.890880 2.400000 -1.213920
v -0.890880 0.150000 -1.213920
v -0.890880 0.150000 1.213920
v -0.890880 2.400000 1.213920
v -0.890370 2.502600 -0.653431
v -0.890370 2.502600 0.653431
v -0.888786 0.127575 1.211067
v -0.888786 0.127575 -1.211067
v -0.879477 0.105600 -1.198382
v -0.879477 0.105600 1.198382
v -0.879195 2.435437 -1.197997
v -0.879195 2.435437 1.197997
v -0.877772 1.471200 -1.687137
v -0.877772 1.471200 1.687137
v -0.875920 0.553725 -1.683577
v -0.875920 0.553725 1.683577
v -0.866886 2.463000 -1.181225
v -0.866886 2.463000 1.181225
v -0.863501 2.527200 -0.449256
v -0.863501 2.527200 0.449256
v -0.858407 0.084525 -1.169673
v -0.858407 0.084525 1.169673
v -0.855408 2.474400 -0.855408
v -0.855408 2.474400 0.855408
v -0.854666 2.482687 -1.164574
v -0.854666 2.482687 1.164574
v -0.853583 1.621875 -1.640643
v -0.853583 1.621875 1.640643
v -0.847506 0.018225 -0.440935
v -0.847506 0.018225 0.440935
v -0.844439 0.463200 1.623068
v -0.844439 0.463200 -1.623068
v -0.843248 2.494500 -1.149016
v -0.843248 2.494500 1.149016
v -0.833344 2.498438 -1.135521
v -0.833344 2.498438 1.135521
v -0.831488 2.400000 -1.132992
v -0.831488 2.400000 1.132992
v -0.825921 1.774800 1.587475
v -0.825921 1.774800 -1.587475
v -0.825668 2.494500 -1.125061
v -0.825668 2.494500 1.125061
v -0.825000 2.550000 0.000000
v -0.825000 2.550000 0.000000
v -0.823129 2.435437 -1.121601
v -0.823129 2.435437 1.121601
v -0.821035 0.064800 1.118749
v -0.821035 0.064800 -1.118749
v -0.820931 2.482687 1.118607
v -0.820931 2.482687 -1.118607
v -0.819847 2.463000 -1.117130
v -0.819847 2.463000 1.117130
v -0.814374 2.550000 -0.135366
v -0.814374 2.550000 0.135366
v -0.811956 0.031200 0.811956
v -0.811956 0.031200 -0.811956
v -0.810180 0.384375 1.557220
v -0.810180 0.384375 -1.557220
v -0.795481 1.929525 1.528968
v -0.795481 1.929525 -1.528968
v -0.785325 2.527200 -0.576340
v -0.785325 2.527200 0.576340
v -0.783552 2.550000 -0.263208
v -0.783552 2.550000 0.263208
v -0.781142 2.502600 -0.781142
v -0.781142 2.502600 0.781142
v -0.775921 0.316800 -1.491372
v -0.775921 0.316800 1.491372
v -0.772096 2.400000 -1.052064
v -0.772096 2.400000 1.052064
v -0.770779 0.018225 0.565664
v -0.770779 0.018225 -0.565664
v -0.762958 2.085600 -1.466456
v -0.762958 2.085600 1.466456
v -0.762816 0.046875 -1.039419
v -0.762816 0.046875 1.039419
v -0.757010 2.440800 1.031508
v -0.757010 2.440800 -1.031508
v -0.744440 0.260025 1.430863
v -0.744440 0.260025 -1.430863
v -0.734118 2.550000 -0.381942
v -0.734118 2.550000 0.381942
v -0.729046 2.242575 -1.401276
v -0.729046 2.242575 1.401276
v -0.718514 0.213600 1.381032
v -0.718514 0.213600 -1.381032
v -0.715555 2.474400 -0.975021
v -0.715555 2.474400 0.975021
v -0.703200 0.008400 0.000000
v -0.700921 0.177075 1.347218
v -0.700921 0.177075 -1.347218
v -0.694440 0.150000 -1.334760
v -0.694440 0.150000 1.334760
v -0.694440 2.400000 1.334760
v -0.694440 0.150000 1.334760
v -0.694440 2.400000 -1.334760
v -0.694440 0.150000 -1.334760
v -0.694143 0.008400 -0.115381
v -0.694143 0.008400 0.115381
v -0.692808 0.127575 1.331623
v -0.692808 0.127575 -1.331623
v -0.688984 2.527200 -0.688984
v -0.688984 2.527200 0.688984
v -0.685551 0.105600 -1.317675
v -0.685551 0.105600 1.317675
v -0.685331 2.435437 -1.317252
v -0.685331 2.435437 1.317252
v -0.679207 0.031200 -0.925493
v -0.679207 0.031200 0.925493
v -0.676222 0.018225 0.676222
v -0.676222 0.018225 -0.676222
v -0.675736 2.463000 -1.298810
v -0.675736 2.463000 1.298810
v -0.673600 2.572800 0.000000
v -0.673600 2.572800 0.000000
v -0.669128 0.084525 -1.286108
v -0.669128 0.084525 1.286108
v -0.667871 0.008400 -0.224349
v -0.667871 0.008400 0.224349
v -0.667656 2.550000 -0.489984
v -0.667656 2.550000 0.489984
v -0.666211 2.482687 1.280502
v -0.666211 2.482687 -1.280502
v -0.664924 2.572800 -0.110524
v -0.664924 2.572800 0.110524
v -0.657311 2.494500 -1.263395
v -0.657311 2.494500 1.263395
v -0.653431 2.502600 -0.890370
v -0.653431 2.502600 0.890370
v -0.649591 2.498438 -1.248557
v -0.649591 2.498438 1.248557
v -0.648144 2.400000 -1.245776
v -0.648144 2.400000 1.245776
v -0.643607 2.494500 -1.237056
v -0.643607 2.494500 1.237056
v -0.641628 2.435437 -1.233252
v -0.641628 2.435437 1.233252
v -0.639996 0.064800 -1.230115
v -0.639996 0.064800 1.230115
v -0.639915 2.482687 1.229959
v -0.639915 2.482687 -1.229959
v -0.639758 2.572800 -0.214905
v -0.639758 2.572800 0.214905
v -0.639070 2.463000 -1.228335
v -0.639070 2.463000 1.228335
v -0.638080 0.900000 -1.899520
v -0.638080 0.900000 -1.899520
v -0.638080 0.900000 1.899520
v -0.638080 0.900000 1.899520
v -0.635767 1.037175 -1.892634
v -0.635767 1.037175 1.892634
v -0.633613 0.771675 -1.886223
v -0.633613 0.771675 1.886223
v -0.629147 1.178400 -1.872927
v -0.629147 1.178400 1.872927
v -0.625735 0.008400 0.325553
v -0.625735 0.008400 -0.325553
v -0.621490 0.656400 -1.850132
v -0.621490 0.656400 1.850132
v -0.618698 1.323225 -1.841822
v -0.618698 1.323225 1.841822
v -0.604900 1.471200 -1.800745
v -0.604900 1.471200 1.800745
v -0.603624 0.553725 -1.796946
v -0.603624 0.553725 1.796946
v -0.601848 2.400000 -1.156792
v -0.601848 2.400000 1.156792
v -0.599396 2.572800 -0.311850
v -0.599396 2.572800 0.311850
v -0.594614 0.046875 -1.142888
v -0.594614 0.046875 1.142888
v -0.590089 2.440800 1.134190
v -0.590089 2.440800 -1.134190
v -0.588230 1.621875 -1.751120
v -0.588230 1.621875 1.751120
v -0.585750 2.550000 -0.585750
v -0.585750 2.550000 0.585750
v -0.581929 0.463200 -1.732362
v -0.581929 0.463200 1.732362
v -0.576340 2.527200 -0.785325
v -0.576340 2.527200 0.785325
v -0.569167 1.774800 -1.694372
v -0.569167 1.774800 1.694372
v -0.569086 0.008400 -0.417645
v -0.569086 0.008400 0.417645
v -0.565664 0.018225 0.770779
v -0.565664 0.018225 -0.770779
v -0.558320 0.384375 -1.662080
v -0.558320 0.384375 1.662080
v -0.557774 2.474400 -1.072079
v -0.557774 2.474400 1.072079
v -0.548190 1.929525 -1.631925
v -0.548190 1.929525 1.631925
v -0.545131 2.572800 -0.400065
v -0.545131 2.572800 0.400065
v -0.534711 0.316800 -1.591798
v -0.534711 0.316800 1.591798
v -0.529441 0.031200 -1.017621
v -0.529441 0.031200 1.017621
v -0.525800 2.597400 0.000000
v -0.525800 2.597400 0.000000
v -0.525778 2.085600 -1.565204
v -0.525778 2.085600 1.565204
v -0.519028 2.597400 0.086273
v -0.519028 2.597400 -0.086273
v -0.513016 0.260025 -1.527214
v -0.513016 0.260025 1.527214
v -0.509349 2.502600 0.979002
v -0.509349 2.502600 -0.979002
v -0.502408 2.242575 -1.495635
v -0.502408 2.242575 1.495635
v -0.499384 2.597400 -0.167751
v -0.499384 2.597400 0.167751
v -0.499272 0.008400 -0.499272
v -0.499272 0.008400 0.499272
v -0.495150 0.213600 -1.474028
v -0.495150 0.213600 1.474028
v -0.489984 2.550000 -0.667656
v -0.489984 2.550000 0.667656
v -0.483027 0.177075 -1.437937
v -0.483027 0.177075 1.437937
v -0.478560 0.150000 1.424640
v -0.478560 2.400000 -1.424640
v -0.478560 0.150000 -1.424640
v -0.478560 0.150000 -1.424640
v -0.478560 0.150000 1.424640
v -0.478560 2.400000 1.424640
v -0.478256 2.572800 -0.478256
v -0.478256 2.572800 0.478256
v -0.477435 0.127575 1.421292
v -0.477435 0.127575 -1.421292
v -0.472434 0.105600 1.406405
v -0.472434 0.105600 -1.406405
v -0.472283 2.435437 -1.405953
v -0.472283 2.435437 1.405953
v -0.467878 2.597400 -0.243424
v -0.467878 2.597400 0.243424
v -0.465671 2.463000 -1.386270
v -0.465671 2.463000 1.386270
v -0.461116 0.084525 1.372712
v -0.461116 0.084525 -1.372712
v -0.459107 2.482687 -1.366728
v -0.459107 2.482687 1.366728
v -0.452973 2.494500 -1.348469
v -0.452973 2.494500 1.348469
v -0.449256 2.527200 -0.863501
v -0.449256 2.527200 0.863501
v -0.447653 2.498438 -1.332632
v -0.447653 2.498438 1.332632
v -0.446656 2.400000 -1.329664
v -0.446656 2.400000 1.329664
v -0.443529 2.494500 -1.320356
v -0.443529 2.494500 1.320356
v -0.442166 2.435437 -1.316296
v -0.442166 2.435437 1.316296
v -0.441041 0.064800 1.312948
v -0.441041 0.064800 -1.312948
v -0.440985 2.482687 -1.312782
v -0.440985 2.482687 1.312782
v -0.440935 0.018225 0.847506
v -0.440935 0.018225 -0.847506
v -0.440403 2.463000 -1.311049
v -0.440403 2.463000 1.311049
v -0.425519 2.597400 0.312283
v -0.425519 2.597400 -0.312283
v -0.417645 0.008400 -0.569086
v -0.417645 0.008400 0.569086
v -0.414752 2.400000 -1.234688
v -0.414752 2.400000 1.234688
v -0.409767 0.046875 1.219848
v -0.409767 0.046875 -1.219848
v -0.406648 2.440800 -1.210564
v -0.406648 2.440800 1.210564
v -0.400065 2.572800 -0.545131
v -0.400065 2.572800 0.545131
v -0.391200 2.625600 0.000000
v -0.391200 2.625600 0.000000
v -0.388275 0.002175 -0.000000
v -0.388275 0.002175 0.000000
v -0.386161 2.625600 -0.064188
v -0.386161 2.625600 0.064188
v -0.384379 2.474400 -1.144271
v -0.384379 2.474400 1.144271
v -0.383274 0.002175 -0.063708
v -0.383274 0.002175 0.063708
v -0.381942 2.550000 -0.734118
v -0.381942 2.550000 0.734118
v -0.373318 2.597400 -0.373318
v -0.373318 2.597400 0.373318
v -0.371546 2.625600 -0.124808
v -0.371546 2.625600 0.124808
v -0.368768 0.002175 -0.123875
v -0.368768 0.002175 0.123875
v -0.364854 0.031200 1.086146
v -0.364854 0.031200 -1.086146
v -0.358400 3.034800 0.000000
v -0.358400 3.034800 0.000000
v -0.358200 3.081150 0.000000
v -0.358200 3.081150 0.000000
v -0.353807 3.034800 -0.059016
v -0.353807 3.034800 0.059016
v -0.353610 3.081150 -0.058988
v -0.353610 3.081150 0.058988
v -0.351008 2.502600 -1.044926
v -0.351008 2.502600 1.044926
v -0.348105 2.625600 -0.181110
v -0.348105 2.625600 0.181110
v -0.345503 0.002175 -0.179756
v -0.345503 0.002175 0.179756
v -0.340477 3.034800 -0.114676
v -0.340477 3.034800 0.114676
v -0.340289 3.081150 -0.114619
v -0.340289 3.081150 0.114619
v -0.328160 0.900000 -1.974240
v -0.328160 0.900000 1.974240
v -0.328160 0.900000 1.974240
v -0.326970 1.037175 -1.967083
v -0.326970 1.037175 1.967083
v -0.325863 0.771675 -1.960420
v -0.325863 0.771675 1.960420
v -0.325553 0.008400 -0.625735
v -0.325553 0.008400 0.625735
v -0.325000 2.981250 0.000000
v -0.325000 2.981250 0.000000
v -0.323566 1.178400 -1.946601
v -0.323566 1.178400 1.946601
v -0.320834 2.981250 -0.053508
v -0.320834 2.981250 0.053508
v -0.319628 0.656400 -1.922910
v -0.319628 0.656400 1.922910
v -0.319082 3.034800 -0.166306
v -0.319082 3.034800 0.166306
v -0.318907 3.081150 -0.166221
v -0.318907 3.081150 0.166221
v -0.318192 1.323225 -1.914272
v -0.318192 1.323225 1.914272
v -0.316590 2.625600 -0.232342
v -0.316590 2.625600 0.232342
v -0.314223 0.002175 -0.230604
v -0.314223 0.002175 0.230604
v -0.312283 2.597400 -0.425519
v -0.312283 2.597400 0.425519
v -0.311850 2.572800 -0.599396
v -0.311850 2.572800 0.599396
v -0.311096 1.471200 -1.871580
v -0.311096 1.471200 1.871580
v -0.310439 0.553725 -1.867631
v -0.310439 0.553725 1.867631
v -0.309596 2.527200 -0.921647
v -0.309596 2.527200 0.921647
v -0.308800 3.117600 0.000000
v -0.308800 3.117600 0.000000
v -0.308744 2.981250 -0.103976
v -0.308744 2.981250 0.103976
v -0.304843 3.117600 -0.050855
v -0.304843 3.117600 0.050855
v -0.303862 0.018225 0.904575
v -0.303862 0.018225 -0.904575
v -0.302523 1.621875 -1.820003
v -0.302522 1.621875 1.820003
v -0.299282 0.463200 -1.800507
v -0.299282 0.463200 1.800507
v -0.293360 3.117600 -0.098814
v -0.293360 3.117600 0.098814
v -0.292719 1.774800 -1.761022
v -0.292719 1.774800 1.761022
v -0.290295 3.034800 -0.213234
v -0.290295 3.034800 0.213234
v -0.290138 3.081150 -0.213123
v -0.290138 3.081150 0.213123
v -0.289340 2.981250 -0.150793
v -0.289340 2.981250 0.150793
v -0.287140 0.384375 -1.727460
v -0.287140 0.384375 1.727460
v -0.281930 1.929525 1.696119
v -0.281930 1.929525 -1.696119
v -0.279400 2.659200 0.000000
v -0.277752 2.625600 -0.277752
v -0.277752 2.625600 0.277752
v -0.275801 2.659200 -0.045844
v -0.275801 2.659200 0.045844
v -0.275675 0.002175 -0.275675
v -0.275675 0.002175 0.275675
v -0.274998 0.316800 -1.654413
v -0.274998 0.316800 1.654413
v -0.274928 3.117600 -0.143301
v -0.274928 3.117600 0.143301
v -0.273600 2.923200 0.000000
v -0.273600 2.923200 0.000000
v -0.270404 2.085600 -1.626774
v -0.270404 2.085600 1.626774
v -0.270092 2.923200 -0.045032
v -0.270092 2.923200 0.045032
v -0.265363 2.659200 -0.089140
v -0.265363 2.659200 0.089140
v -0.263841 0.260025 1.587289
v -0.263841 0.260025 -1.587289
v -0.263232 2.981250 -0.193348
v -0.263232 2.981250 0.193348
v -0.263208 2.550000 -0.783552
v -0.263208 2.550000 0.783552
v -0.259910 2.923200 -0.087511
v -0.259910 2.923200 0.087511
v -0.258385 2.242575 -1.554467
v -0.258385 2.242575 1.554467
v -0.254788 3.034800 -0.254788
v -0.254788 3.034800 0.254788
v -0.254653 3.081150 -0.254653
v -0.254653 3.081150 0.254653
v -0.254652 0.213600 -1.532010
v -0.254652 0.213600 1.532010
v -0.250127 3.117600 -0.183734
v -0.250127 3.117600 0.183734
v -0.248621 2.659200 0.129351
v -0.248621 2.659200 -0.129351
v -0.248417 0.177075 -1.494500
v -0.248417 0.177075 1.494500
v -0.246120 0.150000 1.480680
v -0.246120 2.400000 -1.480680
v -0.246120 0.150000 -1.480680
v -0.246120 0.150000 -1.480680
v -0.246120 0.150000 1.480680
v -0.246120 2.400000 1.480680
v -0.245542 0.127575 1.477200
v -0.245542 0.127575 -1.477200
v -0.243569 2.923200 -0.126920
v -0.243569 2.923200 0.126920
v -0.243424 2.597400 0.467878
v -0.243424 2.597400 -0.467878
v -0.242970 0.105600 1.461727
v -0.242970 0.105600 -1.461727
v -0.242892 2.435437 -1.461258
v -0.242892 2.435437 1.461258
v -0.239491 2.463000 -1.440800
v -0.239491 2.463000 1.440800
v -0.237149 0.084525 1.426709
v -0.237149 0.084525 -1.426709
v -0.236115 2.482687 -1.420490
v -0.236115 2.482687 1.420490
v -0.232961 2.494500 -1.401513
v -0.232961 2.494500 1.401513
v -0.232342 2.625600 -0.316590
v -0.232342 2.625600 0.316590
v -0.231031 2.981250 -0.231031
v -0.231031 2.981250 0.231031
v -0.230604 0.002175 -0.314223
v -0.230604 0.002175 0.314223
v -0.230225 2.498438 -1.385053
v -0.230225 2.498438 1.385053
v -0.229712 2.400000 -1.381968
v -0.229712 2.400000 1.381968
v -0.228104 2.494500 -1.372294
v -0.228104 2.494500 1.372294
v -0.227403 2.435437 -1.368074
v -0.227403 2.435437 1.368074
v -0.226824 0.064800 1.364595
v -0.226824 0.064800 -1.364595
v -0.226795 2.482687 1.364422
v -0.226795 2.482687 -1.364422
v -0.226496 2.463000 -1.362620
v -0.226496 2.463000 1.362620
v -0.226113 2.659200 -0.165941
v -0.226113 2.659200 0.165941
v -0.224349 0.008400 0.667871
v -0.224349 0.008400 -0.667871
v -0.221585 2.923200 -0.162745
v -0.221585 2.923200 0.162745
v -0.219800 2.863350 0.000000
v -0.219800 2.863350 0.000000
v -0.219536 3.117600 -0.219536
v -0.219536 3.117600 0.219536
v -0.216979 2.863350 0.036157
v -0.216979 2.863350 -0.036157
v -0.214905 2.572800 -0.639758
v -0.214905 2.572800 0.639758
v -0.213304 2.400000 -1.283256
v -0.213304 2.400000 1.283256
v -0.213234 3.034800 -0.290295
v -0.213234 3.034800 0.290295
v -0.213123 3.081150 -0.290138
v -0.213123 3.081150 0.290138
v -0.210740 0.046875 -1.267832
v -0.210740 0.046875 1.267832
v -0.209136 2.440800 -1.258183
v -0.209136 2.440800 1.258183
v -0.208794 2.863350 0.070270
v -0.208794 2.863350 -0.070270
v -0.200000 2.700000 0.000000
v -0.200000 2.700000 0.000000
v -0.200000 2.700000 0.000000
v -0.200000 2.700000 0.000000
v -0.198374 2.659200 -0.198374
v -0.198374 2.659200 0.198374
v -0.197684 2.474400 -1.189282
v -0.197684 2.474400 1.189282
v -0.197424 2.700000 -0.032816
v -0.197424 2.700000 0.032816
v -0.197424 2.700000 0.032816
v -0.197424 2.700000 -0.032816
v -0.195658 2.863350 -0.101925
v -0.195658 2.863350 0.101925
v -0.194600 3.141450 0.000000
v -0.194600 3.141450 0.000000
v -0.194472 2.923200 -0.194472
v -0.194472 2.923200 0.194472
v -0.193348 2.981250 -0.263232
v -0.193348 2.981250 0.263232
v -0.192107 3.141450 -0.032048
v -0.192107 3.141450 0.032048
v -0.189952 2.700000 -0.063808
v -0.189952 2.700000 0.063808
v -0.189952 2.700000 0.063808
v -0.189952 2.700000 -0.063808
v -0.187642 0.031200 1.128870
v -0.187642 0.031200 -1.128870
v -0.184870 3.141450 -0.062272
v -0.184870 3.141450 0.062272
v -0.183734 3.117600 -0.250127
v -0.183734 3.117600 0.250127
v -0.181110 2.625600 0.348105
v -0.181110 2.625600 -0.348105
v -0.180521 2.502600 -1.086029
v -0.180521 2.502600 1.086029
v -0.179756 0.002175 -0.345503
v -0.179756 0.002175 0.345503
v -0.179200 2.804400 0.000000
v -0.179200 2.804400 0.000000
v -0.177989 2.863350 -0.130707
v -0.177989 2.863350 0.130707
v -0.177968 2.700000 -0.092592
v -0.177968 2.700000 0.092592
v -0.177968 2.700000 0.092592
v -0.177968 2.700000 -0.092592
v -0.176897 2.804400 0.029450
v -0.176897 2.804400 -0.029450
v -0.173255 3.141450 -0.090306
v -0.173255 3.141450 0.090306
v -0.170215 2.804400 0.057246
v -0.170215 2.804400 -0.057246
v -0.167751 2.597400 -0.499384
v -0.167751 2.597400 0.499384
v -0.167400 2.749050 0.000000
v -0.167400 2.749050 0.000000
v -0.166306 3.034800 -0.319082
v -0.166306 3.034800 0.319082
v -0.166221 3.081150 0.318907
v -0.166221 3.081150 -0.318907
v -0.165941 2.659200 -0.226113
v -0.165941 2.659200 0.226113
v -0.165245 2.749050 0.027480
v -0.165245 2.749050 -0.027480
v -0.162745 2.923200 -0.221585
v -0.162745 2.923200 0.221585
v -0.161856 2.700000 -0.118784
v -0.161856 2.700000 0.118784
v -0.161856 2.700000 0.118784
v -0.161856 2.700000 -0.118784
v -0.159496 2.804400 0.083047
v -0.159496 2.804400 -0.083047
v -0.159223 2.527200 -0.957901
v -0.159223 2.527200 0.957901
v -0.158995 2.749050 0.053428
v -0.158995 2.749050 -0.053428
v -0.157626 3.141450 -0.115787
v -0.157626 3.141450 0.115787
v -0.156274 0.018225 0.940158
v -0.156274 0.018225 -0.940158
v -0.156200 2.863350 -0.156200
v -0.156200 2.863350 0.156200
v -0.150793 2.981250 -0.289340
v -0.150793 2.981250 0.289340
v -0.148969 2.749050 0.077523
v -0.148969 2.749050 -0.077523
v -0.145078 2.804400 0.106513
v -0.145078 2.804400 -0.106513
v -0.143301 3.117600 -0.274928
v -0.143301 3.117600 0.274928
v -0.142000 2.700000 -0.142000
v -0.142000 2.700000 0.142000
v -0.142000 2.700000 0.142000
v -0.142000 2.700000 -0.142000
v -0.138348 3.141450 -0.138348
v -0.138348 3.141450 0.138348
v -0.135489 2.749050 0.099446
v -0.135489 2.749050 -0.099446
v -0.135366 2.550000 -0.814374
v -0.135366 2.550000 0.814374
v -0.130707 2.863350 -0.177989
v -0.130707 2.863350 0.177989
v -0.129351 2.659200 0.248621
v -0.129351 2.659200 -0.248621
v -0.127304 2.804400 0.127304
v -0.127304 2.804400 -0.127304
v -0.126920 2.923200 -0.243569
v -0.126920 2.923200 0.243569
v -0.124808 2.625600 -0.371546
v -0.124808 2.625600 0.371546
v -0.123875 0.002175 0.368768
v -0.123875 0.002175 -0.368768
v -0.118874 2.749050 0.118874
v -0.118874 2.749050 -0.118874
v -0.118784 2.700000 -0.161856
v -0.118784 2.700000 0.161856
v -0.118784 2.700000 0.161856
v -0.118784 2.700000 -0.161856
v -0.115787 3.141450 -0.157626
v -0.115787 3.141450 0.157626
v -0.115381 0.008400 0.694143
v -0.115381 0.008400 -0.694143
v -0.114676 3.034800 -0.340477
v -0.114676 3.034800 0.340477
v -0.114619 3.081150 -0.340289
v -0.114619 3.081150 0.340289
v -0.110524 2.572800 -0.664924
v -0.110524 2.572800 0.664924
v -0.106513 2.804400 -0.145078
v -0.106513 2.804400 0.145078
v -0.103976 2.981250 -0.308744
v -0.103976 2.981250 0.308744
v -0.101925 2.863350 -0.195658
v -0.101925 2.863350 0.195658
v -0.099446 2.749050 0.135489
v -0.099446 2.749050 -0.135489
v -0.098814 3.117600 -0.293360
v -0.098814 3.117600 0.293360
v -0.092592 2.700000 -0.177968
v -0.092592 2.700000 0.177968
v -0.092592 2.700000 -0.177968
v -0.092592 2.700000 0.177968
v -0.090306 3.141450 -0.173255
v -0.090306 3.141450 0.173255
v -0.089140 2.659200 -0.265363
v -0.089140 2.659200 0.265363
v -0.087511 2.923200 -0.259910
v -0.087511 2.923200 0.259910
v -0.086273 2.597400 -0.519028
v -0.086273 2.597400 0.519028
v -0.083047 2.804400 -0.159496
v -0.083047 2.804400 0.159496
v -0.077523 2.749050 -0.148969
v -0.077523 2.749050 0.148969
v -0.070270 2.863350 -0.208794
v -0.070270 2.863350 0.208794
v -0.064188 2.625600 -0.386161
v -0.064188 2.625600 0.386161
v -0.063808 2.700000 -0.189952
v -0.063808 2.700000 0.189952
v -0.063808 2.700000 -0.189952
v -0.063808 2.700000 0.189952
v -0.063708 0.002175 0.383274
v -0.063708 0.002175 -0.383274
v -0.062272 3.141450 -0.184870
v -0.062272 3.141450 0.184870
v -0.059016 3.034800 -0.353807
v -0.059016 3.034800 0.353807
v -0.058988 3.081150 -0.353610
v -0.058988 3.081150 0.353610
v -0.057246 2.804400 -0.170215
v -0.057246 2.804400 0.170215
v -0.053508 2.981250 -0.320834
v -0.053508 2.981250 0.320834
v -0.053428 2.749050 -0.158995
v -0.053428 2.749050 0.158995
v -0.050855 3.117600 -0.304843
v -0.050855 3.117600 0.304843
v -0.045844 2.659200 -0.275801
v -0.045844 2.659200 0.275801
v -0.045032 2.923200 -0.270092
v -0.045032 2.923200 0.270092
v -0.036157 2.863350 -0.216979
v -0.036157 2.863350 0.216979
v -0.032816 2.700000 -0.197424
v -0.032816 2.700000 0.197424
v -0.032816 2.700000 -0.197424
v -0.032816 2.700000 0.197424
v -0.032048 3.141450 -0.192107
v -0.032048 3.141450 0.192107
v -0.029450 2.804400 -0.176897
v -0.029450 2.804400 0.176897
v -0.027480 2.749050 -0.165245
v -0.027480 2.749050 0.165245
v -0.000000 0.260025 1.608000
v -0.000000 1.929525 1.718250
v -0.000000 2.085600 -1.648000
v -0.000000 0.656400 -1.948000
v -0.000000 0.771675 -1.986000
v -0.000000 2.482687 1.382225
v -0.000000 2.700000 -0.200000
v -0.000000 0.127575 1.496475
v -0.000000 2.474400 -1.204800
v -0.000000 2.749050 -0.167400
v -0.000000 0.018225 0.952425
v -0.000000 0.046875 -1.284375
v -0.000000 0.064800 1.382400
v -0.000000 0.384375 1.750000
v -0.000000 0.463200 1.824000
v -0.000000 0.553725 -1.892000
v -0.000000 1.037175 1.992750
v -0.000000 1.178400 1.972000
v -0.000000 1.323225 -1.939250
v -0.000000 1.621875 -1.843750
v -0.000000 1.774800 1.784000
v -0.000000 2.400000 -1.300000
v -0.000000 2.435437 -1.480325
v -0.000000 2.435437 -1.385925
v -0.000000 2.463000 -1.459600
v -0.000000 2.463000 -1.380400
v -0.000000 2.494500 -1.390200
v -0.000000 2.502600 -1.100200
v -0.000000 2.804400 -0.179200
v -0.000000 2.863350 -0.219800
v -0.000000 2.572800 -0.673600
v -0.000000 0.105600 1.480800
v -0.000000 0.177075 -1.514000
v -0.000000 2.494500 -1.419800
v -0.000000 2.527200 -0.970400
v -0.000000 2.923200 -0.273600
v -0.000000 3.117600 -0.308800
v -0.000000 2.597400 -0.525800
v -0.000000 2.700000 -0.200000
v -0.000000 2.981250 -0.325000
v -0.000000 3.141450 -0.194600
v -0.000000 0.002175 0.388275
v -0.000000 3.081150 -0.358200
v 0.000000 0.000000 0.000000
v 0.000000 0.002175 -0.388275
v 0.000000 0.002175 0.388275
v 0.000000 0.008400 -0.703200
v 0.000000 0.008400 0.703200
v 0.000000 0.018225 -0.952425
v 0.000000 0.018225 0.952425
v 0.000000 0.031200 -1.143600
v 0.000000 0.031200 -1.143600
v 0.000000 0.031200 1.143600
v 0.000000 0.031200 1.143600
v 0.000000 0.046875 -1.284375
v 0.000000 0.046875 1.284375
v 0.000000 0.064800 -1.382400
v 0.000000 0.064800 1.382400
v 0.000000 0.084525 -1.445325
v 0.000000 0.084525 -1.445325
v 0.000000 0.084525 1.445325
v 0.000000 0.084525 1.445325
v 0.000000 0.105600 -1.480800
v 0.000000 0.105600 1.480800
v 0.000000 0.127575 -1.496475
v 0.000000 0.127575 1.496475
v 0.000000 0.150000 -1.500000
v 0.000000 0.150000 -1.500000
v 0.000000 0.150000 1.500000
v 0.000000 0.150000 1.500000
v 0.000000 0.177075 -1.514000
v 0.000000 0.177075 1.514000
v 0.000000 0.213600 -1.552000
v 0.000000 0.213600 -1.552000
v 0.000000 0.213600 1.552000
v 0.000000 0.213600 1.552000
v 0.000000 0.260025 -1.608000
v 0.000000 0.260025 1.608000
v 0.000000 0.316800 -1.676000
v 0.000000 0.316800 -1.676000
v 0.000000 0.316800 1.676000
v 0.000000 0.316800 1.676000
v 0.000000 0.384375 -1.750000
v 0.000000 0.384375 1.750000
v 0.000000 0.463200 -1.824000
v 0.000000 0.463200 1.824000
v 0.000000 0.553725 -1.892000
v 0.000000 0.553725 1.892000
v 0.000000 0.656400 -1.948000
v 0.000000 0.656400 1.948000
v 0.000000 0.771675 -1.986000
v 0.000000 0.771675 1.986000
v 0.000000 0.900000 -2.000000
v 0.000000 0.900000 -2.000000
v 0.000000 0.900000 2.000000
v 0.000000 0.900000 2.000000
v 0.000000 1.037175 -1.992750
v 0.000000 1.037175 1.992750
v 0.000000 1.178400 -1.972000
v 0.000000 1.178400 1.972000
v 0.000000 1.323225 -1.939250
v 0.000000 1.323225 1.939250
v 0.000000 1.471200 -1.896000
v 0.000000 1.471200 -1.896000
v 0.000000 1.471200 1.896000
v 0.000000 1.471200 1.896000
v 0.000000 1.621875 -1.843750
v 0.000000 1.621875 1.843750
v 0.000000 1.774800 -1.784000
v 0.000000 1.774800 1.784000
v 0.000000 1.929525 -1.718250
v 0.000000 1.929525 1.718250
v 0.000000 2.085600 -1.648000
v 0.000000 2.085600 1.648000
v 0.000000 2.242575 -1.574750
v 0.000000 2.242575 -1.574750
v 0.000000 2.242575 1.574750
v 0.000000 2.242575 1.574750
v 0.000000 2.400000 -1.500000
v 0.000000 2.400000 -1.500000
v 0.000000 2.400000 -1.400000
v 0.000000 2.400000 -1.400000
v 0.000000 2.400000 -1.300000
v 0.000000 2.400000 1.300000
v 0.000000 2.400000 1.400000
v 0.000000 2.400000 1.400000
v 0.000000 2.400000 1.500000
v 0.000000 2.400000 1.500000
v 0.000000 2.435437 -1.480325
v 0.000000 2.435437 -1.385925
v 0.000000 2.435437 1.385925
v 0.000000 2.435437 1.480325
v 0.000000 2.440800 -1.274600
v 0.000000 2.440800 -1.274600
v 0.000000 2.440800 1.274600
v 0.000000 2.440800 1.274600
v 0.000000 2.463000 -1.459600
v 0.000000 2.463000 -1.380400
v 0.000000 2.463000 1.380400
v 0.000000 2.463000 1.459600
v 0.000000 2.474400 -1.204800
v 0.000000 2.474400 1.204800
v 0.000000 2.482687 -1.439025
v 0.000000 2.482687 -1.382225
v 0.000000 2.482687 1.382225
v 0.000000 2.482687 1.439025
v 0.000000 2.494500 -1.419800
v 0.000000 2.494500 -1.390200
v 0.000000 2.494500 1.390200
v 0.000000 2.494500 1.419800
v 0.000000 2.498438 -1.403125
v 0.000000 2.498438 -1.403125
v 0.000000 2.498438 1.403125
v 0.000000 2.498438 1.403125
v 0.000000 2.502600 -1.100200
v 0.000000 2.502600 1.100200
v 0.000000 2.527200 -0.970400
v 0.000000 2.527200 0.970400
v 0.000000 2.550000 -0.825000
v 0.000000 2.550000 -0.825000
v 0.000000 2.550000 0.825000
v 0.000000 2.550000 0.825000
v 0.000000 2.572800 -0.673600
v 0.000000 2.572800 0.673600
v 0.000000 2.597400 -0.525800
v 0.000000 2.597400 0.525800
v 0.000000 2.625600 -0.391200
v 0.000000 2.625600 -0.391200
v 0.000000 2.625600 0.391200
v 0.000000 2.625600 0.391200
v 0.000000 2.659200 -0.279400
v 0.000000 2.659200 0.279400
v 0.000000 2.700000 -0.200000
v 0.000000 2.700000 -0.200000
v 0.000000 2.700000 0.200000
v 0.000000 2.700000 0.200000
v 0.000000 2.749050 -0.167400
v 0.000000 2.749050 0.167400
v 0.000000 2.804400 -0.179200
v 0.000000 2.804400 0.179200
v 0.000000 2.863350 -0.219800
v 0.000000 2.863350 0.219800
v 0.000000 2.923200 -0.273600
v 0.000000 2.923200 0.273600
v 0.000000 2.981250 -0.325000
v 0.000000 2.981250 0.325000
v 0.000000 3.034800 -0.358400
v 0.000000 3.034800 -0.358400
v 0.000000 3.034800 0.358400
v 0.000000 3.034800 0.358400
v 0.000000 3.081150 -0.358200
v 0.000000 3.081150 0.358200
v 0.000000 3.117600 -0.308800
v 0.000000 3.117600 0.308800
v 0.000000 3.141450 -0.194600
v 0.000000 3.141450 0.194600
v 0.000000 3.150000 0.000000
v 0.000000 0.002175 -0.388275
v 0.000000 3.081150 0.358200
v 0.000000 2.597400 0.525800
v 0.000000 2.700000 0.200000
v 0.000000 2.981250 0.325000
v 0.000000 3.141450 0.194600
v 0.000000 3.117600 0.308800
v 0.000000 0.105600 -1.480800
v 0.000000 0.177075 1.514000
v 0.000000 2.494500 1.419800
v 0.000000 2.527200 0.970400
v 0.000000 2.923200 0.273600
v 0.000000 2.572800 0.673600
v 0.000000 2.863350 0.219800
v 0.000000 0.018225 -0.952425
v 0.000000 0.046875 1.284375
v 0.000000 0.064800 -1.382400
v 0.000000 0.384375 -1.750000
v 0.000000 0.463200 -1.824000
v 0.000000 0.553725 1.892000
v 0.000000 1.037175 -1.992750
v 0.000000 1.178400 -1.972000
v 0.000000 1.323225 1.939250
v 0.000000 1.621875 1.843750
v 0.000000 1.774800 -1.784000
v 0.000000 2.400000 1.300000
v 0.000000 2.435437 1.385925
v 0.000000 2.435437 1.480325
v 0.000000 2.463000 1.380400
v 0.000000 2.463000 1.459600
v 0.000000 2.494500 1.390200
v 0.000000 2.502600 1.100200
v 0.000000 2.804400 0.179200
v 0.000000 2.749050 0.167400
v 0.000000 0.127575 -1.496475
v 0.000000 2.474400 1.204800
v 0.000000 0.656400 1.948000
v 0.000000 0.771675 1.986000
v 0.000000 2.482687 -1.382225
v 0.000000 2.700000 0.200000
v 0.000000 0.260025 -1.608000
v 0.000000 1.929525 -1.718250
v 0.000000 2.085600 1.648000
v 0.027480 2.749050 -0.165245
v 0.027480 2.749050 0.165245
v 0.029450 2.804400 -0.176897
v 0.029450 2.804400 0.176897
v 0.032048 3.141450 -0.192107
v 0.032048 3.141450 0.192107
v 0.032816 2.700000 -0.197424
v 0.032816 2.700000 0.197424
v 0.032816 2.700000 -0.197424
v 0.032816 2.700000 0.197424
v 0.036157 2.863350 -0.216979
v 0.036157 2.863350 0.216979
v 0.045032 2.923200 -0.270092
v 0.045032 2.923200 0.270092
v 0.045844 2.659200 -0.275801
v 0.045844 2.659200 0.275801
v 0.050855 3.117600 -0.304843
v 0.050855 3.117600 0.304843
v 0.053428 2.749050 -0.158995
v 0.053428 2.749050 0.158995
v 0.053508 2.981250 -0.320834
v 0.053508 2.981250 0.320834
v 0.057246 2.804400 -0.170215
v 0.057246 2.804400 0.170215
v 0.058988 3.081150 -0.353610
v 0.058988 3.081150 0.353610
v 0.059016 3.034800 -0.353807
v 0.059016 3.034800 0.353807
v 0.062272 3.141450 -0.184870
v 0.062272 3.141450 0.184870
v 0.063708 0.002175 0.383274
v 0.063708 0.002175 -0.383274
v 0.063808 2.700000 -0.189952
v 0.063808 2.700000 0.189952
v 0.063808 2.700000 -0.189952
v 0.063808 2.700000 0.189952
v 0.064188 2.625600 -0.386161
v 0.064188 2.625600 0.386161
v 0.070270 2.863350 -0.208794
v 0.070270 2.863350 0.208794
v 0.077523 2.749050 -0.148969
v 0.077523 2.749050 0.148969
v 0.083047 2.804400 -0.159496
v 0.083047 2.804400 0.159496
v 0.086273 2.597400 -0.519028
v 0.086273 2.597400 0.519028
v 0.087511 2.923200 -0.259910
v 0.087511 2.923200 0.259910
v 0.089140 2.659200 -0.265363
v 0.089140 2.659200 0.265363
v 0.090306 3.141450 -0.173255
v 0.090306 3.141450 0.173255
v 0.092592 2.700000 -0.177968
v 0.092592 2.700000 0.177968
v 0.092592 2.700000 -0.177968
v 0.092592 2.700000 0.177968
v 0.098814 3.117600 -0.293360
v 0.098814 3.117600 0.293360
v 0.099446 2.749050 0.135489
v 0.099446 2.749050 -0.135489
v 0.101925 2.863350 -0.195658
v 0.101925 2.863350 0.195658
v 0.103976 2.981250 -0.308744
v 0.103976 2.981250 0.308744
v 0.106513 2.804400 -0.145078
v 0.106513 2.804400 0.145078
v 0.110524 2.572800 -0.664924
v 0.110524 2.572800 0.664924
v 0.114619 3.081150 -0.340289
v 0.114619 3.081150 0.340289
v 0.114676 3.034800 -0.340477
v 0.114676 3.034800 0.340477
v 0.115381 0.008400 0.694143
v 0.115381 0.008400 -0.694143
v 0.115787 3.141450 -0.157626
v 0.115787 3.141450 0.157626
v 0.118784 2.700000 0.161856
v 0.118784 2.700000 -0.161856
v 0.118784 2.700000 -0.161856
v 0.118784 2.700000 0.161856
v 0.118874 2.749050 0.118874
v 0.118874 2.749050 -0.118874
v 0.123875 0.002175 0.368768
v 0.123875 0.002175 -0.368768
v 0.124808 2.625600 -0.371546
v 0.124808 2.625600 0.371546
v 0.126920 2.923200 -0.243569
v 0.126920 2.923200 0.243569
v 0.127304 2.804400 0.127304
v 0.127304 2.804400 -0.127304
v 0.129351 2.659200 0.248621
v 0.129351 2.659200 -0.248621
v 0.130707 2.863350 -0.177989
v 0.130707 2.863350 0.177989
v 0.135366 2.550000 -0.814374
v 0.135366 2.550000 0.814374
v 0.135489 2.749050 0.099446
v 0.135489 2.749050 -0.099446
v 0.138348 3.141450 -0.138348
v 0.138348 3.141450 0.138348
v 0.142000 2.700000 0.142000
v 0.142000 2.700000 -0.142000
v 0.142000 2.700000 -0.142000
v 0.142000 2.700000 0.142000
v 0.143301 3.117600 -0.274928
v 0.143301 3.117600 0.274928
v 0.145078 2.804400 0.106513
v 0.145078 2.804400 -0.106513
v 0.148969 2.749050 0.077523
v 0.148969 2.749050 -0.077523
v 0.150793 2.981250 -0.289340
v 0.150793 2.981250 0.289340
v 0.156200 2.863350 -0.156200
v 0.156200 2.863350 0.156200
v 0.156274 0.018225 0.940158
v 0.156274 0.018225 -0.940158
v 0.157626 3.141450 -0.115787
v 0.157626 3.141450 0.115787
v 0.158995 2.749050 0.053428
v 0.158995 2.749050 -0.053428
v 0.159223 2.527200 -0.957901
v 0.159223 2.527200 0.957901
v 0.159496 2.804400 0.083047
v 0.159496 2.804400 -0.083047
v 0.161856 2.700000 0.118784
v 0.161856 2.700000 -0.118784
v 0.161856 2.700000 -0.118784
v 0.161856 2.700000 0.118784
v 0.162745 2.923200 -0.221585
v 0.162745 2.923200 0.221585
v 0.165245 2.749050 0.027480
v 0.165245 2.749050 -0.027480
v 0.165941 2.659200 -0.226113
v 0.165941 2.659200 0.226113
v 0.166221 3.081150 0.318907
v 0.166221 3.081150 -0.318907
v 0.166306 3.034800 -0.319082
v 0.166306 3.034800 0.319082
v 0.167400 2.749050 -0.000000
v 0.167400 2.749050 0.000000
v 0.167751 2.597400 -0.499384
v 0.167751 2.597400 0.499384
v 0.170215 2.804400 0.057246
v 0.170215 2.804400 -0.057246
v 0.173255 3.141450 -0.090306
v 0.173255 3.141450 0.090306
v 0.176897 2.804400 0.029450
v 0.176897 2.804400 -0.029450
v 0.177968 2.700000 0.092592
v 0.177968 2.700000 -0.092592
v 0.177968 2.700000 -0.092592
v 0.177968 2.700000 0.092592
v 0.177989 2.863350 -0.130707
v 0.177989 2.863350 0.130707
v 0.179200 2.804400 -0.000000
v 0.179200 2.804400 0.000000
v 0.179756 0.002175 -0.345503
v 0.179756 0.002175 0.345503
v 0.180521 2.502600 -1.086029
v 0.180521 2.502600 1.086029
v 0.181110 2.625600 0.348105
v 0.181110 2.625600 -0.348105
v 0.183734 3.117600 -0.250127
v 0.183734 3.117600 0.250127
v 0.184870 3.141450 -0.062272
v 0.184870 3.141450 0.062272
v 0.187642 0.031200 1.128870
v 0.187642 0.031200 -1.128870
v 0.189952 2.700000 0.063808
v 0.189952 2.700000 -0.063808
v 0.189952 2.700000 -0.063808
v 0.189952 2.700000 0.063808
v 0.192107 3.141450 -0.032048
v 0.192107 3.141450 0.032048
v 0.193348 2.981250 -0.263232
v 0.193348 2.981250 0.263232
v 0.194472 2.923200 -0.194472
v 0.194472 2.923200 0.194472
v 0.194600 3.141450 0.000000
v 0.194600 3.141450 -0.000000
v 0.195658 2.863350 -0.101925
v 0.195658 2.863350 0.101925
v 0.197424 2.700000 0.032816
v 0.197424 2.700000 -0.032816
v 0.197424 2.700000 -0.032816
v 0.197424 2.700000 0.032816
v 0.197684 2.474400 -1.189282
v 0.197684 2.474400 1.189282
v 0.198374 2.659200 -0.198374
v 0.198374 2.659200 0.198374
v 0.200000 2.700000 -0.000000
v 0.200000 2.700000 0.000000
v 0.200000 2.700000 0.000000
v 0.200000 2.700000 -0.000000
v 0.208794 2.863350 0.070270
v 0.208794 2.863350 -0.070270
v 0.209136 2.440800 -1.258183
v 0.209136 2.440800 1.258183
v 0.210740 0.046875 -1.267832
v 0.210740 0.046875 1.267832
v 0.213123 3.081150 -0.290138
v 0.213123 3.081150 0.290138
v 0.213234 3.034800 -0.290295
v 0.213234 3.034800 0.290295
v 0.213304 2.400000 -1.283256
v 0.213304 2.400000 1.283256
v 0.214905 2.572800 -0.639758
v 0.214905 2.572800 0.639758
v 0.216979 2.863350 0.036157
v 0.216979 2.863350 -0.036157
v 0.219536 3.117600 -0.219536
v 0.219536 3.117600 0.219536
v 0.219800 2.863350 -0.000000
v 0.219800 2.863350 0.000000
v 0.221585 2.923200 -0.162745
v 0.221585 2.923200 0.162745
v 0.224349 0.008400 0.667871
v 0.224349 0.008400 -0.667871
v 0.226113 2.659200 -0.165941
v 0.226113 2.659200 0.165941
v 0.226496 2.463000 -1.362620
v 0.226496 2.463000 1.362620
v 0.226795 2.482687 1.364422
v 0.226795 2.482687 -1.364422
v 0.226824 0.064800 1.364595
v 0.226824 0.064800 -1.364595
v 0.227403 2.435437 -1.368074
v 0.227403 2.435437 1.368074
v 0.228104 2.494500 -1.372294
v 0.228104 2.494500 1.372294
v 0.229712 2.400000 -1.381968
v 0.229712 2.400000 1.381968
v 0.230225 2.498438 -1.385053
v 0.230225 2.498438 1.385053
v 0.230604 0.002175 -0.314223
v 0.230604 0.002175 0.314223
v 0.231031 2.981250 -0.231031
v 0.231031 2.981250 0.231031
v 0.232342 2.625600 -0.316590
v 0.232342 2.625600 0.316590
v 0.232961 2.494500 -1.401513
v 0.232961 2.494500 1.401513
v 0.236115 2.482687 -1.420490
v 0.236115 2.482687 1.420490
v 0.237149 0.084525 1.426709
v 0.237149 0.084525 -1.426709
v 0.239491 2.463000 -1.440800
v 0.239491 2.463000 1.440800
v 0.242892 2.435437 -1.461258
v 0.242892 2.435437 1.461258
v 0.242970 0.105600 1.461727
v 0.242970 0.105600 -1.461727
v 0.243424 2.597400 0.467878
v 0.243424 2.597400 -0.467878
v 0.243569 2.923200 -0.126920
v 0.243569 2.923200 0.126920
v 0.245542 0.127575 1.477200
v 0.245542 0.127575 -1.477200
v 0.246120 0.150000 -1.480680
v 0.246120 2.400000 -1.480680
v 0.246120 0.150000 1.480680
v 0.246120 0.150000 1.480680
v 0.246120 2.400000 1.480680
v 0.246120 0.150000 -1.480680
v 0.248417 0.177075 -1.494500
v 0.248417 0.177075 1.494500
v 0.248621 2.659200 0.129351
v 0.248621 2.659200 -0.129351
v 0.250127 3.117600 -0.183734
v 0.250127 3.117600 0.183734
v 0.254652 0.213600 -1.532010
v 0.254652 0.213600 1.532010
v 0.254653 3.081150 -0.254653
v 0.254653 3.081150 0.254653
v 0.254788 3.034800 -0.254788
v 0.254788 3.034800 0.254788
v 0.258385 2.242575 -1.554467
v 0.258385 2.242575 1.554467
v 0.259910 2.923200 -0.087511
v 0.259910 2.923200 0.087511
v 0.263208 2.550000 -0.783552
v 0.263208 2.550000 0.783552
v 0.263232 2.981250 -0.193348
v 0.263232 2.981250 0.193348
v 0.263841 0.260025 1.587289
v 0.263841 0.260025 -1.587289
v 0.265363 2.659200 -0.089140
v 0.265363 2.659200 0.089140
v 0.270092 2.923200 -0.045032
v 0.270092 2.923200 0.045032
v 0.270404 2.085600 -1.626774
v 0.270404 2.085600 1.626774
v 0.273600 2.923200 -0.000000
v 0.273600 2.923200 0.000000
v 0.274928 3.117600 -0.143301
v 0.274928 3.117600 0.143301
v 0.274998 0.316800 -1.654413
v 0.274998 0.316800 1.654413
v 0.275675 0.002175 -0.275675
v 0.275675 0.002175 0.275675
v 0.275801 2.659200 -0.045844
v 0.275801 2.659200 0.045844
v 0.277752 2.625600 -0.277752
v 0.277752 2.625600 0.277752
v 0.279400 2.659200 0.000000
v 0.281930 1.929525 1.696119
v 0.281930 1.929525 -1.696119
v 0.287140 0.384375 -1.727460
v 0.287140 0.384375 1.727460
v 0.289340 2.981250 -0.150793
v 0.289340 2.981250 0.150793
v 0.290138 3.081150 -0.213123
v 0.290138 3.081150 0.213123
v 0.290295 3.034800 -0.213234
v 0.290295 3.034800 0.213234
v 0.292719 1.774800 -1.761022
v 0.292719 1.774800 1.761022
v 0.293360 3.117600 -0.098814
v 0.293360 3.117600 0.098814
v 0.299282 0.463200 -1.800507
v 0.299282 0.463200 1.800507
v 0.302522 1.621875 -1.820003
v 0.302523 1.621875 1.820003
v 0.303862 0.018225 0.904575
v 0.303862 0.018225 -0.904575
v 0.304843 3.117600 -0.050855
v 0.304843 3.117600 0.050855
v 0.308744 2.981250 -0.103976
v 0.308744 2.981250 0.103976
v 0.308800 3.117600 0.000000
v 0.308800 3.117600 -0.000000
v 0.309596 2.527200 -0.921647
v 0.309596 2.527200 0.921647
v 0.310439 0.553725 -1.867631
v 0.310439 0.553725 1.867631
v 0.311096 1.471200 -1.871580
v 0.311096 1.471200 1.871580
v 0.311850 2.572800 -0.599396
v 0.311850 2.572800 0.599396
v 0.312283 2.597400 -0.425519
v 0.312283 2.597400 0.425519
v 0.314223 0.002175 -0.230604
v 0.314223 0.002175 0.230604
v 0.316590 2.625600 -0.232342
v 0.316590 2.625600 0.232342
v 0.318192 1.323225 -1.914272
v 0.318192 1.323225 1.914272
v 0.318907 3.081150 -0.166221
v 0.318907 3.081150 0.166221
v 0.319082 3.034800 -0.166306
v 0.319082 3.034800 0.166306
v 0.319628 0.656400 -1.922910
v 0.319628 0.656400 1.922910
v 0.320834 2.981250 -0.053508
v 0.320834 2.981250 0.053508
v 0.323566 1.178400 -1.946601
v 0.323566 1.178400 1.946601
v 0.325000 2.981250 0.000000
v 0.325000 2.981250 -0.000000
v 0.325553 0.008400 -0.625735
v 0.325553 0.008400 0.625735
v 0.325863 0.771675 -1.960420
v 0.325863 0.771675 1.960420
v 0.326970 1.037175 -1.967083
v 0.326970 1.037175 1.967083
v 0.328160 0.900000 -1.974240
v 0.328160 0.900000 -1.974240
v 0.328160 0.900000 1.974240
v 0.340289 3.081150 -0.114619
v 0.340289 3.081150 0.114619
v 0.340477 3.034800 -0.114676
v 0.340477 3.034800 0.114676
v 0.345503 0.002175 -0.179756
v 0.345503 0.002175 0.179756
v 0.348105 2.625600 -0.181110
v 0.348105 2.625600 0.181110
v 0.351008 2.502600 -1.044926
v 0.351008 2.502600 1.044926
v 0.353610 3.081150 -0.058988
v 0.353610 3.081150 0.058988
v 0.353807 3.034800 -0.059016
v 0.353807 3.034800 0.059016
v 0.358200 3.081150 -0.000000
v 0.358200 3.081150 0.000000
v 0.358400 3.034800 0.000000
v 0.358400 3.034800 0.000000
v 0.364854 0.031200 1.086146
v 0.364854 0.031200 -1.086146
v 0.368768 0.002175 -0.123875
v 0.368768 0.002175 0.123875
v 0.371546 2.625600 -0.124808
v 0.371546 2.625600 0.124808
v 0.373318 2.597400 -0.373318
v 0.373318 2.597400 0.373318
v 0.381942 2.550000 -0.734118
v 0.381942 2.550000 0.734118
v 0.383274 0.002175 -0.063708
v 0.383274 0.002175 0.063708
v 0.384379 2.474400 -1.144271
v 0.384379 2.474400 1.144271
v 0.386161 2.625600 -0.064188
v 0.386161 2.625600 0.064188
v 0.388275 0.002175 0.000000
v 0.388275 0.002175 0.000000
v 0.391200 2.625600 0.000000
v 0.391200 2.625600 0.000000
v 0.400065 2.572800 -0.545131
v 0.400065 2.572800 0.545131
v 0.406648 2.440800 -1.210564
v 0.406648 2.440800 1.210564
v 0.409767 0.046875 1.219848
v 0.409767 0.046875 -1.219848
v 0.414752 2.400000 -1.234688
v 0.414752 2.400000 1.234688
v 0.417645 0.008400 -0.569086
v 0.417645 0.008400 0.569086
v 0.425519 2.597400 0.312283
v 0.425519 2.597400 -0.312283
v 0.440403 2.463000 -1.311049
v 0.440403 2.463000 1.311049
v 0.440935 0.018225 0.847506
v 0.440935 0.018225 -0.847506
v 0.440985 2.482687 -1.312782
v 0.440985 2.482687 1.312782
v 0.441041 0.064800 1.312948
v 0.441041 0.064800 -1.312948
v 0.442166 2.435437 -1.316296
v 0.442166 2.435437 1.316296
v 0.443529 2.494500 -1.320356
v 0.443529 2.494500 1.320356
v 0.446656 2.400000 -1.329664
v 0.446656 2.400000 1.329664
v 0.447653 2.498438 -1.332632
v 0.447653 2.498438 1.332632
v 0.449256 2.527200 -0.863501
v 0.449256 2.527200 0.863501
v 0.452973 2.494500 -1.348469
v 0.452973 2.494500 1.348469
v 0.459107 2.482687 -1.366728
v 0.459107 2.482687 1.366728
v 0.461116 0.084525 1.372712
v 0.461116 0.084525 -1.372712
v 0.465671 2.463000 -1.386270
v 0.465671 2.463000 1.386270
v 0.467878 2.597400 -0.243424
v 0.467878 2.597400 0.243424
v 0.472283 2.435437 -1.405953
v 0.472283 2.435437 1.405953
v 0.472434 0.105600 1.406405
v 0.472434 0.105600 -1.406405
v 0.477435 0.127575 1.421292
v 0.477435 0.127575 -1.421292
v 0.478256 2.572800 -0.478256
v 0.478256 2.572800 0.478256
v 0.478560 0.150000 -1.424640
v 0.478560 2.400000 -1.424640
v 0.478560 0.150000 1.424640
v 0.478560 0.150000 1.424640
v 0.478560 0.150000 -1.424640
v 0.478560 2.400000 1.424640
v 0.483027 0.177075 -1.437937
v 0.483027 0.177075 1.437937
v 0.489984 2.550000 -0.667656
v 0.489984 2.550000 0.667656
v 0.495150 0.213600 -1.474028
v 0.495150 0.213600 1.474028
v 0.499272 0.008400 -0.499272
v 0.499272 0.008400 0.499272
v 0.499384 2.597400 -0.167751
v 0.499384 2.597400 0.167751
v 0.502408 2.242575 -1.495635
v 0.502408 2.242575 1.495635
v 0.509349 2.502600 0.979002
v 0.509349 2.502600 -0.979002
v 0.513016 0.260025 -1.527214
v 0.513016 0.260025 1.527214
v 0.519028 2.597400 0.086273
v 0.519028 2.597400 -0.086273
v 0.525778 2.085600 -1.565204
v 0.525778 2.085600 1.565204
v 0.525800 2.597400 -0.000000
v 0.525800 2.597400 0.000000
v 0.529441 0.031200 -1.017621
v 0.529441 0.031200 1.017621
v 0.534711 0.316800 -1.591798
v 0.534711 0.316800 1.591798
v 0.545131 2.572800 -0.400065
v 0.545131 2.572800 0.400065
v 0.548190 1.929525 -1.631925
v 0.548190 1.929525 1.631925
v 0.557774 2.474400 -1.072079
v 0.557774 2.474400 1.072079
v 0.558320 0.384375 -1.662080
v 0.558320 0.384375 1.662080
v 0.565664 0.018225 0.770779
v 0.565664 0.018225 -0.770779
v 0.569086 0.008400 -0.417645
v 0.569086 0.008400 0.417645
v 0.569167 1.774800 -1.694372
v 0.569167 1.774800 1.694372
v 0.576340 2.527200 -0.785325
v 0.576340 2.527200 0.785325
v 0.581929 0.463200 -1.732362
v 0.581929 0.463200 1.732362
v 0.585750 2.550000 -0.585750
v 0.585750 2.550000 0.585750
v 0.588230 1.621875 -1.751120
v 0.588230 1.621875 1.751120
v 0.590089 2.440800 1.134190
v 0.590089 2.440800 -1.134190
v 0.594614 0.046875 -1.142888
v 0.594614 0.046875 1.142888
v 0.599396 2.572800 -0.311850
v 0.599396 2.572800 0.311850
v 0.601848 2.400000 -1.156792
v 0.601848 2.400000 1.156792
v 0.603624 0.553725 -1.796946
v 0.603624 0.553725 1.796946
v 0.604900 1.471200 -1.800745
v 0.604900 1.471200 1.800745
v 0.618698 1.323225 -1.841822
v 0.618698 1.323225 1.841822
v 0.621490 0.656400 -1.850132
v 0.621490 0.656400 1.850132
v 0.625735 0.008400 0.325553
v 0.625735 0.008400 -0.325553
v 0.629147 1.178400 -1.872927
v 0.629147 1.178400 1.872927
v 0.633613 0.771675 -1.886223
v 0.633613 0.771675 1.886223
v 0.635767 1.037175 -1.892634
v 0.635767 1.037175 1.892634
v 0.638080 0.900000 -1.899520
v 0.638080 0.900000 -1.899520
v 0.638080 0.900000 1.899520
v 0.638080 0.900000 1.899520
v 0.639070 2.463000 -1.228335
v 0.639070 2.463000 1.228335
v 0.639758 2.572800 -0.214905
v 0.639758 2.572800 0.214905
v 0.639915 2.482687 1.229959
v 0.639915 2.482687 -1.229959
v 0.639996 0.064800 -1.230115
v 0.639996 0.064800 1.230115
v 0.641628 2.435437 -1.233252
v 0.641628 2.435437 1.233252
v 0.643607 2.494500 -1.237056
v 0.643607 2.494500 1.237056
v 0.648144 2.400000 -1.245776
v 0.648144 2.400000 1.245776
v 0.649591 2.498438 -1.248557
v 0.649591 2.498438 1.248557
v 0.653431 2.502600 -0.890370
v 0.653431 2.502600 0.890370
v 0.657311 2.494500 -1.263395
v 0.657311 2.494500 1.263395
v 0.664924 2.572800 -0.110524
v 0.664924 2.572800 0.110524
v 0.666211 2.482687 1.280502
v 0.666211 2.482687 -1.280502
v 0.667656 2.550000 -0.489984
v 0.667656 2.550000 0.489984
v 0.667871 0.008400 -0.224349
v 0.667871 0.008400 0.224349
v 0.669128 0.084525 -1.286108
v 0.669128 0.084525 1.286108
v 0.673600 2.572800 0.000000
v 0.673600 2.572800 -0.000000
v 0.675736 2.463000 -1.298810
v 0.675736 2.463000 1.298810
v 0.676222 0.018225 0.676222
v 0.676222 0.018225 -0.676222
v 0.679207 0.031200 -0.925493
v 0.679207 0.031200 0.925493
v 0.685331 2.435437 -1.317252
v 0.685331 2.435437 1.317252
v 0.685551 0.105600 -1.317675
v 0.685551 0.105600 1.317675
v 0.688984 2.527200 -0.688984
v 0.688984 2.527200 0.688984
v 0.692808 0.127575 1.331623
v 0.692808 0.127575 -1.331623
v 0.694143 0.008400 -0.115381
v 0.694143 0.008400 0.115381
v 0.694440 0.150000 1.334760
v 0.694440 0.150000 -1.334760
v 0.694440 2.400000 1.334760
v 0.694440 0.150000 -1.334760
v 0.694440 0.150000 1.334760
v 0.694440 2.400000 -1.334760
v 0.700921 0.177075 1.347218
v 0.700921 0.177075 -1.347218
v 0.703200 0.008400 0.000000
v 0.715555 2.474400 -0.975021
v 0.715555 2.474400 0.975021
v 0.718514 0.213600 1.381032
v 0.718514 0.213600 -1.381032
v 0.729046 2.242575 -1.401276
v 0.729046 2.242575 1.401276
v 0.734118 2.550000 -0.381942
v 0.734118 2.550000 0.381942
v 0.744440 0.260025 1.430863
v 0.744440 0.260025 -1.430863
v 0.757010 2.440800 1.031508
v 0.757010 2.440800 -1.031508
v 0.762816 0.046875 -1.039419
v 0.762816 0.046875 1.039419
v 0.762958 2.085600 -1.466456
v 0.762958 2.085600 1.466456
v 0.770779 0.018225 0.565664
v 0.770779 0.018225 -0.565664
v 0.772096 2.400000 -1.052064
v 0.772096 2.400000 1.052064
v 0.775921 0.316800 -1.491372
v 0.775921 0.316800 1.491372
v 0.781142 2.502600 -0.781142
v 0.781142 2.502600 0.781142
v 0.783552 2.550000 -0.263208
v 0.783552 2.550000 0.263208
v 0.785325 2.527200 -0.576340
v 0.785325 2.527200 0.576340
v 0.795481 1.929525 1.528968
v 0.795481 1.929525 -1.528968
v 0.810180 0.384375 1.557220
v 0.810180 0.384375 -1.557220
v 0.811956 0.031200 0.811956
v 0.811956 0.031200 -0.811956
v 0.814374 2.550000 -0.135366
v 0.814374 2.550000 0.135366
v 0.819847 2.463000 -1.117130
v 0.819847 2.463000 1.117130
v 0.820931 2.482687 1.118607
v 0.820931 2.482687 -1.118607
v 0.821035 0.064800 1.118749
v 0.821035 0.064800 -1.118749
v 0.823129 2.435437 -1.121601
v 0.823129 2.435437 1.121601
v 0.825000 2.550000 0.000000
v 0.825000 2.550000 0.000000
v 0.825668 2.494500 -1.125061
v 0.825668 2.494500 1.125061
v 0.825921 1.774800 1.587475
v 0.825921 1.774800 -1.587475
v 0.831488 2.400000 -1.132992
v 0.831488 2.400000 1.132992
v 0.833344 2.498438 -1.135521
v 0.833344 2.498438 1.135521
v 0.843248 2.494500 -1.149016
v 0.843248 2.494500 1.149016
v 0.844439 0.463200 1.623068
v 0.844439 0.463200 -1.623068
v 0.847506 0.018225 -0.440935
v 0.847506 0.018225 0.440935
v 0.853583 1.621875 -1.640643
v 0.853583 1.621875 1.640643
v 0.854666 2.482687 -1.164574
v 0.854666 2.482687 1.164574
v 0.855408 2.474400 -0.855408
v 0.855408 2.474400 0.855408
v 0.858407 0.084525 -1.169673
v 0.858407 0.084525 1.169673
v 0.863501 2.527200 -0.449256
v 0.863501 2.527200 0.449256
v 0.866886 2.463000 -1.181225
v 0.866886 2.463000 1.181225
v 0.875920 0.553725 -1.683577
v 0.875920 0.553725 1.683577
v 0.877772 1.471200 -1.687137
v 0.877772 1.471200 1.687137
v 0.879195 2.435437 -1.197997
v 0.879195 2.435437 1.197997
v 0.879477 0.105600 -1.198382
v 0.879477 0.105600 1.198382
v 0.888786 0.127575 1.211067
v 0.888786 0.127575 -1.211067
v 0.890370 2.502600 -0.653431
v 0.890370 2.502600 0.653431
v 0.890880 0.150000 -1.213920
v 0.890880 0.150000 1.213920
v 0.890880 2.400000 -1.213920
v 0.890880 0.150000 -1.213920
v 0.890880 0.150000 1.213920
v 0.890880 2.400000 1.213920
v 0.897795 1.323225 -1.725622
v 0.897795 1.323225 1.725622
v 0.899195 0.177075 1.225250
v 0.899195 0.177075 -1.225250
v 0.901846 0.656400 -1.733408
v 0.901846 0.656400 1.733408
v 0.904575 0.018225 0.303862
v 0.904575 0.018225 -0.303862
v 0.904966 2.440800 0.904966
v 0.904966 2.440800 -0.904966
v 0.911906 0.046875 -0.911906
v 0.911906 0.046875 0.911906
v 0.912957 1.178400 -1.754764
v 0.912957 1.178400 1.754764
v 0.919439 0.771675 -1.767222
v 0.919439 0.771675 1.767222
v 0.921647 2.527200 -0.309596
v 0.921647 2.527200 0.309596
v 0.921764 0.213600 1.256003
v 0.921764 0.213600 -1.256003
v 0.922564 1.037175 1.773229
v 0.922564 1.037175 -1.773229
v 0.923000 2.400000 -0.923000
v 0.923000 2.400000 0.923000
v 0.925493 0.031200 0.679207
v 0.925493 0.031200 -0.679207
v 0.925920 0.900000 1.779680
v 0.925920 0.900000 -1.779680
v 0.925920 0.900000 -1.779680
v 0.925920 0.900000 1.779680
v 0.935276 2.242575 -1.274414
v 0.935276 2.242575 1.274414
v 0.940158 0.018225 0.156274
v 0.940158 0.018225 -0.156274
v 0.952425 0.018225 0.000000
v 0.952425 0.018225 0.000000
v 0.955023 0.260025 1.301322
v 0.955023 0.260025 -1.301322
v 0.957901 2.527200 -0.159223
v 0.957901 2.527200 0.159223
v 0.970400 2.527200 0.000000
v 0.970400 2.527200 -0.000000
v 0.975021 2.474400 -0.715555
v 0.975021 2.474400 0.715555
v 0.978780 2.085600 -1.333693
v 0.978780 2.085600 1.333693
v 0.979002 2.502600 0.509349
v 0.979002 2.502600 -0.509349
v 0.980084 2.463000 -0.980084
v 0.980084 2.463000 0.980084
v 0.981380 2.482687 -0.981380
v 0.981380 2.482687 0.981380
v 0.981504 0.064800 0.981504
v 0.981504 0.064800 -0.981504
v 0.984007 2.435437 -0.984007
v 0.984007 2.435437 0.984007
v 0.987042 2.494500 -0.987042
v 0.987042 2.494500 0.987042
v 0.994000 2.400000 -0.994000
v 0.994000 2.400000 0.994000
v 0.995410 0.316800 -1.356353
v 0.995410 0.316800 1.356353
v 0.996219 2.498438 -0.996219
v 0.996219 2.498438 0.996219
v 1.008058 2.494500 -1.008058
v 1.008058 2.494500 1.008058
v 1.017621 0.031200 0.529441
v 1.017621 0.031200 -0.529441
v 1.020503 1.929525 -1.390545
v 1.020503 1.929525 1.390545
v 1.021708 2.482687 -1.021708
v 1.021708 2.482687 1.021708
v 1.026181 0.084525 -1.026181
v 1.026181 0.084525 1.026181
v 1.031508 2.440800 0.757010
v 1.031508 2.440800 -0.757010
v 1.036316 2.463000 -1.036316
v 1.036316 2.463000 1.036316
v 1.039360 0.384375 -1.416240
v 1.039360 0.384375 1.416240
v 1.039419 0.046875 -0.762816
v 1.039419 0.046875 0.762816
v 1.044926 2.502600 -0.351008
v 1.044926 2.502600 0.351008
v 1.051031 2.435437 -1.051031
v 1.051031 2.435437 1.051031
v 1.051368 0.105600 -1.051368
v 1.051368 0.105600 1.051368
v 1.052064 2.400000 -0.772096
v 1.052064 2.400000 0.772096
v 1.059553 1.774800 -1.443756
v 1.059553 1.774800 1.443756
v 1.062497 0.127575 1.062497
v 1.062497 0.127575 -1.062497
v 1.065000 0.150000 -1.065000
v 1.065000 0.150000 1.065000
v 1.065000 2.400000 -1.065000
v 1.065000 2.400000 1.065000
v 1.072079 2.474400 -0.557774
v 1.072079 2.474400 0.557774
v 1.074940 0.177075 -1.074940
v 1.074940 0.177075 1.074940
v 1.083310 0.463200 -1.476127
v 1.083310 0.463200 1.476127
v 1.086029 2.502600 0.180521
v 1.086029 2.502600 -0.180521
v 1.086146 0.031200 0.364854
v 1.086146 0.031200 -0.364854
v 1.095040 1.621875 -1.492110
v 1.095040 1.621875 1.492110
v 1.100200 2.502600 -0.000000
v 1.100200 2.502600 0.000000
v 1.101920 0.213600 1.101920
v 1.101920 0.213600 -1.101920
v 1.117130 2.463000 -0.819847
v 1.117130 2.463000 0.819847
v 1.118073 2.242575 -1.118073
v 1.118073 2.242575 1.118073
v 1.118607 2.482687 -0.820931
v 1.118607 2.482687 0.820931
v 1.118749 0.064800 -0.821035
v 1.118749 0.064800 0.821035
v 1.121601 2.435437 -0.823129
v 1.121601 2.435437 0.823129
v 1.123697 0.553725 -1.531158
v 1.123697 0.553725 1.531158
v 1.125061 2.494500 -0.825668
v 1.125061 2.494500 0.825668
v 1.126072 1.471200 -1.534395
v 1.126072 1.471200 1.534395
v 1.128870 0.031200 -0.187642
v 1.128870 0.031200 0.187642
v 1.132992 2.400000 -0.831488
v 1.132992 2.400000 0.831488
v 1.134190 2.440800 0.590089
v 1.134190 2.440800 -0.590089
v 1.135521 2.498438 -0.833344
v 1.135521 2.498438 0.833344
v 1.141680 0.260025 1.141680
v 1.141680 0.260025 -1.141680
v 1.142888 0.046875 -0.594614
v 1.142888 0.046875 0.594614
v 1.143600 0.031200 0.000000
v 1.143600 0.031200 0.000000
v 1.144271 2.474400 -0.384379
v 1.144271 2.474400 0.384379
v 1.149016 2.494500 -0.843248
v 1.149016 2.494500 0.843248
v 1.151759 1.323225 -1.569396
v 1.151759 1.323225 1.569396
v 1.156792 2.400000 -0.601848
v 1.156792 2.400000 0.601848
v 1.156956 0.656400 -1.576477
v 1.156956 0.656400 1.576477
v 1.164574 2.482687 -0.854666
v 1.164574 2.482687 0.854666
v 1.169673 0.084525 -0.858407
v 1.169673 0.084525 0.858407
v 1.170080 2.085600 -1.170080
v 1.170080 2.085600 1.170080
v 1.171210 1.178400 -1.595900
v 1.171210 1.178400 1.595900
v 1.179525 0.771675 -1.607230
v 1.179525 0.771675 1.607230
v 1.181225 2.463000 -0.866886
v 1.181225 2.463000 0.866886
v 1.183534 1.037175 -1.612693
v 1.183534 1.037175 1.612693
v 1.187840 0.900000 -1.618560
v 1.187840 0.900000 -1.618560
v 1.187840 0.900000 1.618560
v 1.187840 0.900000 1.618560
v 1.189282 2.474400 -0.197684
v 1.189282 2.474400 0.197684
v 1.189960 0.316800 -1.189960
v 1.189960 0.316800 1.189960
v 1.197997 2.435437 -0.879195
v 1.197997 2.435437 0.879195
v 1.198382 0.105600 -0.879477
v 1.198382 0.105600 0.879477
v 1.204800 2.474400 0.000000
v 1.204800 2.474400 -0.000000
v 1.210564 2.440800 0.406648
v 1.210564 2.440800 -0.406648
v 1.211067 0.127575 0.888786
v 1.211067 0.127575 -0.888786
v 1.213920 0.150000 -0.890880
v 1.213920 0.150000 -0.890880
v 1.213920 0.150000 0.890880
v 1.213920 0.150000 0.890880
v 1.213920 2.400000 -0.890880
v 1.213920 2.400000 0.890880
v 1.219848 0.046875 -0.409767
v 1.219848 0.046875 0.409767
v 1.219958 1.929525 1.219958
v 1.219958 1.929525 -1.219958
v 1.225250 0.177075 0.899195
v 1.225250 0.177075 -0.899195
v 1.228335 2.463000 -0.639070
v 1.228335 2.463000 0.639070
v 1.229959 2.482687 -0.639915
v 1.229959 2.482687 0.639915
v 1.230115 0.064800 -0.639996
v 1.230115 0.064800 0.639996
v 1.233252 2.435437 -0.641628
v 1.233252 2.435437 0.641628
v 1.234688 2.400000 -0.414752
v 1.234688 2.400000 0.414752
v 1.237056 2.494500 -0.643607
v 1.237056 2.494500 0.643607
v 1.242500 0.384375 -1.242500
v 1.242500 0.384375 1.242500
v 1.245776 2.400000 -0.648144
v 1.245776 2.400000 0.648144
v 1.248557 2.498438 -0.649591
v 1.248557 2.498438 0.649591
v 1.256003 0.213600 0.921764
v 1.256003 0.213600 -0.921764
v 1.258183 2.440800 0.209136
v 1.258183 2.440800 -0.209136
v 1.263395 2.494500 -0.657311
v 1.263395 2.494500 0.657311
v 1.266640 1.774800 -1.266640
v 1.266640 1.774800 1.266640
v 1.267832 0.046875 -0.210740
v 1.267832 0.046875 0.210740
v 1.274414 2.242575 -0.935276
v 1.274414 2.242575 0.935276
v 1.274600 2.440800 0.000000
v 1.274600 2.440800 0.000000
v 1.280502 2.482687 -0.666211
v 1.280502 2.482687 0.666211
v 1.283256 2.400000 -0.213304
v 1.283256 2.400000 0.213304
v 1.284375 0.046875 0.000000
v 1.284375 0.046875 -0.000000
v 1.286108 0.084525 -0.669128
v 1.286108 0.084525 0.669128
v 1.295040 0.463200 -1.295040
v 1.295040 0.463200 1.295040
v 1.298810 2.463000 -0.675736
v 1.298810 2.463000 0.675736
v 1.300000 2.400000 0.000000
v 1.300000 2.400000 -0.000000
v 1.301322 0.260025 0.955023
v 1.301322 0.260025 -0.955023
v 1.309063 1.621875 -1.309063
v 1.309063 1.621875 1.309063
v 1.311049 2.463000 -0.440403
v 1.311049 2.463000 0.440403
v 1.312782 2.482687 -0.440985
v 1.312782 2.482687 0.440985
v 1.312948 0.064800 0.441041
v 1.312948 0.064800 -0.441041
v 1.316296 2.435437 -0.442166
v 1.316296 2.435437 0.442166
v 1.317252 2.435437 -0.685331
v 1.317252 2.435437 0.685331
v 1.317675 0.105600 -0.685551
v 1.317675 0.105600 0.685551
v 1.320356 2.494500 -0.443529
v 1.320356 2.494500 0.443529
v 1.329664 2.400000 -0.446656
v 1.329664 2.400000 0.446656
v 1.331623 0.127575 0.692808
v 1.331623 0.127575 -0.692808
v 1.332632 2.498438 -0.447653
v 1.332632 2.498438 0.447653
v 1.333693 2.085600 -0.978780
v 1.333693 2.085600 0.978780
v 1.334760 0.150000 0.694440
v 1.334760 0.150000 -0.694440
v 1.334760 0.150000 -0.694440
v 1.334760 0.150000 0.694440
v 1.334760 2.400000 -0.694440
v 1.334760 2.400000 0.694440
v 1.343320 0.553725 -1.343320
v 1.343320 0.553725 1.343320
v 1.346160 1.471200 -1.346160
v 1.346160 1.471200 1.346160
v 1.347218 0.177075 0.700921
v 1.347218 0.177075 -0.700921
v 1.348469 2.494500 -0.452973
v 1.348469 2.494500 0.452973
v 1.356353 0.316800 -0.995410
v 1.356353 0.316800 0.995410
v 1.362620 2.463000 -0.226496
v 1.362620 2.463000 0.226496
v 1.364422 2.482687 -0.226795
v 1.364422 2.482687 0.226795
v 1.364595 0.064800 -0.226824
v 1.364595 0.064800 0.226824
v 1.366728 2.482687 -0.459107
v 1.366728 2.482687 0.459107
v 1.368074 2.435437 -0.227403
v 1.368074 2.435437 0.227403
v 1.372294 2.494500 -0.228104
v 1.372294 2.494500 0.228104
v 1.372712 0.084525 -0.461116
v 1.372712 0.084525 0.461116
v 1.376867 1.323225 -1.376868
v 1.376868 1.323225 1.376867
v 1.380400 2.463000 0.000000
v 1.380400 2.463000 -0.000000
v 1.381032 0.213600 0.718514
v 1.381032 0.213600 -0.718514
v 1.381968 2.400000 -0.229712
v 1.381968 2.400000 0.229712
v 1.382225 2.482687 0.000000
v 1.382225 2.482687 0.000000
v 1.382400 0.064800 0.000000
v 1.382400 0.064800 0.000000
v 1.383080 0.656400 -1.383080
v 1.383080 0.656400 1.383080
v 1.385053 2.498438 -0.230225
v 1.385053 2.498438 0.230225
v 1.385925 2.435437 0.000000
v 1.385925 2.435437 -0.000000
v 1.386270 2.463000 -0.465671
v 1.386270 2.463000 0.465671
v 1.390200 2.494500 0.000000
v 1.390200 2.494500 -0.000000
v 1.390545 1.929525 -1.020503
v 1.390545 1.929525 1.020503
v 1.400000 2.400000 0.000000
v 1.400000 2.400000 0.000000
v 1.400120 1.178400 -1.400120
v 1.400120 1.178400 1.400120
v 1.401276 2.242575 -0.729046
v 1.401276 2.242575 0.729046
v 1.401513 2.494500 -0.232961
v 1.401513 2.494500 0.232961
v 1.403125 2.498438 0.000000
v 1.403125 2.498438 0.000000
v 1.405953 2.435437 -0.472283
v 1.405953 2.435437 0.472283
v 1.406405 0.105600 -0.472434
v 1.406405 0.105600 0.472434
v 1.410060 0.771675 -1.410060
v 1.410060 0.771675 1.410060
v 1.414853 1.037175 -1.414853
v 1.414853 1.037175 1.414853
v 1.416240 0.384375 -1.039360
v 1.416240 0.384375 1.039360
v 1.419800 2.494500 0.000000
v 1.419800 2.494500 -0.000000
v 1.420000 0.900000 -1.420000
v 1.420000 0.900000 -1.420000
v 1.420000 0.900000 1.420000
v 1.420000 0.900000 1.420000
v 1.420490 2.482687 -0.236115
v 1.420490 2.482687 0.236115
v 1.421292 0.127575 0.477435
v 1.421292 0.127575 -0.477435
v 1.424640 0.150000 -0.478560
v 1.424640 0.150000 -0.478560
v 1.424640 0.150000 0.478560
v 1.424640 0.150000 0.478560
v 1.424640 2.400000 -0.478560
v 1.424640 2.400000 0.478560
v 1.426709 0.084525 -0.237149
v 1.426709 0.084525 0.237149
v 1.430863 0.260025 0.744440
v 1.430863 0.260025 -0.744440
v 1.437937 0.177075 0.483027
v 1.437937 0.177075 -0.483027
v 1.439025 2.482687 0.000000
v 1.440800 2.463000 -0.239491
v 1.440800 2.463000 0.239491
v 1.443756 1.774800 -1.059553
v 1.443756 1.774800 1.059553
v 1.445325 0.084525 0.000000
v 1.445325 0.084525 0.000000
v 1.459600 2.463000 0.000000
v 1.459600 2.463000 -0.000000
v 1.461258 2.435437 -0.242892
v 1.461258 2.435437 0.242892
v 1.461727 0.105600 -0.242970
v 1.461727 0.105600 0.242970
v 1.466456 2.085600 -0.762958
v 1.466456 2.085600 0.762958
v 1.474028 0.213600 0.495150
v 1.474028 0.213600 -0.495150
v 1.476127 0.463200 -1.083310
v 1.476127 0.463200 1.083310
v 1.477200 0.127575 0.245542
v 1.477200 0.127575 -0.245542
v 1.480325 2.435437 0.000000
v 1.480325 2.435437 -0.000000
v 1.480680 0.150000 -0.246120
v 1.480680 0.150000 0.246120
v 1.480680 0.150000 0.246120
v 1.480680 0.150000 -0.246120
v 1.480680 2.400000 -0.246120
v 1.480680 2.400000 0.246120
v 1.480800 0.105600 0.000000
v 1.480800 0.105600 0.000000
v 1.491372 0.316800 -0.775921
v 1.491372 0.316800 0.775921
v 1.492110 1.621875 -1.095040
v 1.492110 1.621875 1.095040
v 1.494500 0.177075 0.248417
v 1.494500 0.177075 -0.248417
v 1.495635 2.242575 -0.502408
v 1.495635 2.242575 0.502408
v 1.496475 0.127575 0.000000
v 1.496475 0.127575 0.000000
v 1.500000 0.150000 0.000000
v 1.500000 0.150000 0.000000
v 1.500000 2.400000 0.000000
v 1.500000 2.400000 0.000000
v 1.514000 0.177075 -0.000000
v 1.514000 0.177075 0.000000
v 1.527214 0.260025 -0.513016
v 1.527214 0.260025 0.513016
v 1.528968 1.929525 -0.795481
v 1.528968 1.929525 0.795481
v 1.531158 0.553725 -1.123697
v 1.531158 0.553725 1.123697
v 1.532010 0.213600 0.254652
v 1.532010 0.213600 -0.254652
v 1.534395 1.471200 -1.126072
v 1.534395 1.471200 1.126072
v 1.552000 0.213600 0.000000
v 1.552000 0.213600 0.000000
v 1.554467 2.242575 -0.258385
v 1.554467 2.242575 0.258385
v 1.557220 0.384375 -0.810180
v 1.557220 0.384375 0.810180
v 1.565204 2.085600 -0.525778
v 1.565204 2.085600 0.525778
v 1.569396 1.323225 -1.151759
v 1.569396 1.323225 1.151759
v 1.574750 2.242575 0.000000
v 1.574750 2.242575 0.000000
v 1.576477 0.656400 -1.156956
v 1.576477 0.656400 1.156956
v 1.587289 0.260025 0.263841
v 1.587289 0.260025 -0.263841
v 1.587475 1.774800 -0.825921
v 1.587475 1.774800 0.825921
v 1.591798 0.316800 -0.534711
v 1.591798 0.316800 0.534711
v 1.595900 1.178400 -1.171210
v 1.595900 1.178400 1.171210
v 1.607230 0.771675 -1.179525
v 1.607230 0.771675 1.179525
v 1.608000 0.260025 0.000000
v 1.608000 0.260025 0.000000
v 1.612693 1.037175 -1.183534
v 1.612693 1.037175 1.183534
v 1.618560 0.900000 -1.187840
v 1.618560 0.900000 -1.187840
v 1.618560 0.900000 1.187840
v 1.618560 0.900000 1.187840
v 1.623068 0.463200 -0.844439
v 1.623068 0.463200 0.844439
v 1.626774 2.085600 -0.270404
v 1.626774 2.085600 0.270404
v 1.631925 1.929525 -0.548190
v 1.631925 1.929525 0.548190
v 1.640643 1.621875 -0.853583
v 1.640643 1.621875 0.853583
v 1.648000 2.085600 0.000000
v 1.648000 2.085600 -0.000000
v 1.654413 0.316800 -0.274998
v 1.654413 0.316800 0.274998
v 1.662080 0.384375 -0.558320
v 1.662080 0.384375 0.558320
v 1.676000 0.316800 0.000000
v 1.676000 0.316800 0.000000
v 1.683577 0.553725 -0.875920
v 1.683577 0.553725 0.875920
v 1.687137 1.471200 -0.877772
v 1.687137 1.471200 0.877772
v 1.694372 1.774800 -0.569167
v 1.694372 1.774800 0.569167
v 1.696119 1.929525 -0.281930
v 1.696119 1.929525 0.281930
v 1.700000 0.600000 0.000000
v 1.700000 0.600000 0.000000
v 1.700000 0.623100 0.178200
v 1.700000 0.623100 -0.178200
v 1.700000 0.685800 -0.316800
v 1.700000 0.685800 0.316800
v 1.700000 0.778200 0.415800
v 1.700000 0.778200 -0.415800
v 1.700000 0.890400 -0.475200
v 1.700000 0.890400 0.475200
v 1.700000 1.012500 -0.495000
v 1.700000 1.012500 0.495000
v 1.700000 1.134600 -0.475200
v 1.700000 1.134600 0.475200
v 1.700000 1.246800 0.415800
v 1.700000 1.246800 -0.415800
v 1.700000 1.339200 -0.316800
v 1.700000 1.339200 0.316800
v 1.700000 1.401900 0.178200
v 1.700000 1.401900 -0.178200
v 1.700000 1.425000 0.000000
v 1.700000 1.425000 0.000000
v 1.718250 1.929525 0.000000
v 1.718250 1.929525 0.000000
v 1.725622 1.323225 -0.897795
v 1.725622 1.323225 0.897795
v 1.727460 0.384375 -0.287140
v 1.727460 0.384375 0.287140
v 1.732362 0.463200 -0.581929
v 1.732362 0.463200 0.581929
v 1.733408 0.656400 -0.901846
v 1.733408 0.656400 0.901846
v 1.750000 0.384375 0.000000
v 1.750000 0.384375 0.000000
v 1.751120 1.621875 -0.588230
v 1.751120 1.621875 0.588230
v 1.754764 1.178400 -0.912957
v 1.754764 1.178400 0.912957
v 1.761022 1.774800 -0.292719
v 1.761022 1.774800 0.292719
v 1.767222 0.771675 -0.919439
v 1.767222 0.771675 0.919439
v 1.773229 1.037175 -0.922564
v 1.773229 1.037175 0.922564
v 1.779680 0.900000 -0.925920
v 1.779680 0.900000 -0.925920
v 1.779680 0.900000 0.925920
v 1.779680 0.900000 0.925920
v 1.784000 1.774800 0.000000
v 1.784000 1.774800 0.000000
v 1.796946 0.553725 -0.603624
v 1.796946 0.553725 0.603624
v 1.800507 0.463200 -0.299282
v 1.800507 0.463200 0.299282
v 1.800745 1.471200 -0.604900
v 1.800745 1.471200 0.604900
v 1.820003 1.621875 -0.302523
v 1.820003 1.621875 0.302522
v 1.824000 0.463200 0.000000
v 1.824000 0.463200 0.000000
v 1.841822 1.323225 -0.618698
v 1.841822 1.323225 0.618698
v 1.843750 1.621875 0.000000
v 1.843750 1.621875 -0.000000
v 1.850132 0.656400 -0.621490
v 1.850132 0.656400 0.621490
v 1.867631 0.553725 -0.310439
v 1.867631 0.553725 0.310439
v 1.871580 1.471200 -0.311096
v 1.871580 1.471200 0.311096
v 1.872927 1.178400 -0.629147
v 1.872927 1.178400 0.629147
v 1.886223 0.771675 -0.633613
v 1.886223 0.771675 0.633613
v 1.892000 0.553725 0.000000
v 1.892000 0.553725 -0.000000
v 1.892634 1.037175 -0.635767
v 1.892634 1.037175 0.635767
v 1.896000 1.471200 0.000000
v 1.896000 1.471200 0.000000
v 1.899520 0.900000 -0.638080
v 1.899520 0.900000 -0.638080
v 1.899520 0.900000 0.638080
v 1.899520 0.900000 0.638080
v 1.914272 1.323225 -0.318192
v 1.914272 1.323225 0.318192
v 1.922910 0.656400 -0.319628
v 1.922910 0.656400 0.319628
v 1.935900 1.444200 0.000000
v 1.935900 1.444200 0.000000
v 1.939250 1.323225 0.000000
v 1.939250 1.323225 -0.000000
v 1.939394 1.423221 -0.175100
v 1.939394 1.423221 0.175100
v 1.946601 1.178400 -0.323566
v 1.946601 1.178400 0.323566
v 1.948000 0.656400 0.000000
v 1.948000 0.656400 -0.000000
v 1.948879 1.366278 -0.311290
v 1.948879 1.366278 0.311290
v 1.960420 0.771675 -0.325863
v 1.960420 0.771675 0.325863
v 1.962857 1.282362 -0.408568
v 1.962857 1.282362 0.408568
v 1.967083 1.037175 -0.326970
v 1.967083 1.037175 0.326970
v 1.972000 1.178400 0.000000
v 1.972000 1.178400 0.000000
v 1.974240 0.900000 -0.328160
v 1.974240 0.900000 0.328160
v 1.974240 0.900000 0.328160
v 1.979830 1.180464 -0.466934
v 1.979830 1.180464 0.466934
v 1.986000 0.771675 0.000000
v 1.986000 0.771675 -0.000000
v 1.992750 1.037175 0.000000
v 1.992750 1.037175 0.000000
v 1.998300 1.069575 -0.486390
v 1.998300 1.069575 0.486390
v 2.000000 0.900000 0.000000
v 2.000000 0.900000 0.000000
v 2.016770 0.958686 -0.466934
v 2.016770 0.958686 0.466934
v 2.033743 0.856788 -0.408568
v 2.033743 0.856788 0.408568
v 2.047721 0.772872 0.311290
v 2.047721 0.772872 -0.311290
v 2.057206 0.715929 0.175100
v 2.057206 0.715929 -0.175100
v 2.060700 0.694950 0.000000
v 2.060700 0.694950 0.000000
v 2.111200 1.497600 0.000000
v 2.111200 1.497600 0.000000
v 2.116979 1.479120 -0.166687
v 2.116979 1.479120 0.166687
v 2.132666 1.428960 -0.296333
v 2.132666 1.428960 0.296333
v 2.155782 1.355040 -0.388937
v 2.155782 1.355040 0.388937
v 2.183853 1.265280 -0.444499
v 2.183853 1.265280 0.444499
v 2.214400 1.167600 -0.463020
v 2.214400 1.167600 0.463020
v 2.237300 1.578900 0.000000
v 2.237300 1.578900 0.000000
v 2.244457 1.563171 -0.154289
v 2.244457 1.563171 0.154289
v 2.244947 1.069920 -0.444499
v 2.244947 1.069920 0.444499
v 2.263882 1.520478 -0.274291
v 2.263882 1.520478 0.274291
v 2.273018 0.980160 -0.388937
v 2.273018 0.980160 0.388937
v 2.292510 1.457562 -0.360007
v 2.292510 1.457562 0.360007
v 2.296134 0.906240 -0.296333
v 2.296134 0.906240 0.296333
v 2.311821 0.856080 -0.166687
v 2.311821 0.856080 0.166687
v 2.317600 0.837600 0.000000
v 2.317600 0.837600 0.000000
v 2.325600 1.681800 0.000000
v 2.325600 1.681800 0.000000
v 2.327271 1.381164 -0.411437
v 2.327271 1.381164 0.411437
v 2.333530 1.668948 -0.139234
v 2.333530 1.668948 0.139234
v 2.355053 1.634064 -0.247526
v 2.355053 1.634064 0.247526
v 2.365100 1.298025 -0.428580
v 2.365100 1.298025 0.428580
v 2.386771 1.582656 -0.324878
v 2.386771 1.582656 0.324878
v 2.387500 1.800000 0.000000
v 2.387500 1.800000 0.000000
v 2.395900 1.790025 0.122850
v 2.395900 1.790025 -0.122850
v 2.402929 1.214886 -0.411437
v 2.402929 1.214886 0.411437
v 2.418700 1.762950 -0.218400
v 2.418700 1.762950 0.218400
v 2.425286 1.520232 -0.371290
v 2.425286 1.520232 0.371290
v 2.434400 1.927200 0.000000
v 2.434400 1.927200 0.000000
v 2.437690 1.138488 -0.360007
v 2.437690 1.138488 0.360007
v 2.443270 1.919976 0.106466
v 2.443270 1.919976 -0.106466
v 2.452300 1.723050 -0.286650
v 2.452300 1.723050 0.286650
v 2.466318 1.075572 -0.274291
v 2.466318 1.075572 0.274291
v 2.467200 1.452300 -0.386760
v 2.467200 1.452300 0.386760
v 2.467347 1.900368 0.189274
v 2.467347 1.900368 -0.189274
v 2.477700 2.057100 0.000000
v 2.477700 2.057100 0.000000
v 2.485743 1.032879 -0.154289
v 2.485743 1.032879 0.154289
v 2.487343 2.052375 -0.091411
v 2.487343 2.052375 0.091411
v 2.492900 1.017150 0.000000
v 2.492900 1.017150 0.000000
v 2.493100 1.674600 -0.327600
v 2.493100 1.674600 0.327600
v 2.502829 1.871472 0.248422
v 2.502829 1.871472 -0.248422
v 2.509114 1.384368 -0.371290
v 2.509114 1.384368 0.371290
v 2.513518 2.039550 0.162509
v 2.513518 2.039550 -0.162509
v 2.528800 2.183400 0.000000
v 2.537500 1.621875 -0.341250
v 2.537500 1.621875 0.341250
v 2.539821 2.180796 -0.079013
v 2.539821 2.180796 0.079013
v 2.545914 1.836384 -0.283910
v 2.545914 1.836384 0.283910
v 2.547629 1.321944 -0.324878
v 2.547629 1.321944 0.324878
v 2.552090 2.020650 -0.213293
v 2.552090 2.020650 0.213293
v 2.569734 2.173728 -0.140467
v 2.569734 2.173728 0.140467
v 2.579347 1.270536 -0.247526
v 2.579347 1.270536 0.247526
v 2.581900 1.569150 -0.327600
v 2.581900 1.569150 0.327600
v 2.592800 1.798200 -0.295740
v 2.592800 1.798200 0.295740
v 2.598929 1.997700 -0.243763
v 2.598929 1.997700 0.243763
v 2.599100 2.299800 0.000000
v 2.599100 2.299800 0.000000
v 2.600870 1.235652 -0.139234
v 2.600870 1.235652 0.139234
v 2.608800 1.222800 0.000000
v 2.608800 1.222800 0.000000
v 2.612406 2.298813 0.070600
v 2.612406 2.298813 -0.070600
v 2.613818 2.163312 -0.184363
v 2.613818 2.163312 0.184363
v 2.622700 1.520700 -0.286650
v 2.622700 1.520700 0.286650
v 2.639686 1.760016 -0.283910
v 2.639686 1.760016 0.283910
v 2.648521 2.296134 0.125510
v 2.648521 2.296134 -0.125510
v 2.649900 1.972725 0.253920
v 2.649900 1.972725 -0.253920
v 2.656300 1.480800 -0.218400
v 2.656300 1.480800 0.218400
v 2.667347 2.150664 -0.210701
v 2.667347 2.150664 0.210701
v 2.679100 1.453725 0.122850
v 2.679100 1.453725 -0.122850
v 2.682771 1.724928 0.248422
v 2.682771 1.724928 -0.248422
v 2.687500 1.443750 0.000000
v 2.687500 1.443750 0.000000
v 2.700000 2.400000 0.000000
v 2.700000 2.400000 0.000000
v 2.700000 2.400000 0.000000
v 2.700871 1.947750 -0.243763
v 2.700871 1.947750 0.243763
v 2.701743 2.292186 0.164732
v 2.701743 2.292186 -0.164732
v 2.716800 2.400000 0.067500
v 2.716800 2.400000 -0.067500
v 2.716800 2.400000 -0.067500
v 2.716800 2.400000 0.067500
v 2.718253 1.696032 0.189274
v 2.718253 1.696032 -0.189274
v 2.725600 2.136900 -0.219480
v 2.725600 2.136900 0.219480
v 2.729800 2.420250 0.000000
v 2.742330 1.676424 0.106466
v 2.742330 1.676424 -0.106466
v 2.747407 2.420406 -0.066744
v 2.747407 2.420406 0.066744
v 2.747710 1.924800 -0.213293
v 2.747710 1.924800 0.213293
v 2.751200 1.669200 0.000000
v 2.751200 1.669200 0.000000
v 2.758400 2.436000 0.000000
v 2.762400 2.400000 0.120000
v 2.762400 2.400000 -0.120000
v 2.762400 2.400000 -0.120000
v 2.762400 2.400000 0.120000
v 2.766370 2.287392 0.188266
v 2.766370 2.287392 -0.188266
v 2.776365 2.436302 -0.064692
v 2.776365 2.436302 0.064692
v 2.783853 2.123136 -0.210701
v 2.783853 2.123136 0.210701
v 2.784600 2.447250 0.000000
v 2.784600 2.447250 0.000000
v 2.786282 1.905900 0.162509
v 2.786282 1.905900 -0.162509
v 2.795198 2.420829 -0.118656
v 2.795198 2.420829 0.118656
v 2.800000 2.400000 0.000000
v 2.802528 2.447680 -0.061668
v 2.802528 2.447680 0.061668
v 2.807200 2.454000 0.000000
v 2.811200 2.400000 -0.040500
v 2.811200 2.400000 0.040500
v 2.812457 1.893075 0.091411
v 2.812457 1.893075 -0.091411
v 2.822100 1.888350 0.000000
v 2.822100 1.888350 0.000000
v 2.824200 2.420250 0.000000
v 2.824200 2.420250 0.000000
v 2.824750 2.454529 -0.057996
v 2.824750 2.454529 0.057996
v 2.825000 2.456250 0.000000
v 2.825000 2.456250 0.000000
v 2.825126 2.437123 -0.115008
v 2.825126 2.437123 0.115008
v 2.829600 2.400000 0.157500
v 2.829600 2.400000 -0.157500
v 2.829600 2.400000 -0.157500
v 2.829600 2.400000 0.157500
v 2.836672 2.420519 -0.041256
v 2.836672 2.420519 0.041256
v 2.836700 2.282175 0.196110
v 2.836700 2.282175 -0.196110
v 2.836800 2.454000 0.000000
v 2.836800 2.454000 0.000000
v 2.837382 2.110488 -0.184363
v 2.837382 2.110488 0.184363
v 2.837600 2.436000 0.000000
v 2.837600 2.436000 0.000000
v 2.841400 2.447250 0.000000
v 2.841400 2.447250 0.000000
v 2.841600 2.400000 -0.072000
v 2.841600 2.400000 0.072000
v 2.841887 2.456841 -0.054000
v 2.841887 2.456841 0.054000
v 2.851189 2.448847 -0.109632
v 2.851189 2.448847 0.109632
v 2.851331 2.436454 -0.043308
v 2.851331 2.436454 0.043308
v 2.852794 2.454605 -0.050004
v 2.852794 2.454605 0.050004
v 2.856323 2.447812 -0.046332
v 2.856323 2.447812 0.046332
v 2.865626 2.421453 -0.155736
v 2.865626 2.421453 0.155736
v 2.870524 2.421250 -0.073344
v 2.870524 2.421250 0.073344
v 2.872387 2.455966 -0.103104
v 2.872387 2.455966 0.103104
v 2.881466 2.100072 -0.140467
v 2.881466 2.100072 0.140467
v 2.886400 2.400000 -0.094500
v 2.886400 2.400000 0.094500
v 2.887725 2.458444 -0.096000
v 2.887725 2.458444 0.096000
v 2.888602 2.437685 -0.076992
v 2.888602 2.437685 0.076992
v 2.896205 2.456246 0.088896
v 2.896205 2.456246 -0.088896
v 2.896829 2.449338 -0.082368
v 2.896829 2.449338 0.082368
v 2.896986 2.438333 -0.150948
v 2.896986 2.438333 0.150948
v 2.907030 2.276958 0.188266
v 2.907030 2.276958 -0.188266
v 2.911200 2.400000 -0.180000
v 2.911200 2.400000 -0.180000
v 2.911200 2.400000 0.180000
v 2.911379 2.093004 -0.079013
v 2.911379 2.093004 0.079013
v 2.920412 2.422328 -0.096264
v 2.920412 2.422328 0.096264
v 2.922400 2.090400 0.000000
v 2.922899 2.450567 -0.143892
v 2.922899 2.450567 0.143892
v 2.940800 2.400000 -0.108000
v 2.940800 2.400000 0.108000
v 2.942589 2.458082 -0.135324
v 2.942589 2.458082 0.135324
v 2.943526 2.439499 -0.101052
v 2.943526 2.439499 0.101052
v 2.951146 2.422210 -0.177984
v 2.951146 2.422210 0.177984
v 2.955275 2.460806 -0.126000
v 2.955275 2.460806 0.126000
v 2.956523 2.451588 -0.108108
v 2.956523 2.451588 0.108108
v 2.960179 2.458666 -0.116676
v 2.960179 2.458666 0.116676
v 2.971657 2.272164 0.164732
v 2.971657 2.272164 -0.164732
v 2.980990 2.423636 0.110016
v 2.980990 2.423636 -0.110016
v 2.984243 2.439802 -0.172512
v 2.984243 2.439802 0.172512
v 3.000000 2.400000 -0.187500
v 3.000000 2.400000 -0.187500
v 3.000000 2.400000 -0.112500
v 3.000000 2.400000 0.112500
v 3.000000 2.400000 0.187500
v 3.009977 2.452655 -0.164448
v 3.009977 2.452655 0.164448
v 3.010221 2.441702 -0.115488
v 3.010221 2.441702 0.115488
v 3.024879 2.268216 0.125510
v 3.024879 2.268216 -0.125510
v 3.027834 2.460653 -0.154656
v 3.027834 2.460653 0.154656
v 3.029007 2.454319 -0.123552
v 3.029007 2.454319 0.123552
v 3.037300 2.463675 -0.144000
v 3.037300 2.463675 0.144000
v 3.037862 2.461603 0.133344
v 3.037862 2.461603 -0.133344
v 3.044212 2.423034 -0.185400
v 3.044212 2.423034 0.185400
v 3.046912 2.425059 0.114600
v 3.046912 2.425059 -0.114600
v 3.059200 2.400000 -0.108000
v 3.059200 2.400000 0.108000
v 3.060994 2.265537 0.070600
v 3.060994 2.265537 -0.070600
v 3.074300 2.264550 0.000000
v 3.074300 2.264550 0.000000
v 3.079200 2.441400 -0.179700
v 3.079200 2.441400 0.179700
v 3.082800 2.444100 -0.120300
v 3.082800 2.444100 0.120300
v 3.088800 2.400000 -0.180000
v 3.088800 2.400000 -0.180000
v 3.088800 2.400000 0.180000
v 3.104737 2.454928 -0.171300
v 3.104738 2.454928 0.171300
v 3.107887 2.457291 -0.128700
v 3.107887 2.457291 0.128700
v 3.112835 2.426483 0.110016
v 3.112835 2.426483 -0.110016
v 3.113600 2.400000 -0.094500
v 3.113600 2.400000 0.094500
v 3.120600 2.463450 0.161100
v 3.120600 2.463450 -0.161100
v 3.122400 2.464800 0.138900
v 3.122400 2.464800 -0.138900
v 3.126562 2.466797 -0.150000
v 3.126562 2.466797 0.150000
v 3.137279 2.423859 -0.177984
v 3.137279 2.423859 0.177984
v 3.155379 2.446498 -0.115488
v 3.155379 2.446498 0.115488
v 3.158400 2.400000 -0.072000
v 3.158400 2.400000 0.072000
v 3.170400 2.400000 -0.157500
v 3.170400 2.400000 0.157500
v 3.170400 2.400000 -0.157500
v 3.173413 2.427791 -0.096264
v 3.173413 2.427791 0.096264
v 3.174157 2.442998 -0.172512
v 3.174157 2.442998 0.172512
v 3.186768 2.460263 -0.123552
v 3.186768 2.460263 0.123552
v 3.188800 2.400000 -0.040500
v 3.188800 2.400000 0.040500
v 3.199498 2.457201 -0.164448
v 3.199498 2.457201 0.164448
v 3.200000 2.400000 0.000000
v 3.206938 2.467997 0.133344
v 3.206938 2.467997 -0.133344
v 3.213366 2.466247 -0.154656
v 3.213366 2.466247 0.154656
v 3.215825 2.469919 -0.144000
v 3.215825 2.469919 0.144000
v 3.222074 2.448701 -0.101052
v 3.222074 2.448701 0.101052
v 3.222799 2.424616 -0.155736
v 3.222799 2.424616 0.155736
v 3.223301 2.428868 -0.073344
v 3.223301 2.428868 0.073344
v 3.237600 2.400000 -0.120000
v 3.237600 2.400000 0.120000
v 3.237600 2.400000 -0.120000
v 3.257153 2.429599 -0.041256
v 3.257153 2.429599 0.041256
v 3.259252 2.462994 -0.108108
v 3.259252 2.462994 0.108108
v 3.261414 2.444467 -0.150948
v 3.261414 2.444467 0.150948
v 3.269625 2.429869 0.000000
v 3.269625 2.429869 0.000000
v 3.276998 2.450515 -0.076992
v 3.276998 2.450515 0.076992
v 3.283200 2.400000 -0.067500
v 3.283200 2.400000 0.067500
v 3.283200 2.400000 -0.067500
v 3.284621 2.470934 -0.116676
v 3.284621 2.470934 0.116676
v 3.286576 2.459289 -0.143892
v 3.286576 2.459289 0.143892
v 3.293227 2.425240 -0.118656
v 3.293227 2.425240 0.118656
v 3.297850 2.472787 -0.126000
v 3.297850 2.472788 0.126000
v 3.298611 2.468818 -0.135324
v 3.298611 2.468818 0.135324
v 3.300000 2.400000 0.000000
v 3.300000 2.400000 0.000000
v 3.314269 2.451746 -0.043308
v 3.314269 2.451746 0.043308
v 3.318946 2.465243 -0.082368
v 3.318946 2.465243 0.082368
v 3.328000 2.452200 0.000000
v 3.328000 2.452200 0.000000
v 3.333274 2.445677 -0.115008
v 3.333274 2.445677 0.115008
v 3.341018 2.425663 -0.066744
v 3.341018 2.425663 0.066744
v 3.348595 2.473354 0.088896
v 3.348595 2.473354 -0.088896
v 3.358286 2.461009 -0.109632
v 3.358286 2.461009 0.109632
v 3.358625 2.425819 0.000000
v 3.359452 2.466769 -0.046332
v 3.359452 2.466769 0.046332
v 3.365400 2.475150 -0.096000
v 3.365400 2.475150 0.096000
v 3.368813 2.470934 -0.103104
v 3.368813 2.470934 0.103104
v 3.374375 2.467331 0.000000
v 3.374375 2.467331 0.000000
v 3.382035 2.446498 -0.064692
v 3.382035 2.446498 0.064692
v 3.392006 2.474995 -0.050004
v 3.392006 2.474995 0.050004
v 3.400000 2.446800 0.000000
v 3.406947 2.462176 -0.061668
v 3.406947 2.462176 0.061668
v 3.408000 2.475600 0.000000
v 3.408000 2.475600 0.000000
v 3.411237 2.476753 -0.054000
v 3.411237 2.476753 0.054000
v 3.416450 2.472371 -0.057996
v 3.416450 2.472371 0.057996
v 3.424875 2.462606 0.000000
v 3.428125 2.477344 0.000000
v 3.428125 2.477344 0.000000
v 3.434000 2.472900 0.000000
vn -0.999846 0.017521 0.001391
vn -0.977704 0.012860 -0.209593
vn -0.976825 0.022067 0.212897
vn -0.987462 -0.157856 0.000190
vn -0.943968 0.312967 -0.104768
vn -0.971294 0.214106 0.103667
vn -0.964549 -0.158088 -0.211314
vn -0.965670 -0.150387 0.211813
vn -0.944137 0.253199 -0.210940
vn -0.939476 0.266574 0.215226
vn -0.887950 0.010882 -0.459812
vn -0.885705 0.022635 0.463696
vn -0.875012 -0.144784 -0.461944
vn -0.876184 -0.134829 0.462735
vn -0.952820 -0.285256 -0.103743
vn -0.936962 -0.333880 0.103081
vn -0.855765 0.231870 -0.462496
vn -0.848413 0.248580 0.467337
vn -0.927801 -0.307476 -0.211291
vn -0.930042 -0.300134 0.211995
vn -0.822061 0.569400 0.000016
vn -0.699201 0.007358 -0.714887
vn -0.694875 0.021292 0.718815
vn -0.797255 0.565928 0.210024
vn -0.806496 0.552639 -0.210127
vn -0.841992 -0.278729 -0.461909
vn -0.844460 -0.269190 0.463059
vn -0.687551 -0.115429 -0.716903
vn -0.688189 -0.103917 0.718051
vn -0.671766 0.184662 -0.717377
vn -0.661234 0.204084 0.721886
vn -0.729621 0.506886 -0.459042
vn -0.717869 0.523902 0.458466
vn -0.876891 -0.469969 0.100952
vn -0.898339 -0.427113 -0.102775
vn -0.875006 -0.436757 0.208825
vn -0.871848 -0.443201 -0.208457
vn -0.661984 -0.218677 -0.716908
vn -0.663877 -0.207609 0.718447
vn -0.396391 0.001329 -0.918081
vn -0.389599 0.016510 0.920837
vn -0.387679 -0.067567 -0.919315
vn -0.386936 -0.055718 0.920422
vn -0.380453 0.103334 -0.919009
vn -0.367213 0.124206 0.921806
vn -0.571794 0.405664 -0.713084
vn -0.558255 0.425956 0.711978
vn -0.794274 -0.400883 -0.456532
vn -0.797883 -0.392408 0.457600
vn -0.593874 0.804557 -0.001301
vn -0.373477 -0.112741 0.920763
vn -0.373143 -0.124178 -0.919426
vn -0.585091 0.786278 -0.198581
vn -0.574371 0.795013 0.195070
vn -0.010440 -0.007580 -0.999917
vn -0.001915 0.007439 0.999970
vn -0.631672 -0.303572 0.713327
vn -0.628642 -0.313677 -0.711629
vn -0.003648 0.004495 0.999983
vn -0.006290 -0.006159 -0.999961
vn -0.323541 0.231638 -0.917423
vn -0.309473 0.253896 0.916386
vn -0.532293 0.725496 -0.436256
vn -0.519314 0.737780 0.431270
vn -0.013293 -0.009565 -0.999866
vn 0.000766 0.011093 0.999938
vn -0.821142 -0.570723 -0.000405
vn -0.803617 -0.559827 -0.201974
vn -0.807304 -0.554568 0.201776
vn -0.004409 -0.006649 -0.999968
vn -0.002807 0.003608 0.999990
vn -0.358131 -0.165966 0.918802
vn -0.356845 -0.176789 -0.917283
vn -0.422354 0.588408 -0.689487
vn -0.408454 0.604949 0.683521
vn 0.378014 -0.018498 -0.925615
vn 0.386411 -0.004940 0.922314
vn -0.737735 -0.508257 -0.444322
vn -0.742084 -0.501229 0.445063
vn 0.376994 0.055763 -0.924536
vn 0.380926 0.064012 0.922387
vn 0.001381 0.012518 0.999921
vn -0.011932 -0.009226 -0.999886
vn 0.353383 -0.136077 -0.925529
vn 0.365838 -0.117090 0.923284
vn -0.591812 -0.400708 -0.699423
vn -0.595692 -0.391889 0.701124
vn 0.370121 0.115735 0.921746
vn 0.367408 0.107940 -0.923775
vn -0.002283 0.002869 0.999993
vn -0.002979 -0.007111 -0.999970
vn -0.242754 0.342889 -0.907468
vn -0.229625 0.363358 0.902908
vn 0.686651 -0.029566 -0.726386
vn 0.693154 -0.017995 0.720565
vn -0.345830 0.934205 -0.087539
vn -0.407678 0.908819 0.088577
vn 0.681098 0.104802 -0.724653
vn 0.684874 0.110436 0.720244
vn 0.291445 -0.272127 -0.917064
vn 0.303072 -0.253603 0.918604
vn -0.373598 0.909294 -0.183326
vn -0.365020 0.913752 0.178377
vn 0.641259 -0.250941 -0.725131
vn 0.650852 -0.234300 0.722147
vn -0.341129 -0.227383 -0.912101
vn -0.343219 -0.217241 0.913787
vn 0.663024 0.194952 -0.722767
vn 0.665466 0.200047 0.719122
vn 0.358333 0.163342 0.919194
vn 0.356804 0.155756 -0.921103
vn -0.343117 0.846566 -0.406935
vn -0.332640 0.853913 0.400228
vn -0.728049 -0.679365 0.091695
vn -0.753440 -0.650553 -0.095446
vn 0.881312 -0.038881 -0.470933
vn 0.885288 -0.028935 0.464141
vn -0.009624 -0.007986 -0.999922
vn 0.001734 0.012953 0.999915
vn -0.733740 -0.651804 0.191773
vn -0.729939 -0.655850 -0.192484
vn 0.872635 0.135335 -0.469248
vn 0.875064 0.139228 0.463550
vn 0.817593 -0.335878 -0.467683
vn 0.824770 -0.321305 0.465315
vn 0.512101 -0.494029 -0.702629
vn 0.521665 -0.479818 0.705436
vn -0.001912 -0.007612 -0.999969
vn -0.002033 0.002257 0.999995
vn -0.676882 -0.600106 -0.426266
vn -0.681486 -0.594597 0.426651
vn 0.975014 -0.045040 -0.217531
vn 0.976812 -0.035863 0.211075
vn -0.277530 0.699500 -0.658542
vn -0.266183 0.711290 0.650549
vn 0.849369 0.246250 -0.466834
vn 0.850686 0.249547 0.462666
vn 0.964770 0.149487 -0.216501
vn 0.965488 0.153068 0.210720
vn 0.999091 -0.042545 -0.002830
vn 0.642673 0.280280 0.713031
vn 0.641618 0.275460 -0.715855
vn 0.897894 -0.384784 -0.213840
vn 0.903898 -0.371273 0.212426
vn 0.987953 0.154731 -0.002608
vn 0.210882 -0.378381 -0.901309
vn 0.220346 -0.362020 0.905753
vn -0.553113 -0.480363 -0.680674
vn -0.557489 -0.472942 0.682299
vn 0.940893 -0.322866 -0.102357
vn 0.883485 -0.457066 0.102692
vn 0.939086 0.268508 -0.214525
vn 0.939108 0.271416 0.210737
vn 0.629195 -0.640132 -0.440846
vn 0.637296 -0.629435 0.444597
vn 0.347025 0.202659 -0.915698
vn 0.347392 0.210205 0.913856
vn 0.951017 0.291625 -0.102571
vn 0.961512 0.254500 0.103555
vn -0.163507 0.417992 -0.893615
vn -0.152814 0.435149 0.887296
vn 0.819585 0.342869 -0.459044
vn 0.819720 0.345878 0.456538
vn -0.326072 -0.277502 -0.903698
vn -0.328800 -0.268051 0.905560
vn 0.679834 -0.705379 0.200665
vn 0.671834 -0.714159 -0.196507
vn 0.353079 -0.656823 -0.666273
vn 0.360570 -0.646333 0.672490
vn 0.724892 -0.682200 -0.095573
vn 0.635195 -0.766501 0.094884
vn 0.904174 0.373190 0.207843
vn 0.904862 0.370585 -0.209504
vn 0.618815 0.352031 -0.702241
vn 0.618480 0.356702 0.700175
vn 0.925919 0.377722 -0.000477
vn -0.007118 -0.006324 -0.999955
vn 0.001795 0.012609 0.999919
vn -0.002021 0.001735 0.999996
vn -0.001127 -0.008182 -0.999966
vn -0.221802 0.975090 -0.002082
vn 0.415148 -0.814603 -0.405061
vn 0.421262 -0.808163 0.411596
vn 0.784649 0.432096 -0.444543
vn 0.783615 0.434955 0.443578
vn -0.220233 0.960189 -0.171856
vn -0.214411 0.962409 0.166722
vn -0.676754 -0.730677 -0.090085
vn -0.652033 -0.753285 0.086107
vn -0.659631 -0.729559 0.180638
vn -0.656044 -0.732560 -0.181555
vn 0.337518 0.250996 -0.907239
vn 0.336725 0.258630 0.905388
vn 0.863061 0.463419 -0.200921
vn 0.861674 0.465879 0.201184
vn -0.203876 0.900183 -0.384844
vn -0.196617 0.904637 0.378118
vn 0.431552 -0.884544 -0.177045
vn 0.437620 -0.880263 0.183373
vn 0.137793 -0.442723 -0.886007
vn 0.144756 -0.428801 0.891726
vn 0.882168 0.470934 0.000527
vn -0.614675 -0.676801 -0.405112
vn -0.619102 -0.672636 0.405307
vn 0.435906 -0.899988 0.002872
vn 0.593288 0.427810 -0.681901
vn 0.591615 0.432393 0.680462
vn -0.167538 0.754618 -0.634416
vn -0.159427 0.763008 0.626419
vn -0.512470 -0.552275 -0.657547
vn -0.516941 -0.546165 0.659148
vn 0.221901 -0.738906 -0.636222
vn 0.226974 -0.731080 0.643433
vn -0.313399 -0.318399 0.894653
vn -0.310214 -0.327187 -0.892589
vn 0.743342 0.517358 -0.424009
vn 0.741242 0.520155 0.424263
vn -0.100878 0.460004 -0.882168
vn -0.092979 0.473981 0.875612
vn 0.810843 0.553179 0.191121
vn 0.812894 0.550760 -0.189386
vn 0.253551 -0.889625 -0.379841
vn 0.257428 -0.885492 0.386827
vn 0.835474 0.541383 0.094273
vn 0.816544 0.570281 -0.089640
vn -0.002223 0.001268 0.999997
vn -0.000568 -0.008797 -0.999961
vn 0.259802 -0.951478 -0.164902
vn 0.263612 -0.949287 0.171354
vn -0.004930 -0.004665 -0.999977
vn 0.001643 0.011883 0.999928
vn 0.324073 0.309061 0.894124
vn 0.326036 0.301274 -0.896066
vn 0.284644 -0.955254 -0.080420
vn 0.238039 -0.967882 0.080883
vn 0.561874 0.503093 -0.656655
vn 0.558984 0.507673 0.655595
vn 0.083086 -0.475100 -0.876001
vn 0.087935 -0.463215 0.881873
vn 0.693415 0.599355 -0.399936
vn 0.690382 0.602188 0.400926
vn -0.593684 -0.804698 -0.000634
vn 0.750350 0.636342 0.179007
vn 0.753011 0.633898 -0.176488
vn -0.585239 -0.792585 -0.171184
vn -0.588409 -0.790373 0.170547
vn 0.752902 0.652857 -0.083166
vn 0.775316 0.625382 0.088216
vn -0.108338 0.990970 -0.078998
vn -0.134199 0.987793 0.079093
vn 0.131006 -0.774399 -0.618986
vn 0.134280 -0.768150 0.626031
vn -0.552926 -0.739084 -0.384744
vn -0.556842 -0.735930 0.385140
vn -0.120854 0.978805 -0.165332
vn -0.117156 0.980057 0.160507
vn -0.473259 -0.609629 0.635908
vn -0.469076 -0.614691 -0.634131
vn -0.112483 0.921272 -0.372298
vn -0.107785 0.924286 0.366166
vn 0.147707 -0.918398 -0.367052
vn 0.150075 -0.915373 0.373592
vn -0.291166 -0.374152 -0.880473
vn -0.294571 -0.365953 0.882783
vn -0.093402 0.778673 -0.620438
vn -0.088000 0.785007 0.613204
vn -0.000209 -0.009373 -0.999956
vn -0.002609 0.000831 0.999996
vn 0.150484 -0.975682 -0.159373
vn 0.152796 -0.974348 0.165228
vn 0.165781 -0.983103 -0.077617
vn 0.136739 -0.987505 0.078339
vn 0.309035 0.351163 -0.883845
vn 0.305939 0.359110 0.881726
vn -0.057120 0.480283 -0.875252
vn -0.051668 0.491744 0.869205
vn 0.520756 0.575093 -0.630937
vn 0.516804 0.579771 0.629903
vn 0.632622 0.676577 -0.376872
vn 0.628807 0.679570 0.377870
vn -0.003226 -0.003213 -0.999990
vn 0.001371 0.011077 0.999938
vn 0.678979 0.714885 0.167112
vn 0.682200 0.712373 -0.164706
vn 0.693379 0.720571 0.001562
vn 0.046109 -0.488766 -0.871195
vn 0.049371 -0.478494 0.876702
vn 0.072235 -0.787923 -0.611522
vn 0.074315 -0.782654 0.618005
vn 0.081122 -0.928565 -0.362197
vn 0.082564 -0.926138 0.368038
vn -0.513992 -0.854222 0.078214
vn -0.535266 -0.840816 -0.080733
vn -0.521899 -0.837145 0.163733
vn -0.519252 -0.838840 -0.163477
vn -0.495911 -0.785186 0.370884
vn -0.492713 -0.787737 -0.369735
vn 0.082538 -0.984043 -0.157631
vn 0.083937 -0.983096 0.162719
vn -0.425807 -0.660269 0.618655
vn -0.422247 -0.664704 -0.616341
vn 0.091985 -0.992801 -0.076719
vn 0.074053 -0.994247 0.077383
vn -0.269674 -0.405604 0.873362
vn -0.266345 -0.413361 -0.870743
vn -0.003121 0.000417 0.999995
vn -0.000044 -0.009743 -0.999953
vn 0.278464 0.402673 0.871959
vn 0.282574 0.394639 -0.874307
vn 0.462002 0.642953 0.610872
vn 0.466794 0.638044 -0.612376
vn 0.559665 0.745800 -0.361327
vn 0.555208 0.749076 0.361426
vn 0.596185 0.787044 0.158512
vn 0.599926 0.784436 -0.157318
vn -0.059764 0.998211 -0.001854
vn 0.621716 0.779407 0.077413
vn 0.591753 0.802698 -0.074189
vn -0.059777 0.984918 -0.162368
vn -0.057543 0.985762 0.157997
vn -0.055853 0.928663 -0.366695
vn -0.052971 0.930953 0.361275
vn -0.046700 0.787774 -0.614192
vn -0.043315 0.792860 0.607862
vn -0.028899 0.488512 -0.872079
vn -0.025382 0.498101 0.866747
vn 0.001044 0.010344 0.999946
vn -0.001973 -0.002010 -0.999996
vn 0.022759 -0.492948 -0.869761
vn 0.024855 -0.483964 0.874735
vn 0.035804 -0.791883 -0.609622
vn 0.037087 -0.787309 0.615442
vn 0.040265 -0.931537 -0.361412
vn 0.041126 -0.929497 0.366530
vn 0.040997 -0.986638 -0.157686
vn 0.041827 -0.985899 0.162028
vn 0.041328 -0.999144 0.001910
vn 0.527979 0.845855 0.075942
vn 0.494629 0.865837 -0.075290
vn 0.502525 0.850206 0.156903
vn 0.506721 0.847481 -0.158145
vn 0.469849 0.806337 0.359253
vn 0.474799 0.802628 -0.361045
vn 0.393615 0.689332 0.608185
vn 0.398966 0.684006 -0.610706
vn 0.239273 0.430432 0.870331
vn 0.244128 0.422472 -0.872879
vn -0.003642 0.000044 0.999993
vn -0.000065 -0.009688 -0.999953
vn -0.237039 -0.430181 0.871066
vn -0.234091 -0.437719 -0.868103
vn -0.374573 -0.694466 0.614339
vn -0.371886 -0.698805 -0.611042
vn -0.437032 -0.821006 0.367359
vn -0.434666 -0.823395 -0.364810
vn -0.460814 -0.872522 0.162343
vn -0.458720 -0.873960 -0.160528
vn -0.454068 -0.887549 0.077974
vn -0.473370 -0.877334 -0.078781
vn -0.028526 0.996604 0.077245
vn -0.020135 0.996798 -0.077389
vn -0.024492 0.986580 -0.161431
vn -0.023262 0.987240 0.157534
vn -0.022974 0.930699 -0.365063
vn -0.021371 0.932591 0.360303
vn -0.019331 0.790291 -0.612427
vn -0.017418 0.794573 0.606919
vn -0.010087 0.499094 0.866489
vn -0.012122 0.490885 -0.871140
vn 0.000697 0.009741 0.999952
vn -0.001078 -0.001026 -0.999999
vn 0.010371 -0.485013 0.874445
vn 0.009150 -0.492941 -0.870014
vn -0.995552 0.052619 -0.078150
vn 0.461550 0.883774 0.076903
vn -0.999375 0.000349 0.035341
vn 0.452999 0.870783 0.191126
vn 0.458907 0.879079 -0.128938
vn 0.014599 -0.792058 -0.610271
vn 0.015329 -0.788034 0.615440
vn -0.990326 0.114942 -0.077739
vn -0.993391 0.084225 0.077980
vn 0.419647 0.813579 0.402474
vn 0.435523 0.839318 -0.325369
vn 0.016977 -0.930158 0.366766
vn 0.016500 -0.931912 -0.362310
vn -0.981717 -0.174049 -0.077064
vn -0.967275 -0.242104 0.075930
vn 0.016830 -0.987231 -0.158406
vn 0.017285 -0.986624 0.162092
vn 0.014056 -0.996908 0.077310
vn 0.020015 -0.996829 -0.077015
vn 0.342412 0.670907 0.657752
vn 0.376434 0.732279 -0.567507
vn -0.981988 0.052808 -0.181415
vn -0.985707 -0.108463 -0.128906
vn -0.987662 -0.024972 0.154597
vn -0.977683 0.195566 -0.076746
vn -0.982317 0.170610 0.077110
vn -0.982866 0.099784 -0.154974
vn -0.982880 0.100260 0.154577
vn 0.188116 0.372514 0.908761
vn 0.251061 0.493627 -0.832647
vn -0.965750 -0.208966 -0.153818
vn -0.966507 -0.207906 0.150461
vn 0.038916 0.076882 -0.996280
vn -0.041214 -0.083173 0.995682
vn -0.927388 -0.366950 -0.072798
vn -0.903744 -0.422154 0.070942
vn -0.971041 0.183591 -0.152885
vn -0.970962 0.183976 0.152926
vn -0.962577 0.260262 -0.075561
vn -0.967708 0.240357 0.075964
vn -0.245412 -0.497087 0.832273
vn -0.187371 -0.377403 -0.906895
vn -0.906762 -0.395999 -0.144800
vn -0.907748 -0.395132 0.140938
vn -0.361234 -0.736949 0.571328
vn -0.332334 -0.674819 -0.658918
vn -0.956230 0.251034 -0.150350
vn -0.956080 0.251344 0.150786
vn -0.413635 -0.848377 0.330398
vn -0.401551 -0.820860 -0.406135
vn -0.433347 -0.891525 0.131883
vn -0.429471 -0.882024 -0.193877
vn -0.435512 -0.896802 0.077947
vn -0.435737 -0.896623 -0.078741
vn -0.941079 0.052871 -0.334027
vn -0.952997 -0.108595 -0.282851
vn -0.936839 -0.108647 0.332459
vn -0.957343 0.052848 0.284079
vn -0.947376 0.311364 -0.074366
vn -0.952344 0.295725 0.074757
vn -0.946074 0.099986 -0.308136
vn -0.946165 0.100305 0.307752
vn -0.852650 -0.518178 -0.066931
vn -0.826776 -0.558774 0.064901
vn -0.929358 -0.209045 -0.304292
vn -0.930565 -0.208325 0.301079
vn -0.934695 0.183872 -0.304199
vn -0.934631 0.184137 0.304234
vn -0.941003 0.304431 -0.147770
vn -0.940799 0.304674 0.148562
vn -0.831065 -0.540033 -0.133021
vn -0.832133 -0.539391 0.128888
vn -0.872436 -0.396275 -0.286045
vn -0.873904 -0.395682 0.282359
vn -0.933488 0.351042 -0.073276
vn -0.937907 0.338985 0.073622
vn -0.920435 0.251377 -0.299346
vn -0.920244 0.251585 0.299761
vn -0.776624 -0.627008 -0.060964
vn -0.753324 -0.654986 0.059134
vn -0.926895 0.346020 -0.145383
vn -0.926648 0.346209 0.146499
vn 0.004723 -0.999988 0.001339
vn -0.905774 0.304812 -0.294385
vn -0.905471 0.304979 0.295143
vn -0.756670 -0.642433 -0.121367
vn -0.757723 -0.641983 0.117110
vn 0.004630 -0.987240 -0.159171
vn 0.004824 -0.986728 0.162312
vn 0.004529 -0.931569 -0.363536
vn 0.004734 -0.930045 0.367415
vn 0.003971 -0.791141 -0.611621
vn 0.004291 -0.787592 0.616182
vn -0.799432 -0.540407 -0.262430
vn -0.801013 -0.539965 0.258487
vn 0.002416 -0.491623 -0.870805
vn 0.002959 -0.484595 0.874734
vn -0.000449 -0.000214 -1.000000
vn 0.000344 0.009277 0.999957
vn -0.003493 0.491026 -0.871138
vn -0.002599 0.498210 0.867052
vn -0.005450 0.790404 -0.612562
vn -0.004622 0.794129 0.607732
vn -0.006415 0.930935 -0.365129
vn -0.005729 0.932574 0.360932
vn -0.006796 0.986871 -0.161366
vn -0.006274 0.987433 0.157915
vn -0.006654 0.999977 -0.001478
vn -0.921696 0.381106 -0.072352
vn -0.925356 0.372076 0.072638
vn -0.876992 0.052928 -0.477580
vn -0.896647 -0.108725 -0.429188
vn -0.873042 -0.108765 0.475361
vn -0.900756 0.052909 0.431090
vn -0.885886 0.100166 -0.452959
vn -0.886046 0.100361 0.452603
vn -0.869985 -0.209139 -0.446527
vn -0.871620 -0.208698 0.443536
vn -0.914774 0.377685 -0.143325
vn -0.914493 0.377829 0.144735
vn -0.875240 0.184133 -0.447270
vn -0.875188 0.184295 0.447304
vn -0.892193 0.346427 -0.289794
vn -0.891795 0.346557 0.290861
vn -0.711319 -0.700648 -0.055837
vn -0.693215 -0.718674 0.054416
vn -0.816549 -0.396554 -0.419515
vn -0.818480 -0.396189 0.416082
vn -0.727718 -0.642832 -0.239152
vn -0.729316 -0.642520 0.235088
vn -0.694359 -0.710926 -0.111582
vn -0.695342 -0.710630 0.107259
vn -0.861890 0.251691 -0.440225
vn -0.861655 0.251819 0.440610
vn -0.912408 0.402966 -0.071622
vn -0.915204 0.396536 0.071842
vn -0.905097 0.400911 -0.141665
vn -0.904787 0.401016 0.143343
vn -0.880527 0.378109 -0.285841
vn -0.880045 0.378208 0.287192
vn -0.848161 0.305168 -0.433008
vn -0.847765 0.305270 0.433711
vn -0.748062 -0.540770 -0.384669
vn -0.750136 -0.540496 0.380999
vn -0.663470 -0.746388 -0.052081
vn -0.652429 -0.756117 0.051215
vn -0.667674 -0.711317 -0.219636
vn -0.669240 -0.711109 0.215506
vn -0.650339 -0.752396 -0.104687
vn -0.651228 -0.752228 0.100276
vn -0.905825 0.417643 -0.071105
vn -0.907706 0.413512 0.071253
vn -0.835446 0.346808 -0.426327
vn -0.834905 0.346888 0.427321
vn -0.871217 0.401346 -0.282669
vn -0.870660 0.401419 0.284279
vn -0.898089 0.416790 -0.140436
vn -0.897753 0.416861 0.142361
vn -0.680821 -0.643213 -0.350371
vn -0.682936 -0.643020 0.346589
vn -0.791764 0.052965 -0.608526
vn -0.818549 -0.108818 -0.564036
vn -0.788202 -0.108839 0.605715
vn -0.822316 0.052954 0.566561
vn -0.804274 0.100294 -0.585734
vn -0.804495 0.100387 0.585415
vn -0.639331 -0.767292 -0.050186
vn -0.638446 -0.768034 0.050117
vn -0.789581 -0.209179 -0.576894
vn -0.791611 -0.208970 0.574181
vn 0.001125 -0.999659 -0.026092
vn 0.001129 -0.981286 -0.192551
vn 0.001121 -0.991381 0.131007
vn -0.794629 0.184315 -0.578440
vn -0.794587 0.184390 0.578474
vn -0.625256 -0.752777 -0.205868
vn -0.626776 -0.752656 0.201647
vn 0.001101 -0.914506 -0.404571
vn 0.001101 -0.944447 0.328662
vn -0.824526 0.378508 -0.420582
vn -0.823856 0.378569 0.421838
vn -0.632074 -0.768793 0.097161
vn -0.631306 -0.768825 -0.101790
vn 0.000955 -0.752303 -0.658816
vn 0.001007 -0.821529 0.570165
vn -0.740970 -0.396716 -0.541830
vn -0.743332 -0.396544 0.538711
vn -0.902036 0.425814 -0.070809
vn -0.902980 0.423796 0.070883
vn -0.782524 0.251909 -0.569384
vn -0.782248 0.251970 0.569737
vn -0.864481 0.417226 -0.280348
vn -0.863855 0.417278 0.282195
vn 0.000557 -0.417766 -0.908554
vn 0.000714 -0.552949 0.833215
vn -0.624538 -0.711689 -0.321637
vn -0.626650 -0.711559 0.317795
vn -0.893851 0.426060 -0.139654
vn -0.893494 0.426098 0.141804
vn -0.669968 -0.740525 0.052592
vn -0.652077 -0.756423 -0.051187
vn -0.000135 0.092787 -0.995686
vn 0.000114 -0.086699 0.996235
vn -0.000821 0.556777 -0.830662
vn -0.000609 0.422843 0.906203
vn -0.770073 0.305410 -0.560100
vn -0.769587 0.305459 0.560741
vn -0.653391 -0.750354 0.100243
vn -0.652825 -0.750132 -0.105454
vn -0.678706 -0.540995 -0.496672
vn -0.681237 -0.540865 0.493337
vn -0.815815 0.401755 -0.415979
vn -0.815027 0.401800 0.417478
vn -0.606889 -0.769213 -0.199993
vn -0.608372 -0.769183 0.195554
vn -0.001251 0.823091 -0.567908
vn -0.001124 0.754839 0.655909
vn -0.806657 -0.587618 0.063320
vn -0.741975 -0.667892 -0.058243
vn -0.001469 0.944900 -0.327357
vn -0.001404 0.915450 0.402430
vn -0.001560 0.991433 -0.130607
vn -0.001534 0.981520 0.191355
vn -0.892347 0.445881 -0.070048
vn -0.886124 -0.458199 0.069559
vn -0.001576 0.999667 0.025747
vn -0.898302 0.433684 0.070515
vn -0.952743 -0.303139 -0.019695
vn -0.883351 -0.463555 0.069343
vn -0.944189 -0.320957 -0.074118
vn -0.860414 0.426497 -0.278906
vn -0.859729 0.426525 0.280969
vn -0.764052 -0.634479 0.116881
vn -0.763962 -0.633284 -0.123749
vn -0.758541 0.347066 -0.551507
vn -0.757868 0.347104 0.552408
vn -0.584780 -0.753137 -0.301359
vn -0.586886 -0.753059 0.297434
vn -0.696735 -0.715240 -0.054693
vn -0.595079 -0.802308 0.046713
vn -0.889591 0.439570 -0.124119
vn -0.880796 -0.459335 0.114931
vn -0.884527 0.439855 0.155368
vn -0.979537 -0.155303 -0.128019
vn -0.873361 -0.459501 -0.161555
vn -0.971414 -0.155372 0.179485
vn -0.827247 0.558073 -0.064939
vn -0.851782 0.519613 0.066864
vn -0.907325 -0.395555 0.142472
vn -0.906255 -0.397768 -0.143116
vn -0.617596 -0.643457 -0.452259
vn -0.620192 -0.643365 0.448825
vn -0.628986 -0.750720 0.201979
vn -0.627523 -0.750579 -0.206994
vn -0.809518 0.417640 -0.412623
vn -0.808623 0.417672 0.414343
vn -0.635853 -0.765202 -0.100786
vn -0.637618 -0.763868 0.099749
vn -0.832224 0.539478 -0.127935
vn -0.830872 0.540099 0.133961
vn -0.733294 0.677471 -0.057563
vn -0.768583 0.636898 0.060334
vn -0.419951 -0.906948 -0.032966
vn -0.352008 -0.935589 0.027632
vn -0.748641 0.378775 -0.544120
vn -0.747797 0.378806 0.545257
vn -0.744638 0.657727 -0.113623
vn -0.742957 0.658378 0.120636
vn -0.620977 0.783817 0.004283
vn -0.735817 -0.634752 0.235932
vn -0.734336 -0.633959 -0.242584
vn -0.569681 -0.769554 0.288531
vn -0.567542 -0.769576 -0.292659
vn -0.378673 -0.923563 -0.060318
vn -0.379928 -0.923124 0.059140
vn -0.858635 0.440034 -0.262898
vn -0.947029 -0.155488 -0.280996
vn -0.836724 -0.459959 -0.297204
vn -0.930917 -0.155562 0.330445
vn -0.851398 -0.459782 0.252432
vn -0.848745 0.440273 0.292902
vn -0.873155 -0.396324 0.283775
vn -0.872291 -0.397822 -0.284335
vn -0.614295 0.783652 -0.092362
vn -0.612067 0.784360 0.100763
vn -0.687566 0.052972 -0.724187
vn -0.720856 -0.108857 -0.684483
vn -0.684483 -0.108857 0.720856
vn -0.724187 0.052972 0.687566
vn -0.351000 0.935970 -0.027553
vn -0.447344 0.893672 0.035116
vn -0.566460 -0.711929 -0.415066
vn -0.569075 -0.711867 0.411581
vn -0.703399 0.100366 -0.703673
vn -0.703673 0.100366 0.703399
vn -0.690276 -0.209127 -0.692665
vn -0.692665 -0.209127 0.690276
vn -0.611777 -0.765381 -0.199803
vn -0.613200 -0.764476 0.198904
vn -0.801256 0.540046 -0.257563
vn -0.799092 0.540474 0.263324
vn 0.091618 0.995768 0.007192
vn -0.085429 0.996322 0.006706
vn -0.398893 0.915205 -0.057314
vn -0.395657 0.915891 0.067815
vn -0.805723 0.426910 -0.410559
vn -0.804732 0.426928 0.412479
vn -0.694999 0.184400 -0.694962
vn -0.694962 0.184400 0.694999
vn 0.926913 -0.368155 0.072761
vn 0.926912 -0.368158 -0.072762
vn -0.740747 0.402029 -0.538207
vn -0.739749 0.402050 0.539562
vn 0.689171 0.722576 0.054099
vn 0.502035 0.863949 -0.039409
vn -0.716909 0.658284 -0.229571
vn -0.714308 0.658743 0.236268
vn 0.943509 -0.322963 0.074065
vn 0.960835 -0.266658 -0.075425
vn -0.003424 0.999973 0.006571
vn 0.001582 0.999975 0.006871
vn -0.647700 -0.396720 -0.650460
vn -0.650460 -0.396720 0.647700
vn -0.210608 -0.977431 0.016532
vn -0.248868 -0.968340 -0.019536
vn 0.972307 0.220894 0.076325
vn 0.922565 0.378985 -0.072420
vn 0.921514 -0.369157 0.120561
vn 0.913867 -0.369297 -0.168722
vn -0.589067 -0.751076 0.298136
vn -0.586790 -0.750993 -0.302799
vn 0.989471 -0.122124 0.077673
vn 0.996546 -0.027861 -0.078229
vn -0.684444 0.252003 -0.684128
vn -0.684128 0.252003 0.684444
vn -0.364183 -0.923662 -0.119247
vn -0.365285 -0.923364 0.118180
vn 0.590871 0.800421 0.100982
vn 0.596268 0.798170 -0.085963
vn 0.942725 -0.297011 0.151834
vn 0.943502 -0.297862 -0.145200
vn -0.591436 0.784138 -0.187968
vn -0.588176 0.784629 0.195977
vn -0.225582 -0.973553 -0.036170
vn -0.226373 -0.973412 0.035000
vn 0.941724 0.298753 0.154605
vn 0.944425 0.296273 -0.142423
vn 0.984160 -0.077448 0.159470
vn 0.985427 -0.078903 -0.150693
vn -0.530337 -0.753371 -0.388813
vn -0.532977 -0.753333 0.385259
vn -0.384222 0.915493 -0.119357
vn -0.379829 0.915971 0.129334
vn -0.689383 -0.635039 0.348534
vn -0.686667 -0.634560 -0.354714
vn -0.673583 0.305509 -0.673016
vn -0.673016 0.305509 0.673583
vn -0.593199 -0.541033 -0.596153
vn -0.596153 -0.541033 0.593199
vn -0.806423 0.440488 -0.394529
vn -0.891032 -0.155676 -0.426412
vn -0.800902 -0.460222 0.383081
vn -0.867497 -0.155737 0.472435
vn -0.792064 0.440653 0.422445
vn -0.779532 -0.460357 -0.424736
vn -0.735045 0.417915 -0.533906
vn -0.733906 0.417931 0.535458
vn -0.003996 0.999974 0.006065
vn 0.002225 0.999975 0.006649
vn -0.817453 -0.397007 0.417320
vn -0.816736 -0.397927 -0.417848
vn 0.890792 -0.369543 0.264440
vn 0.875668 -0.369693 -0.310697
vn 0.567524 0.800432 0.192940
vn 0.574335 0.798874 -0.178715
vn -0.572577 -0.765575 -0.293343
vn -0.573748 -0.765022 0.292497
vn -0.750517 0.540580 -0.380128
vn -0.747585 0.540844 0.385492
vn 0.906814 -0.297480 0.298654
vn 0.908704 -0.298055 -0.292266
vn -0.217666 -0.973497 0.070176
vn -0.216882 -0.973593 -0.071261
vn 0.905550 0.298679 0.301281
vn 0.909897 0.296995 -0.289622
vn 0.946638 -0.077788 0.312770
vn 0.949305 -0.078767 -0.304330
vn -0.663524 0.347167 -0.662730
vn -0.662730 0.347167 0.663524
vn -0.517384 -0.769803 0.373788
vn -0.514654 -0.769814 -0.377515
vn -0.847053 0.527334 -0.066493
vn -0.847053 0.527332 0.066492
vn -0.671514 0.658805 -0.339183
vn -0.668047 0.659092 0.345414
vn -0.539725 -0.643512 -0.542761
vn -0.542761 -0.643512 0.539725
vn -0.340706 -0.923763 -0.174876
vn -0.341712 -0.923580 0.173879
vn -0.129492 -0.991528 0.010165
vn -0.151830 -0.988335 -0.011918
vn -0.834729 0.528698 -0.153964
vn -0.841723 0.528531 0.110265
vn -0.554044 0.784577 -0.278342
vn -0.549800 0.784884 0.285791
vn -0.690741 0.721066 0.054222
vn -0.549546 0.834349 -0.043139
vn -0.731616 0.427186 -0.531272
vn -0.730349 0.427195 0.533006
vn -0.138323 -0.990134 -0.022380
vn -0.138857 -0.990084 0.021268
vn -0.654889 0.378877 -0.653890
vn -0.653890 0.378877 0.654889
vn -0.360141 0.915757 -0.178008
vn -0.354638 0.916053 0.187290
vn -0.609273 0.786864 0.098142
vn -0.612141 0.785118 -0.094193
vn -0.535061 -0.751306 0.386327
vn -0.532062 -0.751269 -0.390519
vn -0.004542 0.999975 0.005489
vn 0.002885 0.999976 0.006341
vn 0.837986 -0.369926 0.401165
vn 0.815931 -0.370048 -0.444209
vn -0.494983 -0.711992 -0.498055
vn -0.498055 -0.711992 0.494983
vn 0.530129 0.800475 0.279647
vn 0.538342 0.799510 -0.266405
vn -0.799714 0.529179 -0.283596
vn -0.813494 0.528996 0.241642
vn 0.848508 -0.297914 0.437357
vn 0.851424 -0.298262 -0.431413
vn -0.202837 -0.973634 -0.104372
vn -0.203637 -0.973575 0.103359
vn 0.846974 0.298693 0.439793
vn 0.852884 0.297653 -0.428941
vn 0.885723 -0.078078 0.457600
vn 0.889686 -0.078671 -0.449745
vn -0.626375 -0.635208 0.451847
vn -0.622583 -0.634981 -0.457372
vn -0.646822 0.402128 0.648008
vn -0.648008 0.402128 -0.646822
vn -0.132949 -0.990151 -0.043892
vn -0.133545 -0.990116 0.042847
vn -0.734748 0.440804 -0.515594
vn -0.813427 -0.155815 -0.560410
vn -0.703638 -0.460609 -0.541048
vn -0.731060 -0.460536 0.503445
vn -0.783176 -0.155846 0.601954
vn -0.716347 0.440889 0.540799
vn -0.742079 -0.397507 0.539729
vn -0.741461 -0.397941 -0.540257
vn -0.586038 0.786957 0.193022
vn -0.588816 0.785771 -0.189367
vn -0.308447 0.950933 -0.024213
vn -0.364925 0.930596 0.028646
vn -0.519650 -0.765675 -0.379085
vn -0.520654 -0.765414 0.378234
vn -0.681748 0.540945 -0.492542
vn -0.678111 0.541068 0.497405
vn -0.463371 -0.753439 -0.466494
vn -0.466494 -0.753439 0.463371
vn -0.332463 0.941740 -0.050925
vn -0.331143 0.942059 0.053573
vn -0.566561 0.052954 -0.822316
vn -0.605715 -0.108839 -0.788202
vn -0.564036 -0.108818 0.818549
vn -0.608526 0.052965 0.791764
vn -0.585415 0.100387 -0.804495
vn -0.585734 0.100294 0.804274
vn -0.610036 0.659172 -0.439713
vn -0.605772 0.659308 0.445369
vn -0.574181 -0.208970 -0.791611
vn -0.576894 -0.209179 0.789581
vn -0.578474 0.184390 -0.794587
vn -0.578440 0.184315 0.794629
vn -0.643043 0.418016 -0.641684
vn -0.641684 0.418016 0.643043
vn -0.309108 -0.923820 -0.225851
vn -0.310063 -0.923734 0.224892
vn -0.503442 0.784894 -0.361231
vn -0.498283 0.785039 0.368004
vn -0.538711 -0.396544 -0.743332
vn -0.541830 -0.396716 0.740970
vn -0.745062 0.529605 -0.405464
vn -0.765112 0.529462 0.366435
vn -0.569737 0.251970 -0.782248
vn -0.569384 0.251909 0.782524
vn -0.327551 0.915949 -0.231834
vn -0.320988 0.916093 0.240292
vn -0.319775 0.941922 -0.102602
vn -0.318321 0.942140 0.105086
vn -0.080072 -0.996769 0.006286
vn -0.093966 -0.995548 -0.007376
vn -0.124300 -0.990167 -0.064182
vn -0.124967 -0.990145 0.063209
vn -0.452883 -0.769893 0.449624
vn -0.449624 -0.769893 -0.452883
vn -0.005057 0.999975 0.004867
vn 0.003552 0.999976 0.005964
vn -0.548293 0.787081 0.282627
vn -0.551081 0.786351 -0.279216
vn 0.764903 -0.370210 0.527132
vn 0.736585 -0.370274 -0.565986
vn -0.085712 -0.996221 -0.014051
vn -0.086102 -0.996201 0.013005
vn -0.560741 0.305459 -0.769587
vn -0.560100 0.305410 0.770073
vn 0.480023 0.800440 0.358991
vn 0.489590 0.799990 -0.346868
vn -0.493337 -0.540865 -0.681237
vn -0.496672 -0.540995 0.678706
vn 0.769735 -0.298220 0.564422
vn 0.773568 -0.298381 -0.559072
vn -0.183969 -0.973658 -0.134703
vn -0.184806 -0.973630 0.133757
vn 0.767941 0.298638 0.566641
vn 0.775296 0.298136 -0.556805
vn -0.640065 0.427285 -0.638549
vn -0.638549 0.427285 0.640065
vn 0.803401 -0.078288 0.590269
vn 0.808530 -0.078570 -0.583185
vn -0.468417 -0.751376 0.464780
vn -0.464780 -0.751376 -0.468417
vn -0.233161 0.972266 0.018303
vn -0.208794 0.977822 -0.016390
vn -0.552408 0.347104 -0.757868
vn -0.551507 0.347066 0.758541
vn -0.082836 -0.996214 0.026388
vn -0.082351 -0.996227 -0.027377
vn -0.217891 0.975333 0.035341
vn -0.218594 0.975244 -0.033393
vn -0.448825 -0.643365 -0.620192
vn -0.452259 -0.643457 0.617596
vn -0.543768 -0.635195 -0.548493
vn -0.548493 -0.635195 0.543768
vn -0.299261 0.942088 -0.151371
vn -0.297654 0.942222 0.153686
vn -0.645566 0.440941 -0.623551
vn -0.664452 -0.335252 -0.667915
vn -0.667915 -0.335252 0.664452
vn -0.623551 0.440941 0.645566
vn -0.649025 -0.397815 0.648467
vn -0.648467 -0.397815 -0.649025
vn -0.545257 0.378806 -0.747797
vn -0.544120 0.378775 0.748641
vn -0.672566 0.529872 -0.516615
vn -0.698273 0.529797 0.481384
vn -0.454418 -0.765629 -0.455320
vn -0.455320 -0.765629 0.454418
vn -0.596782 0.541108 -0.592498
vn -0.592498 0.541108 0.596782
vn -0.210279 0.975317 -0.067376
vn -0.209393 0.975378 0.069220
vn -0.112701 -0.990176 -0.082762
vn -0.113442 -0.990166 0.081865
vn -0.411581 -0.711867 -0.569075
vn -0.415066 -0.711929 0.566460
vn -0.534126 0.659341 -0.529130
vn -0.529130 0.659341 0.534126
vn -0.497398 0.787121 0.364741
vn -0.500272 0.786776 -0.361541
vn -0.270239 -0.923813 -0.271182
vn -0.271182 -0.923813 0.270239
vn -0.440997 0.785049 -0.434993
vn -0.434993 0.785049 0.440997
vn -0.539562 0.402050 -0.739749
vn -0.538207 0.402029 0.740747
vn -0.077543 -0.996225 0.039021
vn -0.076965 -0.996233 -0.039941
vn -0.287326 0.916061 -0.279779
vn -0.279779 0.916061 0.287326
vn -0.005533 0.999976 0.004216
vn 0.004216 0.999976 0.005533
vn -0.385259 -0.753333 -0.532977
vn -0.388813 -0.753371 0.530337
vn 0.673574 -0.370325 0.639655
vn 0.639655 -0.370325 -0.673574
vn 0.418512 0.800291 0.429397
vn 0.429397 0.800291 -0.418512
vn 0.672573 -0.298372 0.677215
vn 0.677215 -0.298372 -0.672573
vn -0.161673 -0.973658 0.160786
vn -0.160786 -0.973658 -0.161673
vn 0.670533 0.298454 0.679198
vn 0.679198 0.298454 -0.670533
vn 0.701836 -0.078448 0.708006
vn 0.708006 -0.078448 -0.701836
vn -0.195746 0.975422 0.101168
vn -0.196812 0.975384 -0.099453
vn -0.535458 0.417931 -0.733906
vn -0.533906 0.417915 0.735045
vn -0.271679 0.942205 -0.196060
vn -0.269901 0.942269 0.198198
vn -0.165143 0.986185 -0.012964
vn -0.175477 0.984387 0.013775
vn -0.168514 0.985364 -0.025718
vn -0.168092 0.985394 0.027289
vn -0.377515 -0.769814 0.514654
vn -0.373788 -0.769803 -0.517384
vn -0.048076 -0.998837 0.003774
vn -0.057193 -0.998353 -0.004490
vn -0.052274 -0.998603 0.007717
vn -0.051969 -0.998611 -0.008699
vn -0.533006 0.427195 -0.730349
vn -0.531272 0.427186 0.731616
vn -0.431090 0.052909 -0.900756
vn -0.429188 -0.108725 0.896647
vn -0.477580 0.052928 0.876992
vn -0.475361 -0.108765 -0.873042
vn -0.070421 -0.996233 0.050600
vn -0.069751 -0.996237 -0.051443
vn -0.584073 0.529935 -0.614840
vn -0.614840 0.529935 0.584073
vn -0.452959 0.100166 0.885886
vn -0.452603 0.100361 -0.886046
vn -0.390519 -0.751269 0.532062
vn -0.386327 -0.751306 -0.535061
vn -0.162124 0.985404 -0.051920
vn -0.161508 0.985425 0.053416
vn -0.443536 -0.208698 -0.871620
vn -0.446527 -0.209139 0.869985
vn -0.447304 0.184295 -0.875188
vn -0.447270 0.184133 0.875240
vn -0.098460 -0.990176 -0.099280
vn -0.099280 -0.990176 0.098460
vn -0.434714 0.787029 0.437732
vn -0.437732 0.787029 -0.434714
vn -0.050318 -0.998608 0.015844
vn -0.049904 -0.998613 -0.016777
vn -0.416082 -0.396189 -0.818480
vn -0.419515 -0.396554 0.816549
vn -0.457372 -0.634981 0.622583
vn -0.451847 -0.635208 -0.626375
vn -0.440610 0.251819 -0.861655
vn -0.440225 0.251691 0.861890
vn -0.601954 -0.155846 -0.783176
vn -0.560410 -0.155815 0.813427
vn -0.540799 0.440889 -0.716347
vn -0.503445 -0.460536 -0.731060
vn -0.541048 -0.460609 0.703638
vn -0.515594 0.440804 0.734748
vn -0.178696 0.975431 -0.128850
vn -0.177453 0.975449 0.130419
vn -0.540257 -0.397941 0.741461
vn -0.539729 -0.397507 -0.742079
vn -0.378234 -0.765414 -0.520654
vn -0.379085 -0.765675 0.519650
vn -0.497405 0.541068 -0.678111
vn -0.492542 0.540945 0.681748
vn -0.433711 0.305270 -0.847765
vn -0.433008 0.305168 0.848161
vn -0.380999 -0.540496 -0.750136
vn -0.384669 -0.540770 0.748062
vn -0.445369 0.659308 -0.605772
vn -0.439713 0.659172 0.610036
vn -0.151756 0.985441 -0.076658
vn -0.150959 0.985454 0.078048
vn -0.224892 -0.923734 -0.310063
vn -0.225851 -0.923820 0.309108
vn -0.237763 0.942266 -0.235805
vn -0.235805 0.942266 0.237763
vn -0.368004 0.785039 -0.498283
vn -0.361231 0.784894 0.503442
vn -0.427321 0.346888 -0.834905
vn -0.426327 0.346808 0.835446
vn -0.046613 -0.998615 -0.024387
vn -0.047129 -0.998612 0.023520
vn -0.350371 -0.643213 0.680821
vn -0.346589 -0.643020 -0.682936
vn -0.240292 0.916093 -0.320988
vn -0.231834 0.915949 0.327551
vn -0.005964 0.999976 0.003552
vn 0.004867 0.999975 0.005057
vn 0.565986 -0.370274 0.736585
vn 0.527132 -0.370210 -0.764903
vn -0.420582 0.378508 0.824526
vn -0.421838 0.378569 -0.823856
vn 0.346868 0.799990 0.489590
vn 0.358991 0.800440 -0.480023
vn -0.150982 0.988465 -0.011852
vn -0.152965 0.988159 0.012008
vn 0.559072 -0.298381 0.773568
vn 0.564422 -0.298220 -0.769735
vn -0.134703 -0.973658 0.183969
vn -0.133757 -0.973630 -0.184806
vn 0.566641 0.298638 -0.767941
vn 0.556805 0.298136 0.775296
vn 0.583185 -0.078570 0.808530
vn 0.590269 -0.078288 -0.803401
vn -0.150228 0.988386 -0.022926
vn -0.149961 0.988392 0.024347
vn -0.061663 -0.996237 0.060904
vn -0.060904 -0.996237 -0.061663
vn -0.321637 -0.711689 0.624538
vn -0.317795 -0.711559 -0.626650
vn -0.415979 0.401755 0.815815
vn -0.417478 0.401800 -0.815027
vn -0.137800 0.985466 -0.099332
vn -0.136835 0.985473 0.100596
vn -0.144548 0.988415 -0.046290
vn -0.144069 0.988420 0.047650
vn -0.156415 0.975453 -0.155005
vn -0.155005 0.975453 0.156415
vn -0.297434 -0.753059 -0.586886
vn -0.301359 -0.753137 0.584780
vn -0.481384 0.529797 -0.698273
vn -0.516615 0.529872 0.672566
vn -0.042829 -0.998615 0.030560
vn -0.042215 -0.998617 -0.031351
vn -0.414343 0.417672 -0.808623
vn -0.412623 0.417640 0.809518
vn -0.081865 -0.990166 -0.113442
vn -0.082762 -0.990176 0.112701
vn -0.361541 0.786776 0.500272
vn -0.364741 0.787121 -0.497398
vn -0.292659 -0.769576 0.567542
vn -0.288531 -0.769554 -0.569681
vn -0.135317 0.988442 -0.068351
vn -0.134645 0.988445 0.069615
vn -0.412479 0.426928 -0.804732
vn -0.410559 0.426910 0.805723
vn -0.302799 -0.750993 0.586790
vn -0.298136 -0.751076 -0.589067
vn -0.198198 0.942269 -0.269901
vn -0.196060 0.942205 0.271679
vn -0.029775 -0.999557 -0.000472
vn -0.354714 -0.634560 0.686667
vn -0.348534 -0.635039 -0.689383
vn -0.472435 -0.155737 -0.867497
vn -0.424736 -0.460357 0.779532
vn -0.394529 0.440488 0.806423
vn -0.426412 -0.155676 0.891032
vn -0.422445 0.440653 -0.792064
vn -0.383081 -0.460222 -0.800902
vn -0.029269 -0.999559 -0.005092
vn -0.029518 -0.999556 0.004167
vn -0.417848 -0.397927 0.816736
vn -0.417320 -0.397007 -0.817453
vn -0.120632 0.985477 -0.119510
vn -0.119510 0.985477 0.120632
vn -0.292497 -0.765022 -0.573748
vn -0.293343 -0.765575 0.572577
vn -0.385492 0.540844 -0.747585
vn -0.380128 0.540580 0.750517
vn -0.050600 -0.996233 -0.070421
vn -0.051443 -0.996237 0.069751
vn -0.037534 -0.998616 0.036828
vn -0.036828 -0.998616 -0.037534
vn -0.345414 0.659092 -0.668047
vn -0.339183 0.658805 0.671514
vn -0.158608 0.987263 -0.012450
vn -0.153572 0.988064 0.012055
vn -0.173879 -0.923580 -0.341712
vn -0.174876 -0.923763 0.340706
vn -0.028078 -0.999559 -0.009639
vn -0.028441 -0.999557 0.008758
vn -0.122882 0.988460 -0.088577
vn -0.122036 0.988462 0.089719
vn -0.278342 0.784577 0.554044
vn -0.285791 0.784884 -0.549800
vn -0.154001 0.987792 -0.023484
vn -0.153829 0.987781 0.024993
vn -0.187290 0.916053 -0.354638
vn -0.178008 0.915757 0.360141
vn -0.130419 0.975449 -0.177453
vn -0.128850 0.975431 0.178696
vn -0.006341 0.999976 0.002885
vn 0.005489 0.999975 0.004542
vn 0.444209 -0.370048 0.815931
vn 0.401165 -0.369926 -0.837986
vn 0.266405 0.799510 0.538342
vn 0.279647 0.800475 -0.530129
vn 0.431413 -0.298262 0.851424
vn 0.437357 -0.297914 -0.848508
vn -0.103359 -0.973575 -0.203637
vn -0.104372 -0.973634 0.202837
vn 0.439793 0.298693 -0.846974
vn 0.428941 0.297653 0.852884
vn -0.148198 0.987819 -0.047441
vn -0.147766 0.987813 0.048892
vn 0.449745 -0.078671 0.889686
vn 0.457600 -0.078078 -0.885723
vn -0.284079 0.052848 -0.957343
vn -0.332459 -0.108647 -0.936839
vn -0.282851 -0.108595 0.952997
vn -0.334027 0.052871 0.941079
vn -0.307752 0.100305 -0.946165
vn -0.308136 0.099986 0.946074
vn -0.301079 -0.208325 -0.930565
vn -0.304292 -0.209045 0.929358
vn -0.304234 0.184137 -0.934631
vn -0.304199 0.183872 0.934695
vn -0.026667 -0.999559 0.013099
vn -0.026197 -0.999560 -0.013918
vn -0.282359 -0.395682 -0.873904
vn -0.286045 -0.396275 0.872436
vn -0.299761 0.251585 -0.920244
vn -0.299346 0.251377 0.920435
vn -0.295143 0.304979 -0.905471
vn -0.294385 0.304812 0.905774
vn -0.258487 -0.539965 -0.801013
vn -0.262430 -0.540407 0.799432
vn -0.366435 0.529462 -0.765112
vn -0.405464 0.529605 0.745062
vn -0.138749 0.987846 -0.070066
vn -0.138085 0.987843 0.071413
vn -0.063209 -0.990145 -0.124967
vn -0.064182 -0.990167 0.124300
vn -0.279216 0.786351 0.551081
vn -0.282627 0.787081 -0.548293
vn -0.290861 0.346557 -0.891795
vn -0.289794 0.346427 0.892193
vn -0.107580 0.988467 -0.106577
vn -0.106577 0.988467 0.107580
vn -0.235088 -0.642520 -0.729316
vn -0.239152 -0.642832 0.727718
vn -0.100596 0.985473 -0.136835
vn -0.099332 0.985466 0.137800
vn -0.287192 0.378208 -0.880045
vn -0.285841 0.378109 0.880527
vn -0.023695 -0.999560 -0.017830
vn -0.024265 -0.999560 0.017085
vn -0.031351 -0.998617 0.042215
vn -0.030560 -0.998615 -0.042829
vn -0.215506 -0.711109 -0.669240
vn -0.219636 -0.711317 0.667674
vn -0.153686 0.942222 -0.297654
vn -0.151371 0.942088 0.299261
vn -0.284279 0.401419 -0.870660
vn -0.282669 0.401346 0.871217
vn -0.126012 0.987864 -0.090811
vn -0.125141 0.987862 0.092024
vn -0.201647 -0.752656 -0.626776
vn -0.205868 -0.752777 0.625256
vn -0.039021 -0.996225 -0.077543
vn -0.039941 -0.996233 0.076965
vn -0.175925 0.984307 0.013809
vn -0.189358 0.981796 -0.014864
vn -0.282195 0.417278 -0.863855
vn -0.280348 0.417226 0.864481
vn -0.179591 0.983306 0.029255
vn -0.179703 0.983341 -0.027327
vn -0.195554 -0.769183 -0.608372
vn -0.199993 -0.769213 0.606889
vn -0.099453 0.975384 0.196812
vn -0.101168 0.975422 -0.195746
vn -0.280969 0.426525 -0.859729
vn -0.278906 0.426497 0.860414
vn -0.172963 0.983375 -0.055291
vn -0.172485 0.983353 0.057149
vn -0.020638 -0.999560 -0.021299
vn -0.021299 -0.999560 0.020638
vn -0.201979 -0.750720 -0.628986
vn -0.206994 -0.750579 0.627523
vn -0.089719 0.988462 -0.122036
vn -0.088577 0.988460 0.122882
vn -0.235932 -0.634752 -0.735817
vn -0.242584 -0.633959 0.734336
vn -0.280996 -0.155488 0.947029
vn -0.292902 0.440273 -0.848745
vn -0.252432 -0.459782 -0.851398
vn -0.330445 -0.155562 -0.930917
vn -0.297204 -0.459959 0.836724
vn -0.262898 0.440034 0.858635
vn -0.110331 0.987869 -0.109278
vn -0.109278 0.987869 0.110331
vn -0.284335 -0.397822 0.872291
vn -0.283775 -0.396324 -0.873155
vn -0.199803 -0.765381 0.611777
vn -0.198904 -0.764476 -0.613200
vn -0.263324 0.540474 -0.799092
vn -0.257563 0.540046 0.801256
vn -0.161963 0.983409 -0.081706
vn -0.161160 0.983395 0.083431
vn -0.236268 0.658743 -0.714308
vn -0.229571 0.658284 0.716909
vn -0.119247 -0.923662 0.364183
vn -0.118180 -0.923364 -0.365285
vn -0.195977 0.784629 -0.588176
vn -0.187968 0.784138 0.591436
vn -0.129334 0.915971 -0.379829
vn -0.119357 0.915493 0.384222
vn -0.078048 0.985454 -0.150959
vn -0.076658 0.985441 0.151756
vn -0.006649 0.999975 0.002225
vn 0.006065 0.999974 0.003996
vn 0.310697 -0.369693 0.875668
vn 0.264440 -0.369543 -0.890792
vn 0.178715 0.798874 0.574335
vn 0.192940 0.800432 -0.567524
vn 0.292266 -0.298055 0.908704
vn 0.298654 -0.297480 -0.906814
vn -0.071261 -0.973593 0.216882
vn -0.070176 -0.973497 -0.217666
vn 0.289622 0.296995 0.909897
vn 0.301281 0.298679 -0.905550
vn -0.024387 -0.998615 0.046613
vn -0.023520 -0.998612 -0.047129
vn 0.304330 -0.078767 0.949305
vn 0.312770 -0.077788 -0.946638
vn -0.146033 0.983424 0.107477
vn -0.147118 0.983430 -0.105931
vn -0.017085 -0.999560 -0.024265
vn -0.017830 -0.999560 0.023695
vn -0.241642 0.528996 -0.813494
vn -0.283596 0.529179 0.799714
vn -0.043892 -0.990151 0.132949
vn -0.042847 -0.990116 -0.133545
vn -0.193022 0.786957 -0.586038
vn -0.189367 0.785771 0.588816
vn -0.092024 0.987862 -0.125141
vn -0.090811 0.987864 0.126012
vn -0.254283 0.966924 -0.019962
vn -0.227186 0.973688 0.017834
vn -0.011945 -0.999928 0.000938
vn -0.015446 -0.999880 -0.001212
vn -0.236009 0.971094 -0.035731
vn -0.235950 0.970998 0.038596
vn -0.105086 0.942140 -0.318321
vn -0.102602 0.941922 0.319775
vn -0.013920 -0.999900 -0.002651
vn -0.014117 -0.999899 0.001768
vn -0.069615 0.988445 -0.134645
vn -0.068351 0.988442 0.135317
vn -0.128832 0.983436 -0.127500
vn -0.127500 0.983436 0.128832
vn -0.227210 0.971146 -0.072467
vn -0.226574 0.971084 0.075236
vn -0.013318 -0.999900 -0.004810
vn -0.013637 -0.999899 0.003966
vn -0.027377 -0.996227 0.082351
vn -0.026388 -0.996214 -0.082836
vn -0.972669 -0.219513 -0.075695
vn -0.917108 -0.392194 0.071385
vn -0.930611 0.358775 0.072418
vn -0.776750 0.626903 -0.060440
vn -0.938511 -0.312807 -0.146109
vn -0.939238 -0.310020 0.147377
vn -0.855159 0.501955 -0.129399
vn -0.851326 0.506361 0.137268
vn -0.069220 0.975378 -0.209393
vn -0.067376 0.975317 0.210279
vn -0.212807 0.971198 -0.107180
vn -0.211662 0.971161 0.109752
vn -0.012391 -0.999900 -0.006835
vn -0.012822 -0.999899 0.006051
vn -0.903816 -0.312875 -0.291935
vn -0.904059 -0.310976 0.293207
vn -0.823462 0.503211 -0.262086
vn -0.819196 0.506240 0.269517
vn -0.154597 -0.024972 -0.987662
vn -0.128906 -0.108463 0.985707
vn -0.181415 0.052808 0.981988
vn -0.154577 0.100260 -0.982880
vn -0.154974 0.099784 0.982866
vn -0.150461 -0.207906 -0.966507
vn -0.153818 -0.208966 0.965750
vn -0.013099 -0.999559 -0.026667
vn -0.013918 -0.999560 0.026197
vn -0.812692 -0.579248 -0.063265
vn -0.780146 -0.622640 0.060750
vn -0.152926 0.183976 -0.970962
vn -0.152885 0.183591 0.971041
vn -0.788034 -0.602774 -0.125164
vn -0.789163 -0.602060 0.121429
vn -0.140938 -0.395132 -0.907748
vn -0.144800 -0.395999 0.906762
vn -0.846612 -0.313015 -0.430431
vn -0.846438 -0.311846 0.431619
vn -0.771398 0.504342 -0.388052
vn -0.766626 0.506219 0.395001
vn -0.150786 0.251344 -0.956080
vn -0.150350 0.251034 0.956230
vn -0.193346 0.971231 -0.139025
vn -0.191759 0.971214 0.141323
vn -0.011170 -0.999900 -0.008682
vn -0.011703 -0.999900 0.007971
vn -0.107477 0.983424 -0.146033
vn -0.105931 0.983430 0.147118
vn -0.071413 0.987843 -0.138085
vn -0.070066 0.987846 0.138749
vn -0.148562 0.304674 -0.940799
vn -0.147770 0.304431 0.941003
vn -0.128888 -0.539391 -0.832133
vn -0.133021 -0.540033 0.831065
vn -0.053416 0.985425 -0.161508
vn -0.051920 0.985404 0.162124
vn -0.304502 0.952217 -0.023692
vn -0.420948 0.906493 0.032754
vn -0.758127 -0.603324 -0.247475
vn -0.759674 -0.602833 0.243899
vn -0.360196 0.931435 -0.051848
vn -0.356902 0.932200 0.060202
vn -0.016777 -0.998613 0.049904
vn -0.015844 -0.998608 -0.050318
vn -0.146499 0.346209 -0.926648
vn -0.145383 0.346020 0.926895
vn -0.117110 -0.641983 -0.757723
vn -0.121367 -0.642433 0.756670
vn -0.346804 0.931744 -0.107613
vn -0.342790 0.932280 0.115540
vn -0.144735 0.377829 -0.914493
vn -0.143325 0.377685 0.914774
vn -0.768645 -0.313066 -0.557830
vn -0.768130 -0.312511 0.558850
vn -0.700596 0.505219 -0.503905
vn -0.695280 0.506104 0.510338
vn -0.709390 -0.603889 -0.363433
vn -0.711354 -0.603584 0.360086
vn -0.107259 -0.710630 -0.695342
vn -0.111582 -0.710926 0.694359
vn -0.141665 0.400911 0.905097
vn -0.143343 0.401016 -0.904787
vn -0.353373 0.935480 0.002199
vn -0.169354 0.971237 -0.167385
vn -0.167385 0.971237 0.169354
vn -0.348827 0.935705 -0.052690
vn -0.348934 0.935400 0.057199
vn -0.009687 -0.999900 -0.010314
vn -0.010314 -0.999900 0.009687
vn -0.100276 -0.752228 -0.651228
vn -0.104687 -0.752396 0.650339
vn -0.324889 0.932034 -0.160499
vn -0.320152 0.932370 0.167896
vn -0.744175 -0.665462 0.057997
vn -0.745821 -0.663609 -0.058088
vn -0.142361 0.416861 -0.897753
vn -0.140436 0.416790 0.898089
vn -0.736494 -0.665940 -0.118743
vn -0.737623 -0.665879 0.111881
vn -0.335905 0.935797 -0.107008
vn -0.335041 0.935597 0.111381
vn -0.101790 -0.768825 0.631306
vn -0.097161 -0.768793 -0.632074
vn -0.643425 -0.604265 -0.469966
vn -0.645785 -0.604118 0.466908
vn -0.047650 0.988420 -0.144069
vn -0.046290 0.988415 0.144548
vn -0.708078 -0.666581 -0.233013
vn -0.710274 -0.666524 0.226398
vn -0.141804 0.426098 -0.893494
vn -0.139654 0.426060 0.893851
vn -0.671991 -0.312919 -0.671200
vn -0.671200 -0.312919 0.671991
vn -0.612921 0.505794 -0.607042
vn -0.607042 0.505794 0.612921
vn -0.100243 -0.750354 -0.653391
vn -0.105454 -0.750132 0.652825
vn -0.295241 0.932252 -0.209140
vn -0.289787 0.932413 0.215937
vn -0.312968 0.935774 0.162415
vn -0.314684 0.935894 -0.158358
vn -0.116881 -0.634479 -0.764052
vn -0.123749 -0.633284 0.763962
vn -0.128019 -0.155303 0.979537
vn -0.155368 0.439855 -0.884527
vn -0.114931 -0.459335 -0.880796
vn -0.179485 -0.155372 -0.971414
vn -0.161555 -0.459501 0.873361
vn -0.124119 0.439570 0.889591
vn -0.143116 -0.397768 0.906255
vn -0.142472 -0.395555 -0.907325
vn -0.662121 -0.667214 -0.341206
vn -0.665316 -0.667172 0.335017
vn -0.081706 0.983409 0.161963
vn -0.083431 0.983395 -0.161160
vn -0.100786 -0.765202 0.635853
vn -0.099749 -0.763868 -0.637618
vn -0.133961 0.540099 -0.830872
vn -0.127935 0.539478 0.832224
vn -0.120636 0.658378 -0.742957
vn -0.113623 0.657727 0.744638
vn -0.060318 -0.923563 0.378673
vn -0.059140 -0.923124 -0.379928
vn -0.100763 0.784360 -0.612067
vn -0.092362 0.783652 0.614295
vn -0.067815 0.915891 -0.395657
vn -0.057314 0.915205 0.398893
vn -0.141323 0.971214 -0.191759
vn -0.139025 0.971231 0.193346
vn -0.562000 -0.604351 -0.564726
vn -0.564726 -0.604351 0.562000
vn -0.007971 -0.999900 -0.011703
vn -0.008682 -0.999900 0.011170
vn -0.006871 0.999975 0.001582
vn 0.006571 0.999973 0.003424
vn 0.168722 -0.369297 0.913867
vn 0.120561 -0.369157 -0.921514
vn 0.085963 0.798170 0.596268
vn 0.100982 0.800421 -0.590871
vn 0.145200 -0.297862 0.943502
vn 0.151834 -0.297011 -0.942725
vn -0.036170 -0.973553 0.225582
vn -0.035000 -0.973412 -0.226373
vn 0.154605 0.298753 -0.941724
vn 0.142423 0.296273 0.944425
vn 0.150693 -0.078903 0.985427
vn 0.159470 -0.077448 -0.984160
vn -0.285961 0.935952 -0.205474
vn -0.283512 0.935896 0.209092
vn -0.009639 -0.999559 0.028078
vn -0.008758 -0.999557 -0.028441
vn -0.600176 -0.667644 -0.440500
vn -0.604268 -0.667622 0.434903
vn -0.793041 -0.606014 0.061915
vn -0.766276 -0.639728 -0.059750
vn -0.258662 0.932379 -0.252515
vn -0.252515 0.932379 0.258662
vn -0.770904 -0.626264 0.116189
vn -0.769897 -0.625775 -0.125160
vn -0.048892 0.987813 -0.147766
vn -0.047441 0.987819 0.148198
vn -0.110265 0.528531 -0.841723
vn -0.153964 0.528698 0.834729
vn -0.558850 -0.312511 -0.768130
vn -0.557830 -0.313066 0.768645
vn -0.510338 0.506104 -0.695280
vn -0.503905 0.505219 0.700596
vn -0.021268 -0.990084 -0.138857
vn -0.022380 -0.990134 0.138323
vn -0.098142 0.786864 -0.609273
vn -0.094193 0.785118 0.612141
vn -0.742542 -0.626857 0.235970
vn -0.739989 -0.626545 -0.244660
vn -0.456750 0.888872 -0.035854
vn -0.456751 0.888872 0.035856
vn -0.831059 0.552345 0.065237
vn -0.831070 0.552332 -0.065208
vn -0.250521 0.935955 -0.247442
vn -0.247442 0.935955 0.250521
vn -0.053573 0.942059 -0.331143
vn -0.050925 0.941740 0.332463
vn -0.453608 0.889411 -0.056455
vn -0.448776 0.889512 0.085838
vn -0.825467 0.553560 0.110345
vn -0.819337 0.553672 -0.148776
vn -0.691792 -0.627286 -0.357682
vn -0.695757 -0.627470 0.349576
vn -0.104346 0.994508 -0.008117
vn -0.141895 0.989820 0.011040
vn -0.523883 -0.667788 -0.528778
vn -0.528778 -0.667788 0.523883
vn -0.466908 -0.604118 -0.645785
vn -0.469966 -0.604265 0.643425
vn -0.126714 0.991809 -0.016067
vn -0.124929 0.991893 0.023280
vn -0.438595 0.889637 -0.127206
vn -0.429191 0.889748 0.155379
vn -0.797468 0.553948 0.239136
vn -0.785368 0.554061 -0.276069
vn -0.014051 -0.996221 0.085712
vn -0.013005 -0.996201 -0.086102
vn -0.122341 0.991846 -0.035704
vn -0.119604 0.991907 0.042608
vn -0.215937 0.932413 -0.289787
vn -0.209140 0.932252 0.295241
vn -0.107180 0.971198 0.212807
vn -0.109752 0.971161 -0.211662
vn -0.035341 0.975333 -0.217891
vn -0.033393 0.975244 0.218594
vn -0.006051 -0.999899 -0.012822
vn -0.006835 -0.999900 0.012391
vn -0.931629 -0.356021 0.072918
vn -0.874993 -0.479284 -0.068364
vn -0.626915 -0.627807 -0.461341
vn -0.632152 -0.627894 0.454019
vn -0.412722 0.889867 -0.194414
vn -0.399152 0.889953 0.220592
vn -0.749718 0.554321 0.361457
vn -0.732101 0.554399 -0.395816
vn -0.894189 -0.426493 0.136126
vn -0.893774 -0.424607 -0.144489
vn -0.114949 0.991882 -0.054384
vn -0.111322 0.991921 0.060822
vn -0.861398 -0.426880 0.275259
vn -0.859381 -0.425615 -0.283401
vn -0.057149 0.983353 -0.172485
vn -0.055291 0.983375 0.172963
vn -0.936395 0.343174 0.073459
vn -0.995721 0.049553 -0.078006
vn -0.431619 -0.311846 -0.846438
vn -0.430431 -0.313015 0.846612
vn -0.388052 0.504342 0.771398
vn -0.395001 0.506219 -0.766626
vn -0.209092 0.935896 -0.283512
vn -0.205474 0.935952 0.285961
vn -0.967683 0.201171 0.152053
vn -0.966695 0.205771 -0.152181
vn -0.434903 -0.667622 -0.604268
vn -0.440500 -0.667644 0.600176
vn -0.376999 0.890033 -0.256347
vn -0.359680 0.890078 0.279984
vn -0.683888 0.554565 0.474084
vn -0.661258 0.554603 -0.505127
vn -0.807220 -0.427338 0.407158
vn -0.803746 -0.426574 -0.414762
vn -0.027289 0.985394 -0.168092
vn -0.025718 0.985364 0.168514
vn -0.931430 0.201985 0.302721
vn -0.930723 0.205083 -0.302812
vn -0.104818 0.991909 -0.071621
vn -0.100375 0.991928 0.077478
vn -0.008699 -0.998611 0.051969
vn -0.007717 -0.998603 -0.052274
vn -0.547085 -0.628017 -0.553437
vn -0.553437 -0.628017 0.547085
vn -0.360086 -0.603584 -0.711354
vn -0.363433 -0.603889 0.709390
vn -0.872177 0.202602 0.445263
vn -0.871671 0.204488 -0.445392
vn -0.733467 -0.427634 0.528352
vn -0.728704 -0.427277 -0.535187
vn -0.167896 0.932370 -0.320152
vn -0.160499 0.932034 0.324889
vn -0.332435 0.890105 -0.311768
vn -0.311768 0.890105 0.332435
vn -0.601752 0.554662 0.574669
vn -0.574669 0.554662 -0.601752
vn -0.092237 0.991925 -0.087049
vn -0.087049 0.991925 0.092237
vn -0.791802 0.203089 0.576024
vn -0.791450 0.203978 -0.576194
vn -0.024347 0.988392 -0.149961
vn -0.022926 0.988386 0.150228
vn -0.454019 -0.627894 -0.632152
vn -0.461341 -0.627807 0.626915
vn -0.158358 0.935894 0.314684
vn -0.162415 0.935774 -0.312968
vn -0.642128 -0.427635 0.636238
vn -0.636238 -0.427635 -0.642128
vn -0.335017 -0.667172 -0.665316
vn -0.341206 -0.667214 0.662121
vn -0.075236 0.971084 -0.226574
vn -0.072467 0.971146 0.227210
vn -0.004810 -0.999900 0.013318
vn -0.003966 -0.999899 -0.013637
vn -0.692435 0.203524 0.692179
vn -0.692179 0.203524 -0.692435
vn -0.279984 0.890078 -0.359680
vn -0.256347 0.890033 0.376999
vn -0.505127 0.554603 0.661258
vn -0.474084 0.554565 -0.683888
vn -0.077478 0.991928 -0.100375
vn -0.071621 0.991909 0.104818
vn -0.005092 -0.999559 0.029269
vn -0.004167 -0.999556 -0.029518
vn -0.293207 -0.310976 -0.904059
vn -0.291935 -0.312875 0.903816
vn -0.269517 0.506240 -0.819196
vn -0.262086 0.503211 0.823462
vn -0.024993 0.987781 -0.153829
vn -0.023484 0.987792 0.154001
vn -0.528352 -0.427634 -0.733467
vn -0.535187 -0.427277 0.728704
vn -0.243899 -0.602833 -0.759674
vn -0.247475 -0.603324 0.758127
vn -0.349576 -0.627470 -0.695757
vn -0.357682 -0.627286 0.691792
vn -0.576194 0.203978 0.791450
vn -0.576024 0.203089 -0.791802
vn -0.115540 0.932280 -0.342790
vn -0.107613 0.931744 0.346804
vn -0.220592 0.889953 -0.399152
vn -0.194414 0.889867 0.412722
vn -0.361457 0.554321 -0.749718
vn -0.395816 0.554399 0.732101
vn -0.060822 0.991921 -0.111322
vn -0.054384 0.991882 0.114949
vn -0.111381 0.935597 -0.335041
vn -0.107008 0.935797 0.335905
vn -0.226398 -0.666524 -0.710274
vn -0.233013 -0.666581 0.708078
vn -0.029255 0.983306 -0.179591
vn -0.027327 0.983341 0.179703
vn -0.407158 -0.427338 -0.807220
vn -0.414762 -0.426574 0.803746
vn -0.445263 0.202602 -0.872177
vn -0.445392 0.204488 0.871671
vn -0.235970 -0.626857 -0.742542
vn -0.244660 -0.626545 0.739989
vn -0.038596 0.970998 -0.235950
vn -0.035731 0.971094 0.236009
vn -0.155379 0.889748 -0.429191
vn -0.127206 0.889637 0.438595
vn -0.239136 0.553948 -0.797468
vn -0.276069 0.554061 0.785368
vn -0.002651 -0.999900 0.013920
vn -0.001768 -0.999899 -0.014117
vn -0.042608 0.991907 -0.119604
vn -0.035704 0.991846 0.122341
vn -0.147377 -0.310020 -0.939238
vn -0.146109 -0.312807 0.938511
vn -0.137268 0.506361 -0.851326
vn -0.129399 0.501955 0.855159
vn -0.275259 -0.426880 -0.861398
vn -0.283401 -0.425615 0.859381
vn -0.121429 -0.602060 -0.789163
vn -0.125164 -0.602774 0.788034
vn -0.302721 0.201985 -0.931430
vn -0.302812 0.205083 0.930723
vn -0.060202 0.932200 -0.356902
vn -0.051848 0.931435 0.360196
vn -0.057199 0.935400 -0.348934
vn -0.052690 0.935705 0.348827
vn -0.111881 -0.665879 -0.737623
vn -0.118743 -0.665940 0.736494
vn -0.116189 -0.626264 -0.770904
vn -0.125160 -0.625775 0.769897
vn -0.085838 0.889512 -0.448776
vn -0.056455 0.889411 0.453608
vn -0.110345 0.553560 -0.825467
vn -0.148776 0.553672 0.819337
vn -0.023280 0.991893 -0.124929
vn -0.016067 0.991809 0.126714
vn -0.136126 -0.426493 -0.894189
vn -0.144489 -0.424607 0.893774
vn -0.152053 0.201171 -0.967683
vn -0.152181 0.205771 0.966695
vn -0.050186 -0.767292 0.639331
vn -0.071622 0.402966 0.912408
vn 0.071105 0.417643 -0.905825
vn 0.072798 -0.366950 -0.927388
vn 0.077064 -0.174049 -0.981717
vn 0.076325 0.220894 -0.972307
vn 0.065208 0.552332 -0.831070
vn 0.069343 -0.463555 0.883351
vn 0.024213 0.950933 -0.308447
vn 0.078006 0.049553 -0.995721
vn 0.003774 -0.998837 0.048076
vn -0.010165 -0.991528 -0.129492
vn 0.016532 -0.977431 0.210608
vn -0.055837 -0.700648 0.711319
vn -0.060964 -0.627008 0.776624
vn 0.066931 -0.518178 -0.852650
vn -0.077739 0.114942 0.990326
vn -0.076746 0.195566 0.977683
vn 0.075561 0.260262 -0.962577
vn 0.073276 0.351042 -0.933488
vn -0.072352 0.381106 0.921696
vn 0.066493 0.527334 -0.847053
vn 0.064939 0.558073 -0.827247
vn -0.074065 -0.322963 0.943509
vn 0.057563 0.677471 -0.733294
vn -0.077673 -0.122124 0.989471
vn -0.054099 0.722576 0.689171
vn 0.016390 0.977822 -0.208794
vn 0.068364 -0.479284 -0.874993
vn 0.059750 -0.639728 -0.766276
vn 0.012450 0.987263 -0.158608
vn 0.046713 -0.802308 0.595079
vn 0.058243 -0.667892 -0.741975
vn 0.027553 0.935970 -0.351000
vn 0.012964 0.986185 -0.165143
vn 0.058088 -0.663609 -0.745821
vn 0.023692 0.952217 -0.304502
vn 0.014864 0.981796 -0.189358
vn 0.035854 0.888872 -0.456750
vn 0.063265 -0.579248 -0.812692
vn 0.008117 0.994508 -0.104346
vn 0.000938 -0.999928 0.011945
vn 0.060440 0.626903 -0.776750
vn 0.000000 -1.000000 0.000000
vn 0.001212 -0.999880 -0.015446
vn -0.001212 -0.999880 0.015446
vn 0.000472 -0.999557 -0.029775
vn -0.000472 -0.999557 0.029775
vn 0.004490 -0.998353 -0.057193
vn -0.004490 -0.998353 0.057193
vn -0.006286 -0.996769 -0.080072
vn 0.007376 -0.995548 -0.093966
vn -0.007376 -0.995548 0.093966
vn 0.006286 -0.996769 0.080072
vn 0.011918 -0.988335 -0.151830
vn -0.011918 -0.988335 0.151830
vn 0.019536 -0.968340 -0.248868
vn -0.019536 -0.968340 0.248868
vn 0.032966 -0.906948 -0.419951
vn -0.027632 -0.935589 -0.352008
vn 0.027632 -0.935589 0.352008
vn -0.032966 -0.906948 0.419951
vn 0.054693 -0.715240 -0.696735
vn -0.054693 -0.715240 0.696735
vn 0.074118 -0.320957 -0.944189
vn -0.074118 -0.320957 0.944189
vn -0.069559 -0.458199 -0.886124
vn 0.019695 -0.303139 -0.952743
vn -0.019695 -0.303139 0.952743
vn 0.069559 -0.458199 0.886124
vn -0.063320 -0.587618 -0.806657
vn 0.063320 -0.587618 0.806657
vn -0.052592 -0.740525 -0.669968
vn 0.051187 -0.756423 -0.652077
vn -0.051187 -0.756423 0.652077
vn 0.052592 -0.740525 0.669968
vn -0.050117 -0.768034 -0.638446
vn 0.050117 -0.768034 0.638446
vn 0.052081 -0.746388 -0.663470
vn -0.051215 -0.756117 -0.652429
vn 0.051215 -0.756117 0.652429
vn -0.052081 -0.746388 0.663470
vn -0.054416 -0.718674 -0.693215
vn 0.054416 -0.718674 0.693215
vn -0.059134 -0.654986 -0.753324
vn 0.059134 -0.654986 0.753324
vn -0.064901 -0.558774 -0.826776
vn 0.064901 -0.558774 0.826776
vn -0.070942 -0.422154 -0.903744
vn 0.070942 -0.422154 0.903744
vn -0.075930 -0.242104 -0.967275
vn 0.075930 -0.242104 0.967275
vn 0.078150 0.052619 -0.995552
vn -0.039729 -0.066280 -0.997010
vn 0.039729 -0.066280 0.997010
vn -0.078150 0.052619 0.995552
vn -0.077980 0.084225 -0.993391
vn 0.077980 0.084225 0.993391
vn -0.077110 0.170610 -0.982317
vn 0.077110 0.170610 0.982317
vn -0.075964 0.240357 -0.967708
vn 0.075964 0.240357 0.967708
vn 0.074366 0.311364 -0.947376
vn -0.074757 0.295725 -0.952344
vn 0.074757 0.295725 0.952344
vn -0.074366 0.311364 0.947376
vn -0.073622 0.338985 -0.937907
vn 0.073622 0.338985 0.937907
vn -0.072638 0.372076 -0.925356
vn 0.072638 0.372076 0.925356
vn -0.071842 0.396536 -0.915204
vn 0.071842 0.396536 0.915204
vn -0.071253 0.413512 -0.907706
vn 0.071253 0.413512 0.907706
vn 0.070809 0.425814 -0.902036
vn -0.070883 0.423796 -0.902980
vn 0.070883 0.423796 0.902980
vn -0.070809 0.425814 0.902036
vn 0.070048 0.445881 -0.892347
vn -0.070515 0.433684 -0.898302
vn -0.072761 -0.368155 0.926913
vn 0.072762 -0.368158 0.926912
vn -0.066492 0.527332 -0.847053
vn 0.066492 0.527332 0.847053
vn -0.072762 -0.368158 -0.926912
vn 0.072761 -0.368155 -0.926913
vn 0.070515 0.433684 0.898302
vn -0.070048 0.445881 0.892347
vn -0.066864 0.519613 -0.851782
vn 0.075425 -0.266658 0.960835
vn -0.075425 -0.266658 -0.960835
vn 0.066864 0.519613 0.851782
vn -0.054222 0.721066 -0.690741
vn 0.043139 0.834349 -0.549546
vn -0.043139 0.834349 0.549546
vn 0.054222 0.721066 0.690741
vn -0.060334 0.636898 -0.768583
vn 0.078229 -0.027861 0.996546
vn -0.078229 -0.027861 -0.996546
vn 0.060334 0.636898 0.768583
vn -0.028646 0.930596 -0.364925
vn 0.028646 0.930596 0.364925
vn -0.004283 0.783817 -0.620977
vn 0.072420 0.378985 0.922565
vn -0.072420 0.378985 -0.922565
vn 0.004283 0.783817 0.620977
vn -0.035116 0.893672 -0.447344
vn 0.039409 0.863949 0.502035
vn -0.039409 0.863949 -0.502035
vn 0.035116 0.893672 0.447344
vn -0.007192 0.995768 0.091618
vn -0.006706 0.996322 -0.085429
vn 0.006706 0.996322 0.085429
vn 0.007192 0.995768 -0.091618
vn -0.018303 0.972266 -0.233161
vn 0.018303 0.972266 0.233161
vn -0.013775 0.984387 -0.175477
vn 0.013775 0.984387 0.175477
vn 0.011852 0.988465 -0.150982
vn -0.012008 0.988159 -0.152965
vn 0.012008 0.988159 0.152965
vn -0.011852 0.988465 0.150982
vn -0.012055 0.988064 -0.153572
vn 0.012055 0.988064 0.153572
vn -0.013809 0.984307 -0.175925
vn 0.013809 0.984307 0.175925
vn 0.019962 0.966924 -0.254283
vn -0.017834 0.973688 -0.227186
vn 0.017834 0.973688 0.227186
vn -0.019962 0.966924 0.254283
vn -0.002199 0.935480 -0.353373
vn 0.002199 0.935480 0.353373
vn -0.035856 0.888872 -0.456751
vn -0.065237 0.552345 -0.831059
vn 0.065237 0.552345 0.831059
vn 0.035856 0.888872 0.456751
vn -0.073459 0.343174 -0.936395
vn 0.073459 0.343174 0.936395
vn -0.072918 -0.356021 -0.931629
vn 0.072918 -0.356021 0.931629
vn -0.061915 -0.606014 -0.793041
vn 0.061915 -0.606014 0.793041
vn -0.057997 -0.665462 -0.744175
vn 0.057997 -0.665462 0.744175
vn -0.060750 -0.622640 -0.780146
vn 0.060750 -0.622640 0.780146
vn 0.075695 -0.219513 -0.972669
vn -0.071385 -0.392194 -0.917108
vn 0.071385 -0.392194 0.917108
vn -0.075695 -0.219513 0.972669
vn -0.072418 0.358775 -0.930611
vn 0.072418 0.358775 0.930611
vn -0.032754 0.906493 -0.420948
vn 0.032754 0.906493 0.420948
vn -0.011040 0.989820 -0.141895
vn 0.011040 0.989820 0.141895
vn 0.000000 1.000000 0.000000
vn -0.000938 -0.999928 -0.011945
vn -0.060440 0.626903 0.776750
vn -0.014864 0.981796 0.189358
vn -0.035854 0.888872 0.456750
vn -0.063265 -0.579248 0.812692
vn -0.008117 0.994508 0.104346
vn -0.023692 0.952217 0.304502
vn -0.046713 -0.802308 -0.595079
vn -0.058243 -0.667892 0.741975
vn -0.027553 0.935970 0.351000
vn -0.012964 0.986185 0.165143
vn -0.058088 -0.663609 0.745821
vn -0.012450 0.987263 0.158608
vn -0.059750 -0.639728 0.766276
vn -0.003774 -0.998837 -0.048076
vn 0.010165 -0.991528 0.129492
vn -0.016532 -0.977431 -0.210608
vn 0.055837 -0.700648 -0.711319
vn 0.060964 -0.627008 -0.776624
vn -0.066931 -0.518178 0.852650
vn 0.077739 0.114942 -0.990326
vn 0.076746 0.195566 -0.977683
vn -0.075561 0.260262 0.962577
vn -0.073276 0.351042 0.933488
vn 0.072352 0.381106 -0.921696
vn -0.066493 0.527334 0.847053
vn 0.074065 -0.322963 -0.943509
vn -0.064939 0.558073 0.827247
vn 0.077673 -0.122124 -0.989471
vn -0.057563 0.677471 0.733294
vn 0.054099 0.722576 -0.689171
vn -0.016390 0.977822 0.208794
vn -0.068364 -0.479284 0.874993
vn -0.078006 0.049553 0.995721
vn -0.069343 -0.463555 -0.883351
vn -0.024213 0.950933 0.308447
vn -0.072798 -0.366950 0.927388
vn -0.077064 -0.174049 0.981717
vn -0.076325 0.220894 0.972307
vn -0.065208 0.552332 0.831070
vn 0.050186 -0.767292 -0.639331
vn 0.071622 0.402966 -0.912408
vn -0.071105 0.417643 0.905825
vn 0.152181 0.205771 -0.966695
vn 0.152053 0.201171 0.967683
vn 0.144489 -0.424607 -0.893774
vn 0.136126 -0.426493 0.894189
vn 0.016067 0.991809 -0.126714
vn 0.023280 0.991893 0.124929
vn 0.148776 0.553672 -0.819337
vn 0.110345 0.553560 0.825467
vn 0.056455 0.889411 -0.453608
vn 0.085838 0.889512 0.448776
vn 0.125160 -0.625775 -0.769897
vn 0.116189 -0.626264 0.770904
vn 0.118743 -0.665940 -0.736494
vn 0.111881 -0.665879 0.737623
vn 0.052690 0.935705 -0.348827
vn 0.057199 0.935400 0.348934
vn 0.051848 0.931435 -0.360196
vn 0.060202 0.932200 0.356902
vn 0.302812 0.205083 -0.930723
vn 0.302721 0.201985 0.931430
vn 0.125164 -0.602774 -0.788034
vn 0.121429 -0.602060 0.789163
vn 0.283401 -0.425615 -0.859381
vn 0.275259 -0.426880 0.861398
vn 0.129399 0.501955 -0.855159
vn 0.137268 0.506361 0.851326
vn 0.146109 -0.312807 -0.938511
vn 0.147377 -0.310020 0.939238
vn 0.035704 0.991846 -0.122341
vn 0.042608 0.991907 0.119604
vn 0.001768 -0.999899 0.014117
vn 0.002651 -0.999900 -0.013920
vn 0.276069 0.554061 -0.785368
vn 0.239136 0.553948 0.797468
vn 0.127206 0.889637 -0.438595
vn 0.155379 0.889748 0.429191
vn 0.035731 0.971094 -0.236009
vn 0.038596 0.970998 0.235950
vn 0.244660 -0.626545 -0.739989
vn 0.235970 -0.626857 0.742542
vn 0.445392 0.204488 -0.871671
vn 0.445263 0.202602 0.872177
vn 0.414762 -0.426574 -0.803746
vn 0.407158 -0.427338 0.807220
vn 0.027327 0.983341 -0.179703
vn 0.029255 0.983306 0.179591
vn 0.233013 -0.666581 -0.708078
vn 0.226398 -0.666524 0.710274
vn 0.107008 0.935797 -0.335905
vn 0.111381 0.935597 0.335041
vn 0.054384 0.991882 -0.114949
vn 0.060822 0.991921 0.111322
vn 0.395816 0.554399 -0.732101
vn 0.361457 0.554321 0.749718
vn 0.194414 0.889867 -0.412722
vn 0.220592 0.889953 0.399152
vn 0.107613 0.931744 -0.346804
vn 0.115540 0.932280 0.342790
vn 0.576024 0.203089 0.791802
vn 0.576194 0.203978 -0.791450
vn 0.357682 -0.627286 -0.691792
vn 0.349576 -0.627470 0.695757
vn 0.247475 -0.603324 -0.758127
vn 0.243899 -0.602833 0.759674
vn 0.535187 -0.427277 -0.728704
vn 0.528352 -0.427634 0.733467
vn 0.023484 0.987792 -0.154001
vn 0.024993 0.987781 0.153829
vn 0.262086 0.503211 -0.823462
vn 0.269517 0.506240 0.819196
vn 0.291935 -0.312875 -0.903816
vn 0.293207 -0.310976 0.904059
vn 0.004167 -0.999556 0.029518
vn 0.005092 -0.999559 -0.029269
vn 0.071621 0.991909 -0.104818
vn 0.077478 0.991928 0.100375
vn 0.474084 0.554565 0.683888
vn 0.505127 0.554603 -0.661258
vn 0.256347 0.890033 -0.376999
vn 0.279984 0.890078 0.359680
vn 0.692179 0.203524 0.692435
vn 0.692435 0.203524 -0.692179
vn 0.003966 -0.999899 0.013637
vn 0.004810 -0.999900 -0.013318
vn 0.072467 0.971146 -0.227210
vn 0.075236 0.971084 0.226574
vn 0.341206 -0.667214 -0.662121
vn 0.335017 -0.667172 0.665316
vn 0.636238 -0.427635 0.642128
vn 0.642128 -0.427635 -0.636238
vn 0.162415 0.935774 0.312968
vn 0.158358 0.935894 -0.314684
vn 0.461341 -0.627807 -0.626915
vn 0.454019 -0.627894 0.632152
vn 0.022926 0.988386 -0.150228
vn 0.024347 0.988392 0.149961
vn 0.791450 0.203978 0.576194
vn 0.791802 0.203089 -0.576024
vn 0.087049 0.991925 -0.092237
vn 0.092237 0.991925 0.087049
vn 0.574669 0.554662 0.601752
vn 0.601752 0.554662 -0.574669
vn 0.311768 0.890105 -0.332435
vn 0.332435 0.890105 0.311768
vn 0.160499 0.932034 -0.324889
vn 0.167896 0.932370 0.320152
vn 0.728704 -0.427277 0.535187
vn 0.733467 -0.427634 -0.528352
vn 0.871671 0.204488 0.445392
vn 0.872177 0.202602 -0.445263
vn 0.363433 -0.603889 -0.709390
vn 0.360086 -0.603584 0.711354
vn 0.553437 -0.628017 -0.547085
vn 0.547085 -0.628017 0.553437
vn 0.007717 -0.998603 0.052274
vn 0.008699 -0.998611 -0.051969
vn 0.100375 0.991928 -0.077478
vn 0.104818 0.991909 0.071621
vn 0.930723 0.205083 0.302812
vn 0.931430 0.201985 -0.302721
vn 0.025718 0.985364 -0.168514
vn 0.027289 0.985394 0.168092
vn 0.803746 -0.426574 0.414762
vn 0.807220 -0.427338 -0.407158
vn 0.661258 0.554603 0.505127
vn 0.683888 0.554565 -0.474084
vn 0.359680 0.890078 -0.279984
vn 0.376999 0.890033 0.256347
vn 0.440500 -0.667644 -0.600176
vn 0.434903 -0.667622 0.604268
vn 0.966695 0.205771 0.152181
vn 0.967683 0.201171 -0.152053
vn 0.205474 0.935952 -0.285961
vn 0.209092 0.935896 0.283512
vn 0.395001 0.506219 0.766626
vn 0.388052 0.504342 -0.771398
vn 0.430431 -0.313015 -0.846612
vn 0.431619 -0.311846 0.846438
vn 0.995721 0.049553 0.078006
vn 0.936395 0.343174 -0.073459
vn 0.055291 0.983375 -0.172963
vn 0.057149 0.983353 0.172485
vn 0.859381 -0.425615 0.283401
vn 0.861398 -0.426880 -0.275259
vn 0.111322 0.991921 -0.060822
vn 0.114949 0.991882 0.054384
vn 0.893774 -0.424607 0.144489
vn 0.894189 -0.426493 -0.136126
vn 0.732101 0.554399 0.395816
vn 0.749718 0.554321 -0.361457
vn 0.399152 0.889953 -0.220592
vn 0.412722 0.889867 0.194414
vn 0.632152 -0.627894 -0.454019
vn 0.626915 -0.627807 0.461341
vn 0.874993 -0.479284 0.068364
vn 0.931629 -0.356021 -0.072918
vn 0.006835 -0.999900 -0.012391
vn 0.006051 -0.999899 0.012822
vn 0.033393 0.975244 -0.218594
vn 0.035341 0.975333 0.217891
vn 0.109752 0.971161 0.211662
vn 0.107180 0.971198 -0.212807
vn 0.209140 0.932252 -0.295241
vn 0.215937 0.932413 0.289787
vn 0.119604 0.991907 -0.042608
vn 0.122341 0.991846 0.035704
vn 0.013005 -0.996201 0.086102
vn 0.014051 -0.996221 -0.085712
vn 0.785368 0.554061 0.276069
vn 0.797468 0.553948 -0.239136
vn 0.429191 0.889748 -0.155379
vn 0.438595 0.889637 0.127206
vn 0.124929 0.991893 -0.023280
vn 0.126714 0.991809 0.016067
vn 0.469966 -0.604265 -0.643425
vn 0.466908 -0.604118 0.645785
vn 0.528778 -0.667788 -0.523883
vn 0.523883 -0.667788 0.528778
vn 0.141895 0.989820 -0.011040
vn 0.104346 0.994508 0.008117
vn 0.695757 -0.627470 -0.349576
vn 0.691792 -0.627286 0.357682
vn 0.819337 0.553672 0.148776
vn 0.825467 0.553560 -0.110345
vn 0.448776 0.889512 -0.085838
vn 0.453608 0.889411 0.056455
vn 0.050925 0.941740 -0.332463
vn 0.053573 0.942059 0.331143
vn 0.247442 0.935955 -0.250521
vn 0.250521 0.935955 0.247442
vn 0.831070 0.552332 0.065208
vn 0.831059 0.552345 -0.065237
vn 0.456751 0.888872 -0.035856
vn 0.456750 0.888872 0.035854
vn 0.739989 -0.626545 0.244660
vn 0.742542 -0.626857 -0.235970
vn 0.094193 0.785118 -0.612141
vn 0.098142 0.786864 0.609273
vn 0.022380 -0.990134 -0.138323
vn 0.021268 -0.990084 0.138857
vn 0.503905 0.505219 -0.700596
vn 0.510338 0.506104 0.695280
vn 0.557830 -0.313066 -0.768645
vn 0.558850 -0.312511 0.768130
vn 0.153964 0.528698 -0.834729
vn 0.110265 0.528531 0.841723
vn 0.047441 0.987819 -0.148198
vn 0.048892 0.987813 0.147766
vn 0.769897 -0.625775 0.125160
vn 0.770904 -0.626264 -0.116189
vn 0.252515 0.932379 -0.258662
vn 0.258662 0.932379 0.252515
vn 0.766276 -0.639728 0.059750
vn 0.793041 -0.606014 -0.061915
vn 0.604268 -0.667622 -0.434903
vn 0.600176 -0.667644 0.440500
vn 0.008758 -0.999557 0.028441
vn 0.009639 -0.999559 -0.028078
vn 0.283512 0.935896 -0.209092
vn 0.285961 0.935952 0.205474
vn -0.159470 -0.077448 0.984160
vn -0.150693 -0.078903 -0.985427
vn -0.142423 0.296273 -0.944425
vn -0.154605 0.298753 0.941724
vn 0.035000 -0.973412 0.226373
vn 0.036170 -0.973553 -0.225582
vn -0.151834 -0.297011 0.942725
vn -0.145200 -0.297862 -0.943502
vn -0.100982 0.800421 0.590871
vn -0.085963 0.798170 -0.596268
vn -0.120561 -0.369157 0.921514
vn -0.168722 -0.369297 -0.913867
vn -0.006571 0.999973 -0.003424
vn 0.006871 0.999975 -0.001582
vn 0.008682 -0.999900 -0.011170
vn 0.007971 -0.999900 0.011703
vn 0.564726 -0.604351 -0.562000
vn 0.562000 -0.604351 0.564726
vn 0.139025 0.971231 -0.193346
vn 0.141323 0.971214 0.191759
vn 0.057314 0.915205 -0.398893
vn 0.067815 0.915891 0.395657
vn 0.092362 0.783652 -0.614295
vn 0.100763 0.784360 0.612067
vn 0.059140 -0.923124 0.379928
vn 0.060318 -0.923563 -0.378673
vn 0.113623 0.657727 -0.744638
vn 0.120636 0.658378 0.742957
vn 0.127935 0.539478 -0.832224
vn 0.133961 0.540099 0.830872
vn 0.099749 -0.763868 0.637618
vn 0.100786 -0.765202 -0.635853
vn 0.083431 0.983395 0.161160
vn 0.081706 0.983409 -0.161963
vn 0.665316 -0.667172 -0.335017
vn 0.662121 -0.667214 0.341206
vn 0.142472 -0.395555 0.907325
vn 0.143116 -0.397768 -0.906255
vn 0.161555 -0.459501 -0.873361
vn 0.124119 0.439570 -0.889591
vn 0.179485 -0.155372 0.971414
vn 0.114931 -0.459335 0.880796
vn 0.155368 0.439855 0.884527
vn 0.128019 -0.155303 -0.979537
vn 0.123749 -0.633284 -0.763962
vn 0.116881 -0.634479 0.764052
vn 0.314684 0.935894 0.158358
vn 0.312968 0.935774 -0.162415
vn 0.289787 0.932413 -0.215937
vn 0.295241 0.932252 0.209140
vn 0.105454 -0.750132 -0.652825
vn 0.100243 -0.750354 0.653391
vn 0.607042 0.505794 -0.612921
vn 0.612921 0.505794 0.607042
vn 0.671200 -0.312919 -0.671991
vn 0.671991 -0.312919 0.671200
vn 0.139654 0.426060 -0.893851
vn 0.141804 0.426098 0.893494
vn 0.710274 -0.666524 -0.226398
vn 0.708078 -0.666581 0.233013
vn 0.046290 0.988415 -0.144548
vn 0.047650 0.988420 0.144069
vn 0.645785 -0.604118 -0.466908
vn 0.643425 -0.604265 0.469966
vn 0.097161 -0.768793 0.632074
vn 0.101790 -0.768825 -0.631306
vn 0.335041 0.935597 -0.111381
vn 0.335905 0.935797 0.107008
vn 0.737623 -0.665879 -0.111881
vn 0.736494 -0.665940 0.118743
vn 0.140436 0.416790 -0.898089
vn 0.142361 0.416861 0.897753
vn 0.745821 -0.663609 0.058088
vn 0.744175 -0.665462 -0.057997
vn 0.320152 0.932370 -0.167896
vn 0.324889 0.932034 0.160499
vn 0.104687 -0.752396 -0.650339
vn 0.100276 -0.752228 0.651228
vn 0.010314 -0.999900 -0.009687
vn 0.009687 -0.999900 0.010314
vn 0.348934 0.935400 -0.057199
vn 0.348827 0.935705 0.052690
vn 0.167385 0.971237 -0.169354
vn 0.169354 0.971237 0.167385
vn 0.353373 0.935480 -0.002199
vn 0.143343 0.401016 0.904787
vn 0.141665 0.400911 -0.905097
vn 0.111582 -0.710926 -0.694359
vn 0.107259 -0.710630 0.695342
vn 0.711354 -0.603584 -0.360086
vn 0.709390 -0.603889 0.363433
vn 0.695280 0.506104 -0.510338
vn 0.700596 0.505219 0.503905
vn 0.768130 -0.312511 -0.558850
vn 0.768645 -0.313066 0.557830
vn 0.143325 0.377685 -0.914774
vn 0.144735 0.377829 0.914493
vn 0.342790 0.932280 -0.115540
vn 0.346804 0.931744 0.107613
vn 0.121367 -0.642433 -0.756670
vn 0.117110 -0.641983 0.757723
vn 0.145383 0.346020 -0.926895
vn 0.146499 0.346209 0.926648
vn 0.015844 -0.998608 0.050318
vn 0.016777 -0.998613 -0.049904
vn 0.356902 0.932200 -0.060202
vn 0.360196 0.931435 0.051848
vn 0.759674 -0.602833 -0.243899
vn 0.758127 -0.603324 0.247475
vn 0.420948 0.906493 -0.032754
vn 0.304502 0.952217 0.023692
vn 0.051920 0.985404 -0.162124
vn 0.053416 0.985425 0.161508
vn 0.133021 -0.540033 -0.831065
vn 0.128888 -0.539391 0.832133
vn 0.147770 0.304431 -0.941003
vn 0.148562 0.304674 0.940799
vn 0.070066 0.987846 -0.138749
vn 0.071413 0.987843 0.138085
vn 0.105931 0.983430 -0.147118
vn 0.107477 0.983424 0.146033
vn 0.011703 -0.999900 -0.007971
vn 0.011170 -0.999900 0.008682
vn 0.191759 0.971214 -0.141323
vn 0.193346 0.971231 0.139025
vn 0.150350 0.251034 -0.956230
vn 0.150786 0.251344 0.956080
vn 0.766626 0.506219 -0.395001
vn 0.771398 0.504342 0.388052
vn 0.846438 -0.311846 -0.431619
vn 0.846612 -0.313015 0.430431
vn 0.144800 -0.395999 -0.906762
vn 0.140938 -0.395132 0.907748
vn 0.789163 -0.602060 -0.121429
vn 0.788034 -0.602774 0.125164
vn 0.152885 0.183591 -0.971041
vn 0.152926 0.183976 0.970962
vn 0.780146 -0.622640 -0.060750
vn 0.812692 -0.579248 0.063265
vn 0.013918 -0.999560 -0.026197
vn 0.013099 -0.999559 0.026667
vn 0.153818 -0.208966 -0.965750
vn 0.150461 -0.207906 0.966507
vn 0.154974 0.099784 -0.982866
vn 0.154577 0.100260 0.982880
vn 0.181415 0.052808 -0.981988
vn 0.128906 -0.108463 -0.985707
vn 0.154597 -0.024972 0.987662
vn 0.819196 0.506240 -0.269517
vn 0.823462 0.503211 0.262086
vn 0.904059 -0.310976 -0.293207
vn 0.903816 -0.312875 0.291935
vn 0.012822 -0.999899 -0.006051
vn 0.012391 -0.999900 0.006835
vn 0.211662 0.971161 -0.109752
vn 0.212807 0.971198 0.107180
vn 0.067376 0.975317 -0.210279
vn 0.069220 0.975378 0.209393
vn 0.851326 0.506361 -0.137268
vn 0.855159 0.501955 0.129399
vn 0.939238 -0.310020 -0.147377
vn 0.938511 -0.312807 0.146109
vn 0.776750 0.626903 0.060440
vn 0.930611 0.358775 -0.072418
vn 0.917108 -0.392194 -0.071385
vn 0.972669 -0.219513 0.075695
vn 0.026388 -0.996214 0.082836
vn 0.027377 -0.996227 -0.082351
vn 0.013637 -0.999899 -0.003966
vn 0.013318 -0.999900 0.004810
vn 0.226574 0.971084 -0.075236
vn 0.227210 0.971146 0.072467
vn 0.127500 0.983436 -0.128832
vn 0.128832 0.983436 0.127500
vn 0.068351 0.988442 -0.135317
vn 0.069615 0.988445 0.134645
vn 0.014117 -0.999899 -0.001768
vn 0.013920 -0.999900 0.002651
vn 0.102602 0.941922 -0.319775
vn 0.105086 0.942140 0.318321
vn 0.235950 0.970998 -0.038596
vn 0.236009 0.971094 0.035731
vn 0.015446 -0.999880 0.001212
vn 0.011945 -0.999928 -0.000938
vn 0.227186 0.973688 -0.017834
vn 0.254283 0.966924 0.019962
vn 0.090811 0.987864 -0.126012
vn 0.092024 0.987862 0.125141
vn 0.189367 0.785771 -0.588816
vn 0.193022 0.786957 0.586038
vn 0.042847 -0.990116 0.133545
vn 0.043892 -0.990151 -0.132949
vn 0.283596 0.529179 -0.799714
vn 0.241642 0.528996 0.813494
vn 0.017830 -0.999560 -0.023695
vn 0.017085 -0.999560 0.024265
vn 0.147118 0.983430 0.105931
vn 0.146033 0.983424 -0.107477
vn -0.312770 -0.077788 0.946638
vn -0.304330 -0.078767 -0.949305
vn 0.023520 -0.998612 0.047129
vn 0.024387 -0.998615 -0.046613
vn -0.301281 0.298679 0.905550
vn -0.289622 0.296995 -0.909897
vn 0.070176 -0.973497 0.217666
vn 0.071261 -0.973593 -0.216882
vn -0.298654 -0.297480 0.906814
vn -0.292266 -0.298055 -0.908704
vn -0.192940 0.800432 0.567524
vn -0.178715 0.798874 -0.574335
vn -0.264440 -0.369543 0.890792
vn -0.310697 -0.369693 -0.875668
vn -0.006065 0.999974 -0.003996
vn 0.006649 0.999975 -0.002225
vn 0.076658 0.985441 -0.151756
vn 0.078048 0.985454 0.150959
vn 0.119357 0.915493 -0.384222
vn 0.129334 0.915971 0.379829
vn 0.187968 0.784138 -0.591436
vn 0.195977 0.784629 0.588176
vn 0.118180 -0.923364 0.365285
vn 0.119247 -0.923662 -0.364183
vn 0.229571 0.658284 -0.716909
vn 0.236268 0.658743 0.714308
vn 0.161160 0.983395 -0.083431
vn 0.161963 0.983409 0.081706
vn 0.257563 0.540046 -0.801256
vn 0.263324 0.540474 0.799092
vn 0.198904 -0.764476 0.613200
vn 0.199803 -0.765381 -0.611777
vn 0.283775 -0.396324 0.873155
vn 0.284335 -0.397822 -0.872291
vn 0.109278 0.987869 -0.110331
vn 0.110331 0.987869 0.109278
vn 0.297204 -0.459959 -0.836724
vn 0.262898 0.440034 -0.858635
vn 0.330445 -0.155562 0.930917
vn 0.252432 -0.459782 0.851398
vn 0.280996 -0.155488 -0.947029
vn 0.292902 0.440273 0.848745
vn 0.242584 -0.633959 -0.734336
vn 0.235932 -0.634752 0.735817
vn 0.088577 0.988460 -0.122882
vn 0.089719 0.988462 0.122036
vn 0.206994 -0.750579 -0.627523
vn 0.201979 -0.750720 0.628986
vn 0.021299 -0.999560 -0.020638
vn 0.020638 -0.999560 0.021299
vn 0.172485 0.983353 -0.057149
vn 0.172963 0.983375 0.055291
vn 0.278906 0.426497 -0.860414
vn 0.280969 0.426525 0.859729
vn 0.101168 0.975422 0.195746
vn 0.099453 0.975384 -0.196812
vn 0.199993 -0.769213 -0.606889
vn 0.195554 -0.769183 0.608372
vn 0.179703 0.983341 0.027327
vn 0.179591 0.983306 -0.029255
vn 0.280348 0.417226 -0.864481
vn 0.282195 0.417278 0.863855
vn 0.189358 0.981796 0.014864
vn 0.175925 0.984307 -0.013809
vn 0.039941 -0.996233 -0.076965
vn 0.039021 -0.996225 0.077543
vn 0.205868 -0.752777 -0.625256
vn 0.201647 -0.752656 0.626776
vn 0.125141 0.987862 -0.092024
vn 0.126012 0.987864 0.090811
vn 0.282669 0.401346 -0.871217
vn 0.284279 0.401419 0.870660
vn 0.151371 0.942088 -0.299261
vn 0.153686 0.942222 0.297654
vn 0.219636 -0.711317 -0.667674
vn 0.215506 -0.711109 0.669240
vn 0.030560 -0.998615 0.042829
vn 0.031351 -0.998617 -0.042215
vn 0.024265 -0.999560 -0.017085
vn 0.023695 -0.999560 0.017830
vn 0.285841 0.378109 -0.880527
vn 0.287192 0.378208 0.880045
vn 0.099332 0.985466 -0.137800
vn 0.100596 0.985473 0.136835
vn 0.239152 -0.642832 -0.727718
vn 0.235088 -0.642520 0.729316
vn 0.106577 0.988467 -0.107580
vn 0.107580 0.988467 0.106577
vn 0.289794 0.346427 -0.892193
vn 0.290861 0.346557 0.891795
vn 0.282627 0.787081 0.548293
vn 0.279216 0.786351 -0.551081
vn 0.064182 -0.990167 -0.124300
vn 0.063209 -0.990145 0.124967
vn 0.138085 0.987843 -0.071413
vn 0.138749 0.987846 0.070066
vn 0.405464 0.529605 -0.745062
vn 0.366435 0.529462 0.765112
vn 0.262430 -0.540407 -0.799432
vn 0.258487 -0.539965 0.801013
vn 0.294385 0.304812 -0.905774
vn 0.295143 0.304979 0.905471
vn 0.299346 0.251377 -0.920435
vn 0.299761 0.251585 0.920244
vn 0.286045 -0.396275 -0.872436
vn 0.282359 -0.395682 0.873904
vn 0.026197 -0.999560 0.013918
vn 0.026667 -0.999559 -0.013099
vn 0.304199 0.183872 -0.934695
vn 0.304234 0.184137 0.934631
vn 0.304292 -0.209045 -0.929358
vn 0.301079 -0.208325 0.930565
vn 0.308136 0.099986 -0.946074
vn 0.307752 0.100305 0.946165
vn 0.334027 0.052871 -0.941079
vn 0.282851 -0.108595 -0.952997
vn 0.332459 -0.108647 0.936839
vn 0.284079 0.052848 0.957343
vn -0.457600 -0.078078 0.885723
vn -0.449745 -0.078671 -0.889686
vn 0.147766 0.987813 -0.048892
vn 0.148198 0.987819 0.047441
vn -0.428941 0.297653 -0.852884
vn -0.439793 0.298693 0.846974
vn 0.104372 -0.973634 -0.202837
vn 0.103359 -0.973575 0.203637
vn -0.437357 -0.297914 0.848508
vn -0.431413 -0.298262 -0.851424
vn -0.279647 0.800475 0.530129
vn -0.266405 0.799510 -0.538342
vn -0.401165 -0.369926 0.837986
vn -0.444209 -0.370048 -0.815931
vn -0.005489 0.999975 -0.004542
vn 0.006341 0.999976 -0.002885
vn 0.128850 0.975431 -0.178696
vn 0.130419 0.975449 0.177453
vn 0.178008 0.915757 -0.360141
vn 0.187290 0.916053 0.354638
vn 0.153829 0.987781 -0.024993
vn 0.154001 0.987792 0.023484
vn 0.285791 0.784884 0.549800
vn 0.278342 0.784577 -0.554044
vn 0.122036 0.988462 -0.089719
vn 0.122882 0.988460 0.088577
vn 0.028441 -0.999557 -0.008758
vn 0.028078 -0.999559 0.009639
vn 0.174876 -0.923763 -0.340706
vn 0.173879 -0.923580 0.341712
vn 0.153572 0.988064 -0.012055
vn 0.158608 0.987263 0.012450
vn 0.339183 0.658805 -0.671514
vn 0.345414 0.659092 0.668047
vn 0.036828 -0.998616 0.037534
vn 0.037534 -0.998616 -0.036828
vn 0.051443 -0.996237 -0.069751
vn 0.050600 -0.996233 0.070421
vn 0.380128 0.540580 -0.750517
vn 0.385492 0.540844 0.747585
vn 0.293343 -0.765575 -0.572577
vn 0.292497 -0.765022 0.573748
vn 0.119510 0.985477 -0.120632
vn 0.120632 0.985477 0.119510
vn 0.417320 -0.397007 0.817453
vn 0.417848 -0.397927 -0.816736
vn 0.029518 -0.999556 -0.004167
vn 0.029269 -0.999559 0.005092
vn 0.383081 -0.460222 0.800902
vn 0.426412 -0.155676 -0.891032
vn 0.422445 0.440653 0.792064
vn 0.424736 -0.460357 -0.779532
vn 0.472435 -0.155737 0.867497
vn 0.394529 0.440488 -0.806423
vn 0.348534 -0.635039 0.689383
vn 0.354714 -0.634560 -0.686667
vn 0.029775 -0.999557 0.000472
vn 0.196060 0.942205 -0.271679
vn 0.198198 0.942269 0.269901
vn 0.298136 -0.751076 0.589067
vn 0.302799 -0.750993 -0.586790
vn 0.410559 0.426910 -0.805723
vn 0.412479 0.426928 0.804732
vn 0.134645 0.988445 -0.069615
vn 0.135317 0.988442 0.068351
vn 0.288531 -0.769554 0.569681
vn 0.292659 -0.769576 -0.567542
vn 0.364741 0.787121 0.497398
vn 0.361541 0.786776 -0.500272
vn 0.082762 -0.990176 -0.112701
vn 0.081865 -0.990166 0.113442
vn 0.412623 0.417640 -0.809518
vn 0.414343 0.417672 0.808623
vn 0.042215 -0.998617 0.031351
vn 0.042829 -0.998615 -0.030560
vn 0.516615 0.529872 -0.672566
vn 0.481384 0.529797 0.698273
vn 0.301359 -0.753137 -0.584780
vn 0.297434 -0.753059 0.586886
vn 0.155005 0.975453 -0.156415
vn 0.156415 0.975453 0.155005
vn 0.144069 0.988420 -0.047650
vn 0.144548 0.988415 0.046290
vn 0.136835 0.985473 -0.100596
vn 0.137800 0.985466 0.099332
vn 0.417478 0.401800 0.815027
vn 0.415979 0.401755 -0.815815
vn 0.317795 -0.711559 0.626650
vn 0.321637 -0.711689 -0.624538
vn 0.060904 -0.996237 0.061663
vn 0.061663 -0.996237 -0.060904
vn 0.149961 0.988392 -0.024347
vn 0.150228 0.988386 0.022926
vn -0.590269 -0.078288 0.803401
vn -0.583185 -0.078570 -0.808530
vn -0.556805 0.298136 -0.775296
vn -0.566641 0.298638 0.767941
vn 0.133757 -0.973630 0.184806
vn 0.134703 -0.973658 -0.183969
vn -0.564422 -0.298220 0.769735
vn -0.559072 -0.298381 -0.773568
vn 0.152965 0.988159 -0.012008
vn 0.150982 0.988465 0.011852
vn -0.358991 0.800440 0.480023
vn -0.346868 0.799990 -0.489590
vn 0.421838 0.378569 0.823856
vn 0.420582 0.378508 -0.824526
vn -0.527132 -0.370210 0.764903
vn -0.565986 -0.370274 -0.736585
vn -0.004867 0.999975 -0.005057
vn 0.005964 0.999976 -0.003552
vn 0.231834 0.915949 -0.327551
vn 0.240292 0.916093 0.320988
vn 0.346589 -0.643020 0.682936
vn 0.350371 -0.643213 -0.680821
vn 0.047129 -0.998612 -0.023520
vn 0.046613 -0.998615 0.024387
vn 0.426327 0.346808 -0.835446
vn 0.427321 0.346888 0.834905
vn 0.361231 0.784894 -0.503442
vn 0.368004 0.785039 0.498283
vn 0.235805 0.942266 -0.237763
vn 0.237763 0.942266 0.235805
vn 0.225851 -0.923820 -0.309108
vn 0.224892 -0.923734 0.310063
vn 0.150959 0.985454 -0.078048
vn 0.151756 0.985441 0.076658
vn 0.439713 0.659172 -0.610036
vn 0.445369 0.659308 0.605772
vn 0.384669 -0.540770 -0.748062
vn 0.380999 -0.540496 0.750136
vn 0.433008 0.305168 -0.848161
vn 0.433711 0.305270 0.847765
vn 0.492542 0.540945 -0.681748
vn 0.497405 0.541068 0.678111
vn 0.379085 -0.765675 -0.519650
vn 0.378234 -0.765414 0.520654
vn 0.539729 -0.397507 0.742079
vn 0.540257 -0.397941 -0.741461
vn 0.177453 0.975449 -0.130419
vn 0.178696 0.975431 0.128850
vn 0.541048 -0.460609 -0.703638
vn 0.503445 -0.460536 0.731060
vn 0.515594 0.440804 -0.734748
vn 0.560410 -0.155815 -0.813427
vn 0.601954 -0.155846 0.783176
vn 0.540799 0.440889 0.716347
vn 0.440225 0.251691 -0.861890
vn 0.440610 0.251819 0.861655
vn 0.451847 -0.635208 0.626375
vn 0.457372 -0.634981 -0.622583
vn 0.419515 -0.396554 -0.816549
vn 0.416082 -0.396189 0.818480
vn 0.049904 -0.998613 0.016777
vn 0.050318 -0.998608 -0.015844
vn 0.437732 0.787029 0.434714
vn 0.434714 0.787029 -0.437732
vn 0.099280 -0.990176 -0.098460
vn 0.098460 -0.990176 0.099280
vn 0.447270 0.184133 -0.875240
vn 0.447304 0.184295 0.875188
vn 0.446527 -0.209139 -0.869985
vn 0.443536 -0.208698 0.871620
vn 0.161508 0.985425 -0.053416
vn 0.162124 0.985404 0.051920
vn 0.386327 -0.751306 0.535061
vn 0.390519 -0.751269 -0.532062
vn 0.452603 0.100361 0.886046
vn 0.452959 0.100166 -0.885886
vn 0.614840 0.529935 -0.584073
vn 0.584073 0.529935 0.614840
vn 0.069751 -0.996237 0.051443
vn 0.070421 -0.996233 -0.050600
vn 0.475361 -0.108765 0.873042
vn 0.477580 0.052928 -0.876992
vn 0.429188 -0.108725 -0.896647
vn 0.431090 0.052909 0.900756
vn 0.531272 0.427186 -0.731616
vn 0.533006 0.427195 0.730349
vn 0.051969 -0.998611 0.008699
vn 0.052274 -0.998603 -0.007717
vn 0.057193 -0.998353 0.004490
vn 0.048076 -0.998837 -0.003774
vn 0.373788 -0.769803 0.517384
vn 0.377515 -0.769814 -0.514654
vn 0.168092 0.985394 -0.027289
vn 0.168514 0.985364 0.025718
vn 0.175477 0.984387 -0.013775
vn 0.165143 0.986185 0.012964
vn 0.269901 0.942269 -0.198198
vn 0.271679 0.942205 0.196060
vn 0.533906 0.417915 -0.735045
vn 0.535458 0.417931 0.733906
vn 0.196812 0.975384 0.099453
vn 0.195746 0.975422 -0.101168
vn -0.708006 -0.078448 0.701836
vn -0.701836 -0.078448 -0.708006
vn -0.679198 0.298454 0.670533
vn -0.670533 0.298454 -0.679198
vn 0.160786 -0.973658 0.161673
vn 0.161673 -0.973658 -0.160786
vn -0.677215 -0.298372 0.672573
vn -0.672573 -0.298372 -0.677215
vn -0.429397 0.800291 0.418512
vn -0.418512 0.800291 -0.429397
vn -0.639655 -0.370325 0.673574
vn -0.673574 -0.370325 -0.639655
vn 0.388813 -0.753371 -0.530337
vn 0.385259 -0.753333 0.532977
vn -0.004216 0.999976 -0.005533
vn 0.005533 0.999976 -0.004216
vn 0.279779 0.916061 -0.287326
vn 0.287326 0.916061 0.279779
vn 0.076965 -0.996233 0.039941
vn 0.077543 -0.996225 -0.039021
vn 0.538207 0.402029 -0.740747
vn 0.539562 0.402050 0.739749
vn 0.434993 0.785049 -0.440997
vn 0.440997 0.785049 0.434993
vn 0.271182 -0.923813 -0.270239
vn 0.270239 -0.923813 0.271182
vn 0.500272 0.786776 0.361541
vn 0.497398 0.787121 -0.364741
vn 0.529130 0.659341 -0.534126
vn 0.534126 0.659341 0.529130
vn 0.415066 -0.711929 -0.566460
vn 0.411581 -0.711867 0.569075
vn 0.113442 -0.990166 -0.081865
vn 0.112701 -0.990176 0.082762
vn 0.209393 0.975378 -0.069220
vn 0.210279 0.975317 0.067376
vn 0.592498 0.541108 -0.596782
vn 0.596782 0.541108 0.592498
vn 0.455320 -0.765629 -0.454418
vn 0.454418 -0.765629 0.455320
vn 0.698273 0.529797 -0.481384
vn 0.672566 0.529872 0.516615
vn 0.544120 0.378775 -0.748641
vn 0.545257 0.378806 0.747797
vn 0.648467 -0.397815 0.649025
vn 0.649025 -0.397815 -0.648467
vn 0.667915 -0.335252 -0.664452
vn 0.664452 -0.335252 0.667915
vn 0.623551 0.440941 -0.645566
vn 0.645566 0.440941 0.623551
vn 0.297654 0.942222 -0.153686
vn 0.299261 0.942088 0.151371
vn 0.548493 -0.635195 -0.543768
vn 0.543768 -0.635195 0.548493
vn 0.452259 -0.643457 -0.617596
vn 0.448825 -0.643365 0.620192
vn 0.218594 0.975244 0.033393
vn 0.217891 0.975333 -0.035341
vn 0.082351 -0.996227 0.027377
vn 0.082836 -0.996214 -0.026388
vn 0.551507 0.347066 -0.758541
vn 0.552408 0.347104 0.757868
vn 0.208794 0.977822 0.016390
vn 0.233161 0.972266 -0.018303
vn 0.464780 -0.751376 0.468417
vn 0.468417 -0.751376 -0.464780
vn -0.808530 -0.078570 0.583185
vn -0.803401 -0.078288 -0.590269
vn 0.638549 0.427285 -0.640065
vn 0.640065 0.427285 0.638549
vn -0.775296 0.298136 0.556805
vn -0.767941 0.298638 -0.566641
vn 0.184806 -0.973630 -0.133757
vn 0.183969 -0.973658 0.134703
vn -0.773568 -0.298381 0.559072
vn -0.769735 -0.298220 -0.564422
vn 0.496672 -0.540995 -0.678706
vn 0.493337 -0.540865 0.681237
vn -0.489590 0.799990 0.346868
vn -0.480023 0.800440 -0.358991
vn 0.560100 0.305410 -0.770073
vn 0.560741 0.305459 0.769587
vn 0.086102 -0.996201 -0.013005
vn 0.085712 -0.996221 0.014051
vn -0.736585 -0.370274 0.565986
vn -0.764903 -0.370210 -0.527132
vn 0.551081 0.786351 0.279216
vn 0.548293 0.787081 -0.282627
vn -0.003552 0.999976 -0.005964
vn 0.005057 0.999975 -0.004867
vn 0.449624 -0.769893 0.452883
vn 0.452883 -0.769893 -0.449624
vn 0.124967 -0.990145 -0.063209
vn 0.124300 -0.990167 0.064182
vn 0.093966 -0.995548 0.007376
vn 0.080072 -0.996769 -0.006286
vn 0.318321 0.942140 -0.105086
vn 0.319775 0.941922 0.102602
vn 0.320988 0.916093 -0.240292
vn 0.327551 0.915949 0.231834
vn 0.569384 0.251909 -0.782524
vn 0.569737 0.251970 0.782248
vn 0.765112 0.529462 -0.366435
vn 0.745062 0.529605 0.405464
vn 0.541830 -0.396716 -0.740970
vn 0.538711 -0.396544 0.743332
vn 0.498283 0.785039 -0.368004
vn 0.503442 0.784894 0.361231
vn 0.310063 -0.923734 -0.224892
vn 0.309108 -0.923820 0.225851
vn 0.641684 0.418016 -0.643043
vn 0.643043 0.418016 0.641684
vn 0.578440 0.184315 -0.794629
vn 0.578474 0.184390 0.794587
vn 0.576894 -0.209179 -0.789581
vn 0.574181 -0.208970 0.791611
vn 0.605772 0.659308 -0.445369
vn 0.610036 0.659172 0.439713
vn 0.585734 0.100294 -0.804274
vn 0.585415 0.100387 0.804495
vn 0.608526 0.052965 -0.791764
vn 0.564036 -0.108818 -0.818549
vn 0.605715 -0.108839 0.788202
vn 0.566561 0.052954 0.822316
vn 0.331143 0.942059 -0.053573
vn 0.332463 0.941740 0.050925
vn 0.466494 -0.753439 -0.463371
vn 0.463371 -0.753439 0.466494
vn 0.678111 0.541068 -0.497405
vn 0.681748 0.540945 0.492542
vn 0.520654 -0.765414 -0.378234
vn 0.519650 -0.765675 0.379085
vn 0.364925 0.930596 -0.028646
vn 0.308447 0.950933 0.024213
vn 0.588816 0.785771 0.189367
vn 0.586038 0.786957 -0.193022
vn 0.741461 -0.397941 0.540257
vn 0.742079 -0.397507 -0.539729
vn 0.783176 -0.155846 -0.601954
vn 0.731060 -0.460536 -0.503445
vn 0.703638 -0.460609 0.541048
vn 0.813427 -0.155815 0.560410
vn 0.716347 0.440889 -0.540799
vn 0.734748 0.440804 0.515594
vn 0.133545 -0.990116 -0.042847
vn 0.132949 -0.990151 0.043892
vn 0.648008 0.402128 0.646822
vn 0.646822 0.402128 -0.648008
vn 0.622583 -0.634981 0.457372
vn 0.626375 -0.635208 -0.451847
vn -0.889686 -0.078671 0.449745
vn -0.885723 -0.078078 -0.457600
vn -0.852884 0.297653 0.428941
vn -0.846974 0.298693 -0.439793
vn 0.203637 -0.973575 -0.103359
vn 0.202837 -0.973634 0.104372
vn -0.851424 -0.298262 0.431413
vn -0.848508 -0.297914 -0.437357
vn 0.813494 0.528996 -0.241642
vn 0.799714 0.529179 0.283596
vn -0.538342 0.799510 0.266405
vn -0.530129 0.800475 -0.279647
vn 0.498055 -0.711992 -0.494983
vn 0.494983 -0.711992 0.498055
vn -0.815931 -0.370048 0.444209
vn -0.837986 -0.369926 -0.401165
vn -0.002885 0.999976 -0.006341
vn 0.004542 0.999975 -0.005489
vn 0.532062 -0.751269 0.390519
vn 0.535061 -0.751306 -0.386327
vn 0.612141 0.785118 0.094193
vn 0.609273 0.786864 -0.098142
vn 0.354638 0.916053 -0.187290
vn 0.360141 0.915757 0.178008
vn 0.653890 0.378877 -0.654889
vn 0.654889 0.378877 0.653890
vn 0.138857 -0.990084 -0.021268
vn 0.138323 -0.990134 0.022380
vn 0.730349 0.427195 -0.533006
vn 0.731616 0.427186 0.531272
vn 0.549546 0.834349 0.043139
vn 0.690741 0.721066 -0.054222
vn 0.549800 0.784884 -0.285791
vn 0.554044 0.784577 0.278342
vn 0.841723 0.528531 -0.110265
vn 0.834729 0.528698 0.153964
vn 0.151830 -0.988335 0.011918
vn 0.129492 -0.991528 -0.010165
vn 0.341712 -0.923580 -0.173879
vn 0.340706 -0.923763 0.174876
vn 0.542761 -0.643512 -0.539725
vn 0.539725 -0.643512 0.542761
vn 0.668047 0.659092 -0.345414
vn 0.671514 0.658805 0.339183
vn 0.847053 0.527332 -0.066492
vn 0.847053 0.527334 0.066493
vn 0.514654 -0.769814 0.377515
vn 0.517384 -0.769803 -0.373788
vn 0.662730 0.347167 -0.663524
vn 0.663524 0.347167 0.662730
vn -0.949305 -0.078767 0.304330
vn -0.946638 -0.077788 -0.312770
vn -0.909897 0.296995 0.289622
vn -0.905550 0.298679 -0.301281
vn 0.216882 -0.973593 0.071261
vn 0.217666 -0.973497 -0.070176
vn -0.908704 -0.298055 0.292266
vn -0.906814 -0.297480 -0.298654
vn 0.747585 0.540844 -0.385492
vn 0.750517 0.540580 0.380128
vn 0.573748 -0.765022 -0.292497
vn 0.572577 -0.765575 0.293343
vn -0.574335 0.798874 0.178715
vn -0.567524 0.800432 -0.192940
vn -0.875668 -0.369693 0.310697
vn -0.890792 -0.369543 -0.264440
vn 0.816736 -0.397927 0.417848
vn 0.817453 -0.397007 -0.417320
vn -0.002225 0.999975 -0.006649
vn 0.003996 0.999974 -0.006065
vn 0.733906 0.417931 -0.535458
vn 0.735045 0.417915 0.533906
vn 0.779532 -0.460357 0.424736
vn 0.867497 -0.155737 -0.472435
vn 0.800902 -0.460222 -0.383081
vn 0.891032 -0.155676 0.426412
vn 0.792064 0.440653 -0.422445
vn 0.806423 0.440488 0.394529
vn 0.596153 -0.541033 -0.593199
vn 0.593199 -0.541033 0.596153
vn 0.673016 0.305509 -0.673583
vn 0.673583 0.305509 0.673016
vn 0.686667 -0.634560 0.354714
vn 0.689383 -0.635039 -0.348534
vn 0.379829 0.915971 -0.129334
vn 0.384222 0.915493 0.119357
vn 0.532977 -0.753333 -0.385259
vn 0.530337 -0.753371 0.388813
vn -0.985427 -0.078903 0.150693
vn -0.984160 -0.077448 -0.159470
vn -0.944425 0.296273 0.142423
vn -0.941724 0.298753 -0.154605
vn 0.226373 -0.973412 -0.035000
vn 0.225582 -0.973553 0.036170
vn 0.588176 0.784629 -0.195977
vn 0.591436 0.784138 0.187968
vn -0.943502 -0.297862 0.145200
vn -0.942725 -0.297011 -0.151834
vn -0.596268 0.798170 0.085963
vn -0.590871 0.800421 -0.100982
vn 0.365285 -0.923364 -0.118180
vn 0.364183 -0.923662 0.119247
vn 0.684128 0.252003 -0.684444
vn 0.684444 0.252003 0.684128
vn -0.996546 -0.027861 0.078229
vn -0.989471 -0.122124 -0.077673
vn 0.586790 -0.750993 0.302799
vn 0.589067 -0.751076 -0.298136
vn -0.913867 -0.369297 0.168722
vn -0.921514 -0.369157 -0.120561
vn -0.922565 0.378985 0.072420
vn -0.972307 0.220894 -0.076325
vn 0.248868 -0.968340 0.019536
vn 0.210608 -0.977431 -0.016532
vn 0.650460 -0.396720 -0.647700
vn 0.647700 -0.396720 0.650460
vn -0.001582 0.999975 -0.006871
vn 0.003424 0.999973 -0.006571
vn -0.960835 -0.266658 0.075425
vn -0.943509 -0.322963 -0.074065
vn 0.714308 0.658743 -0.236268
vn 0.716909 0.658284 0.229571
vn -0.502035 0.863949 0.039409
vn -0.689171 0.722576 -0.054099
vn 0.739749 0.402050 -0.539562
vn 0.740747 0.402029 0.538207
vn -0.926912 -0.368158 0.072762
vn -0.926913 -0.368155 -0.072761
vn 0.694962 0.184400 -0.694999
vn 0.694999 0.184400 0.694962
vn 0.804732 0.426928 -0.412479
vn 0.805723 0.426910 0.410559
vn 0.395657 0.915891 -0.067815
vn 0.398893 0.915205 0.057314
vn 0.085429 0.996322 -0.006706
vn -0.091618 0.995768 -0.007192
vn 0.799092 0.540474 -0.263324
vn 0.801256 0.540046 0.257563
vn 0.613200 -0.764476 -0.198904
vn 0.611777 -0.765381 0.199803
vn 0.692665 -0.209127 -0.690276
vn 0.690276 -0.209127 0.692665
vn 0.703673 0.100366 -0.703399
vn 0.703399 0.100366 0.703673
vn 0.569075 -0.711867 -0.411581
vn 0.566460 -0.711929 0.415066
vn 0.447344 0.893672 -0.035116
vn 0.351000 0.935970 0.027553
vn 0.724187 0.052972 -0.687566
vn 0.684483 -0.108857 -0.720856
vn 0.720856 -0.108857 0.684483
vn 0.687566 0.052972 0.724187
vn 0.612067 0.784360 -0.100763
vn 0.614295 0.783652 0.092362
vn 0.872291 -0.397822 0.284335
vn 0.873155 -0.396324 -0.283775
vn 0.851398 -0.459782 -0.252432
vn 0.930917 -0.155562 -0.330445
vn 0.836724 -0.459959 0.297204
vn 0.947029 -0.155488 0.280996
vn 0.848745 0.440273 -0.292902
vn 0.858635 0.440034 0.262898
vn 0.379928 -0.923124 -0.059140
vn 0.378673 -0.923563 0.060318
vn 0.567542 -0.769576 0.292659
vn 0.569681 -0.769554 -0.288531
vn 0.734336 -0.633959 0.242584
vn 0.735817 -0.634752 -0.235932
vn 0.620977 0.783817 -0.004283
vn 0.742957 0.658378 -0.120636
vn 0.744638 0.657727 0.113623
vn 0.747797 0.378806 -0.545257
vn 0.748641 0.378775 0.544120
vn 0.352008 -0.935589 -0.027632
vn 0.419951 -0.906948 0.032966
vn 0.768583 0.636898 -0.060334
vn 0.733294 0.677471 0.057563
vn 0.830872 0.540099 -0.133961
vn 0.832224 0.539478 0.127935
vn 0.637618 -0.763868 -0.099749
vn 0.635853 -0.765202 0.100786
vn 0.808623 0.417672 -0.414343
vn 0.809518 0.417640 0.412623
vn 0.627523 -0.750579 0.206994
vn 0.628986 -0.750720 -0.201979
vn 0.620192 -0.643365 -0.448825
vn 0.617596 -0.643457 0.452259
vn 0.906255 -0.397768 0.143116
vn 0.907325 -0.395555 -0.142472
vn 0.851782 0.519613 -0.066864
vn 0.827247 0.558073 0.064939
vn 0.971414 -0.155372 -0.179485
vn 0.873361 -0.459501 0.161555
vn 0.979537 -0.155303 0.128019
vn 0.880796 -0.459335 -0.114931
vn 0.884527 0.439855 -0.155368
vn 0.889591 0.439570 0.124119
vn 0.595079 -0.802308 -0.046713
vn 0.696735 -0.715240 0.054693
vn 0.586886 -0.753059 -0.297434
vn 0.584780 -0.753137 0.301359
vn 0.757868 0.347104 -0.552408
vn 0.758541 0.347066 0.551507
vn 0.763962 -0.633284 0.123749
vn 0.764052 -0.634479 -0.116881
vn 0.859729 0.426525 -0.280969
vn 0.860414 0.426497 0.278906
vn 0.944189 -0.320957 0.074118
vn 0.883351 -0.463555 -0.069343
vn 0.952743 -0.303139 0.019695
vn 0.886124 -0.458199 -0.069559
vn 0.898302 0.433684 -0.070515
vn 0.892347 0.445881 0.070048
vn 0.741975 -0.667892 0.058243
vn 0.806657 -0.587618 -0.063320
vn 0.608372 -0.769183 -0.195554
vn 0.606889 -0.769213 0.199993
vn 0.815027 0.401800 -0.417478
vn 0.815815 0.401755 0.415979
vn 0.681237 -0.540865 -0.493337
vn 0.678706 -0.540995 0.496672
vn 0.652825 -0.750132 0.105454
vn 0.653391 -0.750354 -0.100243
vn 0.769587 0.305459 -0.560741
vn 0.770073 0.305410 0.560100
vn 0.652077 -0.756423 0.051187
vn 0.669968 -0.740525 -0.052592
vn 0.893494 0.426098 -0.141804
vn 0.893851 0.426060 0.139654
vn 0.626650 -0.711559 -0.317795
vn 0.624538 -0.711689 0.321637
vn 0.863855 0.417278 -0.282195
vn 0.864481 0.417226 0.280348
vn 0.782248 0.251970 -0.569737
vn 0.782524 0.251909 0.569384
vn 0.902980 0.423796 -0.070883
vn 0.902036 0.425814 0.070809
vn 0.743332 -0.396544 -0.538711
vn 0.740970 -0.396716 0.541830
vn 0.631306 -0.768825 0.101790
vn 0.632074 -0.768793 -0.097161
vn 0.823856 0.378569 -0.421838
vn 0.824526 0.378508 0.420582
vn 0.626776 -0.752656 -0.201647
vn 0.625256 -0.752777 0.205868
vn 0.794587 0.184390 -0.578474
vn 0.794629 0.184315 0.578440
vn 0.791611 -0.208970 -0.574181
vn 0.789581 -0.209179 0.576894
vn 0.638446 -0.768034 -0.050117
vn 0.639331 -0.767292 0.050186
vn 0.804495 0.100387 -0.585415
vn 0.804274 0.100294 0.585734
vn 0.822316 0.052954 -0.566561
vn 0.788202 -0.108839 -0.605715
vn 0.818549 -0.108818 0.564036
vn 0.791764 0.052965 0.608526
vn 0.682936 -0.643020 -0.346589
vn 0.680821 -0.643213 0.350371
vn 0.897753 0.416861 -0.142361
vn 0.898089 0.416790 0.140436
vn 0.870660 0.401419 -0.284279
vn 0.871217 0.401346 0.282669
vn 0.834905 0.346888 -0.427321
vn 0.835446 0.346808 0.426327
vn 0.907706 0.413512 -0.071253
vn 0.905825 0.417643 0.071105
vn 0.651228 -0.752228 -0.100276
vn 0.650339 -0.752396 0.104687
vn 0.669240 -0.711109 -0.215506
vn 0.667674 -0.711317 0.219636
vn 0.652429 -0.756117 -0.051215
vn 0.663470 -0.746388 0.052081
vn 0.750136 -0.540496 -0.380999
vn 0.748062 -0.540770 0.384669
vn 0.847765 0.305270 -0.433711
vn 0.848161 0.305168 0.433008
vn 0.880045 0.378208 -0.287192
vn 0.880527 0.378109 0.285841
vn 0.904787 0.401016 -0.143343
vn 0.905097 0.400911 0.141665
vn 0.251647 -0.960064 0.122270
vn 0.252589 -0.959545 -0.124385
vn 0.241079 -0.924458 0.295395
vn 0.248484 -0.946287 -0.206876
vn 0.221566 -0.846219 -0.484584
vn 0.205584 -0.793386 0.572952
vn 0.149354 -0.567075 0.810012
vn 0.171529 -0.649884 -0.740424
vn 0.106542 -0.373770 -0.921382
vn 0.083262 -0.271928 0.958709
vn 0.039711 -0.054898 -0.997702
vn 0.020276 0.053360 0.998369
vn -0.017870 0.271468 -0.962281
vn -0.030246 0.375052 0.926510
vn -0.063195 0.658661 0.749781
vn -0.058962 0.572189 -0.818000
vn -0.080382 0.808472 -0.583020
vn -0.078349 0.865585 0.494595
vn -0.081879 0.973741 0.212427
vn -0.085284 0.949363 -0.302386
vn -0.080453 0.988488 0.128137
vn -0.083485 0.988741 -0.124185
vn 0.915204 0.396536 -0.071842
vn 0.912408 0.402966 0.071622
vn 0.861655 0.251819 -0.440610
vn 0.861890 0.251691 0.440225
vn 0.695342 -0.710630 -0.107259
vn 0.694359 -0.710926 0.111582
vn 0.729316 -0.642520 -0.235088
vn 0.727718 -0.642832 0.239152
vn 0.818480 -0.396189 -0.416082
vn 0.816549 -0.396554 0.419515
vn 0.693215 -0.718674 -0.054416
vn 0.711319 -0.700648 0.055837
vn 0.891795 0.346557 -0.290861
vn 0.892193 0.346427 0.289794
vn 0.875188 0.184295 -0.447304
vn 0.875240 0.184133 0.447270
vn 0.914493 0.377829 -0.144735
vn 0.914774 0.377685 0.143325
vn 0.871620 -0.208698 -0.443536
vn 0.869985 -0.209139 0.446527
vn 0.886046 0.100361 -0.452603
vn 0.885886 0.100166 0.452959
vn 0.900756 0.052909 -0.431090
vn 0.873042 -0.108765 -0.475361
vn 0.896647 -0.108725 0.429188
vn 0.876992 0.052928 0.477580
vn 0.925356 0.372076 -0.072638
vn 0.921696 0.381106 0.072352
vn 0.801013 -0.539965 -0.258487
vn 0.799432 -0.540407 0.262430
vn 0.757723 -0.641983 -0.117110
vn 0.756670 -0.642433 0.121367
vn 0.905471 0.304979 -0.295143
vn 0.905774 0.304812 0.294385
vn 0.926648 0.346209 -0.146499
vn 0.926895 0.346020 0.145383
vn 0.753324 -0.654986 -0.059134
vn 0.776624 -0.627008 0.060964
vn 0.920244 0.251585 -0.299761
vn 0.920435 0.251377 0.299346
vn 0.937907 0.338985 -0.073622
vn 0.933488 0.351042 0.073276
vn 0.873904 -0.395682 -0.282359
vn 0.872436 -0.396275 0.286045
vn 0.832133 -0.539391 -0.128888
vn 0.831065 -0.540033 0.133021
vn 0.940799 0.304674 -0.148562
vn 0.941003 0.304431 0.147770
vn 0.934631 0.184137 -0.304234
vn 0.934695 0.183872 0.304199
vn 0.930565 -0.208325 -0.301079
vn 0.929358 -0.209045 0.304292
vn 0.826776 -0.558774 -0.064901
vn 0.852650 -0.518178 0.066931
vn 0.946165 0.100305 -0.307752
vn 0.946074 0.099986 0.308136
vn 0.952344 0.295725 -0.074757
vn 0.947376 0.311364 0.074366
vn 0.957343 0.052848 -0.284079
vn 0.936839 -0.108647 -0.332459
vn 0.952997 -0.108595 0.282851
vn 0.941079 0.052871 0.334027
vn 0.956080 0.251344 -0.150786
vn 0.956230 0.251034 0.150350
vn 0.907748 -0.395132 -0.140938
vn 0.906762 -0.395999 0.144800
vn -0.208876 0.970648 -0.119218
vn -0.140842 0.982305 0.123453
vn 0.967708 0.240357 -0.075964
vn 0.962577 0.260262 0.075561
vn -0.165597 0.956595 -0.239797
vn -0.173941 0.950270 0.258325
vn 0.970962 0.183976 -0.152926
vn 0.971041 0.183591 0.152885
vn 0.903744 -0.422154 -0.070942
vn 0.927388 -0.366950 0.072798
vn -0.143910 0.843156 -0.518051
vn -0.152982 0.830617 0.535418
vn 0.966507 -0.207906 -0.150461
vn 0.965750 -0.208966 0.153818
vn -0.097583 0.632296 -0.768557
vn -0.106657 0.614662 0.781547
vn 0.982880 0.100260 -0.154577
vn 0.982866 0.099784 0.154974
vn 0.982317 0.170610 -0.077110
vn 0.977683 0.195566 0.076746
vn 0.987662 -0.024972 -0.154597
vn 0.985707 -0.108463 0.128906
vn 0.981988 0.052808 0.181415
vn -0.026034 0.343991 -0.938612
vn -0.034680 0.323648 0.945542
vn 0.967275 -0.242104 -0.075930
vn 0.981717 -0.174049 0.077064
vn 0.993391 0.084225 -0.077980
vn 0.990326 0.114942 0.077739
vn 0.063564 0.017668 -0.997821
vn 0.055570 -0.003457 0.998449
vn 0.997010 -0.066280 -0.039729
vn 0.995552 0.052619 0.078150
vn 0.159911 -0.306372 -0.938384
vn 0.152588 -0.326840 0.932680
vn 0.248698 -0.588506 -0.769292
vn 0.241715 -0.606338 0.757580
vn 0.307985 -0.805249 0.506674
vn 0.315131 -0.792255 -0.522517
vn 0.343987 -0.909468 0.233540
vn 0.351491 -0.902097 -0.250350
vn 0.318605 -0.940183 -0.120608
vn 0.394317 -0.911512 0.116877
vn -0.446628 0.887486 -0.113540
vn -0.364138 0.924014 0.116622
vn -0.385775 0.893876 -0.228393
vn -0.394031 0.885672 0.245609
vn -0.324896 0.803367 -0.499043
vn -0.332457 0.789275 0.516253
vn -0.210184 0.623209 -0.753282
vn -0.216832 0.603340 0.767441
vn -0.049162 0.359585 -0.931816
vn -0.055161 0.335807 0.940314
vn 0.133833 0.049772 -0.989753
vn 0.128134 0.024665 0.991450
vn -0.681809 0.723819 -0.105939
vn -0.609309 0.785440 0.108751
vn -0.620590 0.754068 -0.215055
vn -0.626688 0.744714 0.229484
vn 0.308763 -0.255412 -0.916204
vn 0.303035 -0.279344 0.911118
vn -0.528728 0.701541 -0.477793
vn -0.532859 0.687642 0.493162
vn 0.449864 -0.509707 -0.733362
vn 0.443663 -0.530118 0.722592
vn -0.349727 0.576031 -0.738836
vn -0.351538 0.556738 0.752638
vn 0.542613 -0.684106 -0.487412
vn 0.535602 -0.699341 0.473343
vn 0.588105 -0.775257 -0.230455
vn 0.580459 -0.785150 0.215888
vn 0.554667 -0.824649 -0.110902
vn 0.631200 -0.768108 0.107689
vn -0.841558 0.531117 -0.098461
vn -0.799180 0.592780 0.099612
vn -0.091505 0.364041 -0.926877
vn -0.091681 0.340414 0.935795
vn -0.796360 0.570489 -0.200880
vn -0.799231 0.562544 0.211600
vn -0.694379 0.557998 -0.454396
vn -0.694571 0.547211 0.467046
vn 0.195435 0.096895 -0.975918
vn 0.195473 0.071912 0.978069
vn -0.479820 0.496847 -0.723129
vn -0.475788 0.481834 0.735841
vn -0.899601 0.426397 0.094360
vn -0.916650 0.387744 -0.096995
vn -0.886736 0.415193 0.203259
vn -0.886083 0.420031 -0.196040
vn 0.447778 -0.164680 -0.878849
vn 0.446866 -0.187880 0.874650
vn -0.783663 0.433206 -0.445202
vn -0.781232 0.427008 0.455348
vn -0.147959 0.353832 -0.923532
vn -0.140158 0.334652 0.931860
vn -0.936281 0.337447 0.097506
vn -0.938724 0.328214 -0.105228
vn 0.629517 -0.373011 -0.681594
vn 0.627115 -0.392381 0.672878
vn -0.913938 0.345584 0.212811
vn -0.914363 0.347110 -0.208460
vn -0.559578 0.417699 -0.715821
vn -0.550948 0.409019 0.727434
vn 0.737371 -0.510439 -0.442420
vn 0.733478 -0.525174 0.431512
vn 0.223686 0.145358 -0.963761
vn 0.231626 0.125079 0.964730
vn -0.800434 0.368718 0.472601
vn -0.804372 0.370637 -0.464343
vn -0.935243 0.336402 0.110242
vn -0.926077 0.356585 -0.123403
vn 0.786717 -0.581800 -0.206362
vn 0.781804 -0.592148 0.195301
vn -0.902194 0.359015 -0.239071
vn -0.900992 0.360763 0.240966
vn 0.766218 -0.634833 -0.099487
vn 0.818247 -0.566609 0.097088
vn -0.201338 0.332978 -0.921189
vn -0.186345 0.321058 0.928546
vn -0.564745 0.368362 0.738493
vn -0.576096 0.371385 -0.728139
vn 0.531054 -0.065236 -0.844823
vn 0.536191 -0.083143 0.839992
vn -0.767780 0.379097 0.516526
vn -0.772948 0.377481 -0.509960
vn -0.893450 0.449157 -0.002383
vn 0.205025 0.179202 -0.962212
vn 0.220214 0.166275 0.961175
vn -0.847839 0.450265 -0.280056
vn -0.845313 0.455417 0.279358
vn -0.233295 0.312577 -0.920798
vn -0.214618 0.307514 0.927024
vn 0.734583 -0.230995 -0.637988
vn 0.736568 -0.245123 0.630383
vn -0.541153 0.366513 -0.756850
vn -0.528698 0.367259 0.765244
vn -0.697951 0.441433 -0.563916
vn -0.691648 0.446062 0.568025
vn 0.847900 -0.339912 -0.406847
vn 0.847545 -0.350368 0.398635
vn 0.540187 0.008053 -0.841507
vn 0.550395 -0.002663 0.834900
vn 0.150049 0.190390 -0.970174
vn 0.169356 0.184565 0.968119
vn -0.238488 0.300881 -0.923360
vn -0.220024 0.300287 0.928126
vn -0.799455 0.582312 0.147596
vn -0.745719 0.646726 -0.160153
vn 0.898183 -0.397549 -0.187675
vn 0.896418 -0.404973 0.180086
vn 0.893579 -0.439813 -0.089889
vn 0.917078 -0.388364 0.090232
vn -0.730182 0.611519 0.304761
vn -0.735264 0.603398 -0.308703
vn -0.475002 0.393310 -0.787198
vn -0.463126 0.396524 0.792643
vn 0.761310 -0.134832 -0.634214
vn 0.766383 -0.142308 0.626423
vn 0.485231 0.038617 -0.873533
vn 0.499099 0.034514 0.865857
vn -0.582191 0.552703 0.596300
vn -0.589411 0.544977 -0.596318
vn 0.105038 0.180315 0.977984
vn 0.085634 0.181109 -0.979728
vn 0.884673 -0.233090 -0.403760
vn 0.886425 -0.237908 0.397053
vn -0.223453 0.297227 -0.928291
vn -0.207780 0.299417 0.931223
vn 0.939837 -0.290079 0.180445
vn 0.939812 -0.286994 -0.185437
vn 0.734954 -0.104471 0.670021
vn 0.727435 -0.103075 -0.678390
vn 0.952150 -0.291452 0.092013
vn 0.945755 -0.312869 -0.087528
vn -0.690555 0.706347 0.155590
vn -0.694049 0.698897 -0.172741
vn -0.558110 0.828359 -0.048307
vn 0.391468 0.025574 -0.919836
vn 0.407098 0.026483 0.913001
vn -0.388090 0.447216 0.805844
vn -0.398249 0.440773 -0.804436
vn -0.633163 0.680811 0.368240
vn -0.669812 0.691691 -0.270027
vn -0.511434 0.794821 -0.326643
vn -0.539191 0.810001 0.230590
vn 0.876417 -0.208428 0.434109
vn 0.873202 -0.209031 -0.440255
vn 0.034740 0.154505 -0.987381
vn 0.051307 0.157131 0.986244
vn -0.521984 0.852942 0.004777
vn 0.942307 -0.268429 0.200010
vn 0.941208 -0.269792 -0.203321
vn -0.492724 0.829948 -0.261551
vn -0.489047 0.828959 0.271404
vn 0.645446 -0.136364 -0.751534
vn 0.655428 -0.132775 0.743495
vn 0.950951 -0.291404 0.103803
vn 0.955252 -0.280239 -0.094653
vn -0.440105 0.897920 0.006917
vn -0.487986 0.586039 0.646860
vn -0.545302 0.611893 -0.572916
vn -0.408827 0.698446 -0.587396
vn -0.453111 0.730171 0.511411
vn -0.185765 0.300041 0.935664
vn -0.197875 0.293931 -0.935121
vn -0.415650 0.881410 -0.224390
vn -0.411191 0.879846 0.238313
vn 0.292386 -0.029172 -0.955855
vn 0.307320 -0.024473 0.951292
vn -0.325642 0.941342 -0.088503
vn -0.360281 0.927768 0.097185
vn 0.824366 -0.264265 0.500584
vn 0.819047 -0.269789 -0.506336
vn -0.404347 0.751958 -0.520637
vn -0.399658 0.748018 0.529851
vn 0.636644 -0.768517 -0.063768
vn -0.326963 0.928740 -0.174747
vn -0.321549 0.927111 0.192541
vn -0.218736 0.975716 0.011563
vn 0.609404 -0.738021 0.289745
vn 0.571211 -0.710661 -0.410705
vn 0.908936 -0.344160 0.235348
vn 0.906150 -0.349881 -0.237644
vn 0.911892 -0.391551 0.123052
vn 0.931351 -0.347041 -0.110216
vn 0.694289 -0.689022 -0.207874
vn 0.656722 -0.729912 0.189594
vn -0.209551 0.972549 -0.101182
vn -0.202723 0.971459 0.123171
vn 0.049471 0.998409 0.027069
vn -0.051089 0.998680 0.005258
vn -0.342002 0.825569 -0.448855
vn -0.336300 0.820933 0.461488
vn -0.317030 0.443113 0.838536
vn -0.377186 0.484253 -0.789449
vn -0.278628 0.544675 -0.791009
vn -0.326952 0.592672 0.736099
vn 0.631011 -0.668900 0.392935
vn 0.634029 -0.669537 -0.386945
vn 0.018859 0.107474 0.994029
vn 0.006039 0.100040 -0.994965
vn 0.356485 0.926006 -0.124222
vn 0.580530 0.790350 0.195784
vn 0.531090 -0.233082 -0.814626
vn 0.542876 -0.225562 0.808954
vn 0.785923 -0.569836 0.240026
vn 0.845185 -0.464572 -0.264264
vn 0.948018 -0.098492 0.302590
vn 0.928813 0.215871 -0.301175
vn 0.491276 -0.612973 0.618799
vn 0.434697 -0.564534 -0.701670
vn -0.016746 0.999469 0.027950
vn -0.007127 0.999974 -0.000807
vn -0.270315 0.896073 -0.352112
vn -0.263664 0.891694 0.367916
vn 0.746320 -0.448626 0.491672
vn 0.752946 -0.450108 -0.480078
vn 0.377699 0.877730 0.294846
vn 0.394228 0.880591 -0.262950
vn 0.811032 0.148600 0.565814
vn 0.827770 0.146399 -0.541631
vn -0.286098 0.624212 -0.726985
vn -0.280650 0.617435 0.734854
vn 0.478960 -0.505289 0.717830
vn 0.484558 -0.504042 -0.714944
vn -0.176463 0.961576 -0.210314
vn -0.168788 0.958600 0.229337
vn 0.712328 -0.412414 -0.567894
vn 0.720890 -0.403065 0.563787
vn 0.334124 -0.426354 0.840585
vn 0.278294 -0.365719 -0.888145
vn -0.029775 0.999242 0.025061
vn -0.020767 0.999781 -0.002660
vn 0.518979 -0.225045 0.824630
vn 0.527691 -0.220186 -0.820402
vn 0.235092 0.881459 -0.409588
vn 0.223893 0.873461 0.432363
vn 0.481614 0.321856 0.815142
vn 0.494216 0.332442 -0.803264
vn -0.245355 0.735653 -0.631359
vn -0.238869 0.728371 0.642198
vn 0.226697 -0.131924 0.964989
vn 0.213953 -0.141716 -0.966510
vn -0.203351 0.319151 -0.925630
vn -0.133163 0.327844 -0.935300
vn -0.150863 0.282995 0.947182
vn 0.808588 -0.522376 -0.270755
vn 0.814839 -0.513321 0.269330
vn 0.304345 -0.289826 0.907400
vn 0.309560 -0.289351 -0.905786
vn 0.835266 -0.549846 0.000446
vn -0.197476 0.844618 -0.497618
vn -0.190142 0.838192 0.511156
vn 0.176015 -0.206166 0.962556
vn 0.123763 -0.131520 -0.983557
vn -0.134326 0.944033 -0.301261
vn -0.126226 0.939944 0.317132
vn 0.298164 0.016499 0.954372
vn 0.304660 0.021071 -0.952228
vn -0.153681 0.444313 -0.882592
vn -0.147430 0.434408 0.888569
vn -0.039724 0.999200 0.004712
vn -0.030921 0.999444 0.012454
vn 0.240827 0.476353 0.845630
vn 0.249261 0.484625 -0.838456
vn 0.102077 0.886443 0.451441
vn 0.111298 0.892715 -0.436661
vn 0.419878 -0.391735 0.818686
vn 0.407416 -0.403040 -0.819494
vn 0.146072 -0.058225 -0.987559
vn 0.141145 -0.055049 0.988457
vn -0.137362 0.608454 -0.781611
vn -0.129924 0.598111 0.790812
vn -0.028203 0.108979 -0.993644
vn 0.027923 0.032032 -0.999097
vn 0.023578 0.044106 0.998749
vn -0.026551 0.134050 -0.990619
vn 0.022943 0.042009 0.998854
vn -0.116789 0.772951 -0.623624
vn -0.108466 0.764248 0.635736
vn 0.122560 0.234542 0.964349
vn 0.128064 0.234445 -0.963657
vn 0.560216 -0.608539 0.561995
vn 0.548297 -0.619118 -0.562195
vn -0.087590 0.919975 -0.382065
vn -0.078645 0.914987 0.395744
vn 0.082435 0.599017 0.796481
vn 0.089536 0.601516 -0.793827
vn -0.042965 0.998762 -0.025064
vn -0.033747 0.998731 0.037385
vn 0.028405 0.908854 -0.416146
vn 0.019706 0.905640 0.423588
vn -0.004395 0.189746 -0.981823
vn 0.002688 0.176199 0.984351
vn -0.002983 0.185103 -0.982715
vn -0.007905 0.192518 0.981262
vn -0.121741 0.316955 0.940595
vn -0.167168 0.412270 -0.895594
vn 0.628348 -0.731902 0.263625
vn 0.617913 -0.740570 -0.264081
vn 0.591666 -0.795774 0.129128
vn 0.673438 -0.727965 -0.128636
vn -0.010480 0.417243 -0.908735
vn -0.001465 0.402171 0.915563
vn -0.017292 0.430579 0.902387
vn -0.012117 0.425660 -0.904802
vn 0.151179 -0.153111 -0.976577
vn 0.190916 -0.321562 -0.927442
vn 0.198737 -0.247732 0.948226
vn -0.019911 0.663372 -0.748025
vn -0.009415 0.650546 0.759408
vn -0.029395 0.699513 0.714015
vn -0.022892 0.697186 -0.716525
vn -0.137898 0.432110 -0.891216
vn -0.142285 0.441578 0.885869
vn -0.247802 0.577768 0.777675
vn -0.281691 0.657474 -0.698841
vn -0.019843 0.878599 0.477148
vn -0.030915 0.884995 -0.464573
vn -0.029946 0.925232 -0.378219
vn -0.038463 0.924717 0.378707
vn -0.038918 0.997530 -0.058477
vn -0.028576 0.997409 0.066023
vn 0.160805 -0.151918 -0.975224
vn 0.167701 -0.167670 0.971475
vn -0.131856 0.606908 0.783758
vn -0.127324 0.599527 -0.790162
vn -0.336403 0.775232 0.534648
vn -0.354944 0.823934 -0.441755
vn 0.315203 -0.633727 -0.706425
vn 0.350937 -0.535509 0.768162
vn 0.319656 -0.439814 -0.839276
vn -0.253308 0.662822 0.704629
vn -0.250326 0.654831 -0.713115
vn 0.149304 0.116640 -0.981888
vn 0.159945 0.095031 0.982541
vn -0.115594 0.785713 0.607694
vn -0.109856 0.780689 -0.615189
vn -0.381816 0.883984 0.269795
vn -0.388216 0.903226 -0.182952
vn 0.115735 0.471950 -0.873996
vn 0.130466 0.450351 0.883268
vn -0.394655 0.918043 0.038016
vn -0.075513 0.940877 -0.330224
vn -0.083782 0.942357 0.323951
vn 0.050807 0.827930 -0.558525
vn 0.066795 0.818217 0.571016
vn -0.026601 0.995461 -0.091377
vn -0.014192 0.995527 0.093401
vn -0.223743 0.756501 0.614529
vn -0.220417 0.749688 -0.624007
vn 0.307301 -0.511220 -0.802633
vn 0.311713 -0.524032 0.792607
vn -0.329496 0.821558 0.465268
vn -0.327993 0.817076 -0.474138
vn 0.378718 -0.821877 -0.425547
vn 0.447648 -0.743961 0.496117
vn 0.442007 -0.678149 -0.587149
vn -0.368396 0.904528 0.214741
vn -0.367481 0.903128 -0.222074
vn -0.184956 0.859638 0.476249
vn -0.180341 0.854239 -0.487598
vn 0.325454 -0.292564 -0.899158
vn 0.334440 -0.316206 0.887786
vn -0.381882 0.917880 -0.107991
vn -0.369357 0.923207 0.106128
vn -0.289694 0.865823 0.407956
vn -0.287649 0.861565 -0.418286
vn 0.400263 -0.900384 -0.170580
vn 0.488342 -0.845946 0.214239
vn 0.501394 -0.813685 -0.294143
vn -0.122064 0.958503 0.257627
vn -0.114318 0.956004 -0.270162
vn 0.315207 0.120690 -0.941317
vn 0.334218 0.084154 0.938731
vn 0.391628 -0.762174 -0.515478
vn 0.392853 -0.768972 0.504329
vn -0.003688 0.993026 -0.117837
vn 0.012111 0.993613 0.112188
vn 0.190890 0.720782 -0.666359
vn 0.218339 0.701580 0.678317
vn 0.467315 -0.879642 0.088580
vn 0.513135 -0.850166 -0.117940
vn -0.326690 0.925836 0.190004
vn -0.325283 0.924355 -0.199395
vn -0.237988 0.916978 0.320177
vn -0.234603 0.913113 -0.333445
vn -0.326871 0.940405 0.093776
vn -0.342574 0.934338 -0.098266
vn 0.444555 -0.651474 -0.614779
vn 0.447818 -0.666471 0.596050
vn 0.421017 -0.877132 -0.231051
vn 0.420315 -0.879728 0.222294
vn -0.147267 0.969928 -0.193785
vn -0.154145 0.972201 0.176251
vn 0.522287 -0.370007 -0.768317
vn 0.533900 -0.407846 0.740684
vn 0.425160 -0.905113 -0.003156
vn -0.270793 0.950815 0.150405
vn -0.268255 0.949348 -0.163637
vn 0.032106 0.991591 -0.125365
vn 0.052523 0.992776 0.107874
vn 0.453932 0.491221 -0.743403
vn 0.503548 0.443182 0.741640
vn -0.266847 0.960883 0.074138
vn -0.290167 0.953465 -0.081896
vn 0.483630 -0.829560 -0.279162
vn 0.482711 -0.835426 0.262780
vn -0.176313 0.980941 0.081657
vn -0.170520 0.980070 -0.101911
vn 0.487161 -0.873290 -0.006167
vn 0.606573 -0.702532 -0.372179
vn 0.605274 -0.720147 0.339163
vn -0.203288 0.977663 -0.053380
vn -0.155592 0.987091 0.037976
vn 0.074721 0.992835 -0.093249
vn 0.098269 0.993375 0.059577
vn 0.825302 0.070469 -0.560277
vn 0.865952 -0.013703 0.499940
vn 0.611550 -0.791103 -0.012713
vn 0.217880 0.972932 -0.077018
vn 0.022824 0.999572 0.018301
vn 0.977284 -0.208385 -0.038624
f 2909//2909 2921//2921 2939//2939
f 2939//2939 2931//2931 2909//2909
f 2869//2869 2877//2877 2921//2921
f 2921//2921 2909//2909 2869//2869
f 2819//2819 2827//2827 2877//2877
f 2877//2877 2869//2869 2819//2819
f 2737//2737 2747//2747 2827//2827
f 2827//2827 2819//2819 2737//2737
f 2669//2669 2673//2673 2747//2747
f 2747//2747 2737//2737 2669//2669
f 2567//2567 2575//2575 2673//2673
f 2673//2673 2669//2669 2567//2567
f 2476//2476 2480//2480 2575//2575
f 2575//2575 2567//2567 2476//2476
f 2358//2358 2362//2362 2480//2480
f 2480//2480 2476//2476 2358//2358
f 2158//2158 2162//2162 2362//2362
f 2362//2362 2358//2358 2158//2158
f 1715//1715 1812//1812 2162//2162
f 2162//2162 2158//2158 1715//1715
f 2901//2901 2909//2909 2931//2931
f 2931//2931 2917//2917 2901//2901
f 2863//2863 2869//2869 2909//2909
f 2909//2909 2901//2901 2863//2863
f 2813//2813 2819//2819 2869//2869
f 2869//2869 2863//2863 2813//2813
f 2729//2729 2737//2737 2819//2819
f 2819//2819 2813//2813 2729//2729
f 2663//2663 2669//2669 2737//2737
f 2737//2737 2729//2729 2663//2663
f 2561//2561 2567//2567 2669//2669
f 2669//2669 2663//2663 2561//2561
f 2468//2468 2476//2476 2567//2567
f 2567//2567 2561//2561 2468//2468
f 2350//2350 2358//2358 2476//2476
f 2476//2476 2468//2468 2350//2350
f 2152//2152 2158//2158 2358//2358
f 2358//2358 2350//2350 2152//2152
f 1717//1717 1715//1715 2158//2158
f 2158//2158 2152//2152 1717//1717
f 2903//2903 2901//2901 2917//2917
f 2917//2917 2923//2923 2903//2903
f 2865//2865 2863//2863 2901//2901
f 2901//2901 2903//2903 2865//2865
f 2815//2815 2813//2813 2863//2863
f 2863//2863 2865//2865 2815//2815
f 2733//2733 2729//2729 2813//2813
f 2813//2813 2815//2815 2733//2733
f 2665//2665 2663//2663 2729//2729
f 2729//2729 2733//2733 2665//2665
f 2564//2564 2561//2561 2663//2663
f 2663//2663 2665//2665 2564//2564
f 2473//2473 2468//2468 2561//2561
f 2561//2561 2564//2564 2473//2473
f 2354//2354 2350//2350 2468//2468
f 2468//2468 2473//2473 2354//2354
f 2155//2155 2152//2152 2350//2350
f 2350//2350 2354//2354 2155//2155
f 1927//1927 1717//1717 2152//2152
f 2152//2152 2155//2155 1927//1927
f 2911//2911 2903//2903 2923//2923
f 2923//2923 2935//2935 2911//2911
f 2875//2875 2865//2865 2903//2903
f 2903//2903 2911//2911 2875//2875
f 2823//2823 2815//2815 2865//2865
f 2865//2865 2875//2875 2823//2823
f 2741//2741 2733//2733 2815//2815
f 2815//2815 2823//2823 2741//2741
f 2671//2671 2665//2665 2733//2733
f 2733//2733 2741//2741 2671//2671
f 2571//2571 2564//2564 2665//2665
f 2665//2665 2671//2671 2571//2571
f 2478//2478 2473//2473 2564//2564
f 2564//2564 2571//2571 2478//2478
f 2360//2360 2354//2354 2473//2473
f 2473//2473 2478//2478 2360//2360
f 2160//2160 2155//2155 2354//2354
f 2354//2354 2360//2360 2160//2160
f 1718//1718 1927//1927 2155//2155
f 2155//2155 2160//2160 1718//1718
f 2929//2929 2911//2911 2935//2935
f 2935//2935 2947//2947 2929//2929
f 2881//2881 2875//2875 2911//2911
f 2911//2911 2929//2929 2881//2881
f 2829//2829 2823//2823 2875//2875
f 2875//2875 2881//2881 2829//2829
f 2751//2751 2741//2741 2823//2823
f 2823//2823 2829//2829 2751//2751
f 2677//2677 2671//2671 2741//2741
f 2741//2741 2751//2751 2677//2677
f 2577//2577 2571//2571 2671//2671
f 2671//2671 2677//2677 2577//2577
f 2482//2482 2478//2478 2571//2571
f 2571//2571 2577//2577 2482//2482
f 2364//2364 2360//2360 2478//2478
f 2478//2478 2482//2482 2364//2364
f 2164//2164 2160//2160 2360//2360
f 2360//2360 2364//2364 2164//2164
f 1842//1842 1718//1718 2160//2160
f 2160//2160 2164//2164 1842//1842
f 2945//2945 2929//2929 2947//2947
f 2947//2947 2959//2959 2945//2945
f 2897//2897 2881//2881 2929//2929
f 2929//2929 2945//2945 2897//2897
f 2835//2835 2829//2829 2881//2881
f 2881//2881 2897//2897 2835//2835
f 2761//2761 2751//2751 2829//2829
f 2829//2829 2835//2835 2761//2761
f 2679//2679 2677//2677 2751//2751
f 2751//2751 2761//2761 2679//2679
f 2579//2579 2577//2577 2677//2677
f 2677//2677 2679//2679 2579//2579
f 2486//2486 2482//2482 2577//2577
f 2577//2577 2579//2579 2486//2486
f 2368//2368 2364//2364 2482//2482
f 2482//2482 2486//2486 2368//2368
f 2172//2172 2164//2164 2364//2364
f 2364//2364 2368//2368 2172//2172
f 1725//1725 1842//1842 2164//2164
f 2164//2164 2172//2172 1725//1725
f 2965//2965 2945//2945 2959//2959
f 2959//2959 2981//2981 2965//2965
f 2907//2907 2897//2897 2945//2945
f 2945//2945 2965//2965 2907//2907
f 2845//2845 2835//2835 2897//2897
f 2897//2897 2907//2907 2845//2845
f 2769//2769 2761//2761 2835//2835
f 2835//2835 2845//2845 2769//2769
f 2685//2685 2679//2679 2761//2761
f 2761//2761 2769//2769 2685//2685
f 2587//2587 2579//2579 2679//2679
f 2679//2679 2685//2685 2587//2587
f 2491//2491 2486//2486 2579//2579
f 2579//2579 2587//2587 2491//2491
f 2370//2370 2368//2368 2486//2486
f 2486//2486 2491//2491 2370//2370
f 2174//2174 2172//2172 2368//2368
f 2368//2368 2370//2370 2174//2174
f 1834//1834 1725//1725 2172//2172
f 2172//2172 2174//2174 1834//1834
f 2982//2982 2965//2965 2981//2981
f 2981//2981 2988//2988 2982//2982
f 2933//2933 2907//2907 2965//2965
f 2965//2965 2982//2982 2933//2933
f 2855//2855 2845//2845 2907//2907
f 2907//2907 2933//2933 2855//2855
f 2779//2779 2769//2769 2845//2845
f 2845//2845 2855//2855 2779//2779
f 2691//2691 2685//2685 2769//2769
f 2769//2769 2779//2779 2691//2691
f 2595//2595 2587//2587 2685//2685
f 2685//2685 2691//2691 2595//2595
f 2500//2500 2491//2491 2587//2587
f 2587//2587 2595//2595 2500//2500
f 2374//2374 2370//2370 2491//2491
f 2491//2491 2500//2500 2374//2374
f 2178//2178 2174//2174 2370//2370
f 2370//2370 2374//2374 2178//2178
f 1716//1716 1834//1834 2174//2174
f 2174//2174 2178//2178 1716//1716
f 2990//2990 2982//2982 2988//2988
f 2988//2988 3002//3002 2990//2990
f 2949//2949 2933//2933 2982//2982
f 2982//2982 2990//2990 2949//2949
f 2871//2871 2855//2855 2933//2933
f 2933//2933 2949//2949 2871//2871
f 2791//2791 2779//2779 2855//2855
f 2855//2855 2871//2871 2791//2791
f 2699//2699 2691//2691 2779//2779
f 2779//2779 2791//2791 2699//2699
f 2601//2601 2595//2595 2691//2691
f 2691//2691 2699//2699 2601//2601
f 2506//2506 2500//2500 2595//2595
f 2595//2595 2601//2601 2506//2506
f 2378//2378 2374//2374 2500//2500
f 2500//2500 2506//2506 2378//2378
f 2180//2180 2178//2178 2374//2374
f 2374//2374 2378//2378 2180//2180
f 1714//1714 1716//1716 2178//2178
f 2178//2178 2180//2180 1714//1714
f 3008//3008 2990//2990 3002//3002
f 3002//3002 3024//3024 3008//3008
f 2973//2973 2949//2949 2990//2990
f 2990//2990 3008//3008 2973//2973
f 2889//2889 2871//2871 2949//2949
f 2949//2949 2973//2973 2889//2889
f 2805//2805 2791//2791 2871//2871
f 2871//2871 2889//2889 2805//2805
f 2711//2711 2699//2699 2791//2791
f 2791//2791 2805//2805 2711//2711
f 2611//2611 2601//2601 2699//2699
f 2699//2699 2711//2711 2611//2611
f 2521//2521 2506//2506 2601//2601
f 2601//2601 2611//2611 2521//2521
f 2387//2387 2378//2378 2506//2506
f 2506//2506 2521//2521 2387//2387
f 2191//2191 2180//2180 2378//2378
f 2378//2378 2387//2387 2191//2191
f 1810//1810 1714//1714 2180//2180
f 2180//2180 2191//2191 1810//1810
f 1464//1464 1460//1460 1813//1813
f 1813//1813 1821//1821 1464//1464
f 1264//1264 1260//1260 1460//1460
f 1460//1460 1464//1464 1264//1264
f 1146//1146 1142//1142 1260//1260
f 1260//1260 1264//1264 1146//1146
f 1055//1055 1047//1047 1142//1142
f 1142//1142 1146//1146 1055//1055
f 953//953 949//949 1047//1047
f 1047//1047 1055//1055 953//953
f 885//885 875//875 949//949
f 949//949 953//953 885//885
f 803//803 795//795 875//875
f 875//875 885//885 803//803
f 753//753 745//745 795//795
f 795//795 803//803 753//753
f 713//713 701//701 745//745
f 745//745 753//753 713//713
f 691//691 683//683 701//701
f 701//701 713//713 691//691
f 1470//1470 1464//1464 1821//1821
f 1821//1821 1829//1829 1470//1470
f 1272//1272 1264//1264 1464//1464
f 1464//1464 1470//1470 1272//1272
f 1154//1154 1146//1146 1264//1264
f 1264//1264 1272//1272 1154//1154
f 1061//1061 1055//1055 1146//1146
f 1146//1146 1154//1154 1061//1061
f 959//959 953//953 1055//1055
f 1055//1055 1061//1061 959//959
f 893//893 885//885 953//953
f 953//953 959//959 893//893
f 809//809 803//803 885//885
f 885//885 893//893 809//809
f 759//759 753//753 803//803
f 803//803 809//809 759//759
f 721//721 713//713 753//753
f 753//753 759//759 721//721
f 705//705 691//691 713//713
f 713//713 721//721 705//705
f 1469//1469 1470//1470 1829//1829
f 1829//1829 1835//1835 1469//1469
f 1268//1268 1272//1272 1470//1470
f 1470//1470 1469//1469 1268//1268
f 1151//1151 1154//1154 1272//1272
f 1272//1272 1268//1268 1151//1151
f 1060//1060 1061//1061 1154//1154
f 1154//1154 1151//1151 1060//1060
f 957//957 959//959 1061//1061
f 1061//1061 1060//1060 957//957
f 889//889 893//893 959//959
f 959//959 957//957 889//889
f 807//807 809//809 893//893
f 893//893 889//889 807//807
f 757//757 759//759 809//809
f 809//809 807//807 757//757
f 719//719 721//721 759//759
f 759//759 757//757 719//719
f 699//699 705//705 721//721
f 721//721 719//719 699//699
f 1462//1462 1469//1469 1835//1835
f 1835//1835 1839//1839 1462//1462
f 1262//1262 1268//1268 1469//1469
f 1469//1469 1462//1462 1262//1262
f 1144//1144 1151//1151 1268//1268
f 1268//1268 1262//1262 1144//1144
f 1051//1051 1060//1060 1151//1151
f 1151//1151 1144//1144 1051//1051
f 951//951 957//957 1060//1060
f 1060//1060 1051//1051 951//951
f 881//881 889//889 957//957
f 957//957 951//951 881//881
f 799//799 807//807 889//889
f 889//889 881//881 799//799
f 747//747 757//757 807//807
f 807//807 799//799 747//747
f 711//711 719//719 757//757
f 757//757 747//747 711//711
f 687//687 699//699 719//719
f 719//719 711//711 687//687
f 1458//1458 1462//1462 1839//1839
f 1839//1839 1843//1843 1458//1458
f 1258//1258 1262//1262 1462//1462
f 1462//1462 1458//1458 1258//1258
f 1140//1140 1144//1144 1262//1262
f 1262//1262 1258//1258 1140//1140
f 1045//1045 1051//1051 1144//1144
f 1144//1144 1140//1140 1045//1045
f 945//945 951//951 1051//1051
f 1051//1051 1045//1045 945//945
f 871//871 881//881 951//951
f 951//951 945//945 871//871
f 793//793 799//799 881//881
f 881//881 871//871 793//793
f 741//741 747//747 799//799
f 799//799 793//793 741//741
f 693//693 711//711 747//747
f 747//747 741//741 693//693
f 675//675 687//687 711//711
f 711//711 693//693 675//675
f 1450//1450 1458//1458 1843//1843
f 1843//1843 1838//1838 1450//1450
f 1254//1254 1258//1258 1458//1458
f 1458//1458 1450//1450 1254//1254
f 1136//1136 1140//1140 1258//1258
f 1258//1258 1254//1254 1136//1136
f 1043//1043 1045//1045 1140//1140
f 1140//1140 1136//1136 1043//1043
f 943//943 945//945 1045//1045
f 1045//1045 1043//1043 943//943
f 861//861 871//871 945//945
f 945//945 943//943 861//861
f 787//787 793//793 871//871
f 871//871 861//861 787//787
f 725//725 741//741 793//793
f 793//793 787//787 725//725
f 677//677 693//693 741//741
f 741//741 725//725 677//677
f 663//663 675//675 693//693
f 693//693 677//677 663//663
f 1448//1448 1450//1450 1838//1838
f 1838//1838 1834//1834 1448//1448
f 1252//1252 1254//1254 1450//1450
f 1450//1450 1448//1448 1252//1252
f 1133//1133 1136//1136 1254//1254
f 1254//1254 1252//1252 1133//1133
f 1035//1035 1043//1043 1136//1136
f 1136//1136 1133//1133 1035//1035
f 937//937 943//943 1043//1043
f 1043//1043 1035//1035 937//937
f 853//853 861//861 943//943
f 943//943 937//937 853//853
f 777//777 787//787 861//861
f 861//861 853//853 777//777
f 715//715 725//725 787//787
f 787//787 777//777 715//715
f 657//657 677//677 725//725
f 725//725 715//715 657//657
f 642//642 663//663 677//677
f 677//677 657//657 642//642
f 1444//1444 1448//1448 1834//1834
f 1834//1834 1828//1828 1444//1444
f 1248//1248 1252//1252 1448//1448
f 1448//1448 1444//1444 1248//1248
f 1122//1122 1133//1133 1252//1252
f 1252//1252 1248//1248 1122//1122
f 1027//1027 1035//1035 1133//1133
f 1133//1133 1122//1122 1027//1027
f 931//931 937//937 1035//1035
f 1035//1035 1027//1027 931//931
f 843//843 853//853 937//937
f 937//937 931//931 843//843
f 767//767 777//777 853//853
f 853//853 843//843 767//767
f 689//689 715//715 777//777
f 777//777 767//767 689//689
f 640//640 657//657 715//715
f 715//715 689//689 640//640
f 634//634 642//642 657//657
f 657//657 640//640 634//634
f 1442//1442 1444//1444 1828//1828
f 1828//1828 1820//1820 1442//1442
f 1244//1244 1248//1248 1444//1444
f 1444//1444 1442//1442 1244//1244
f 1116//1116 1122//1122 1248//1248
f 1248//1248 1244//1244 1116//1116
f 1021//1021 1027//1027 1122//1122
f 1122//1122 1116//1116 1021//1021
f 923//923 931//931 1027//1027
f 1027//1027 1021//1021 923//923
f 831//831 843//843 931//931
f 931//931 923//923 831//831
f 751//751 767//767 843//843
f 843//843 831//831 751//751
f 673//673 689//689 767//767
f 767//767 751//751 673//673
f 632//632 640//640 689//689
f 689//689 673//673 632//632
f 620//620 634//634 640//640
f 640//640 632//632 620//620
f 1429//1429 1442//1442 1820//1820
f 1820//1820 1811//1811 1429//1429
f 1233//1233 1244//1244 1442//1442
f 1442//1442 1429//1429 1233//1233
f 1106//1106 1116//1116 1244//1244
f 1244//1244 1233//1233 1106//1106
f 1011//1011 1021//1021 1116//1116
f 1116//1116 1106//1106 1011//1011
f 911//911 923//923 1021//1021
f 1021//1021 1011//1011 911//911
f 817//817 831//831 923//923
f 923//923 911//911 817//817
f 733//733 751//751 831//831
f 831//831 817//817 733//733
f 649//649 673//673 751//751
f 751//751 733//733 649//649
f 614//614 632//632 673//673
f 673//673 649//649 614//614
f 597//597 620//620 632//632
f 632//632 614//614 597//597
f 714//714 702//702 684//684
f 684//684 692//692 714//714
f 754//754 746//746 702//702
f 702//702 714//714 754//754
f 804//804 796//796 746//746
f 746//746 754//754 804//804
f 886//886 876//876 796//796
f 796//796 804//804 886//886
f 954//954 950//950 876//876
f 876//876 886//886 954//954
f 1056//1056 1048//1048 950//950
f 950//950 954//954 1056//1056
f 1147//1147 1143//1143 1048//1048
f 1048//1048 1056//1056 1147//1147
f 1265//1265 1261//1261 1143//1143
f 1143//1143 1147//1147 1265//1265
f 1465//1465 1461//1461 1261//1261
f 1261//1261 1265//1265 1465//1465
f 1915//1915 1817//1817 1461//1461
f 1461//1461 1465//1465 1915//1915
f 722//722 714//714 692//692
f 692//692 706//706 722//722
f 760//760 754//754 714//714
f 714//714 722//722 760//760
f 810//810 804//804 754//754
f 754//754 760//760 810//810
f 894//894 886//886 804//804
f 804//804 810//810 894//894
f 960//960 954//954 886//886
f 886//886 894//894 960//960
f 1062//1062 1056//1056 954//954
f 954//954 960//960 1062//1062
f 1155//1155 1147//1147 1056//1056
f 1056//1056 1062//1062 1155//1155
f 1273//1273 1265//1265 1147//1147
f 1147//1147 1155//1155 1273//1273
f 1471//1471 1465//1465 1265//1265
f 1265//1265 1273//1273 1471//1471
f 1917//1917 1915//1915 1465//1465
f 1465//1465 1471//1471 1917//1917
f 720//720 722//722 706//706
f 706//706 700//700 720//720
f 758//758 760//760 722//722
f 722//722 720//720 758//758
f 808//808 810//810 760//760
f 760//760 758//758 808//808
f 890//890 894//894 810//810
f 810//810 808//808 890//890
f 958//958 960//960 894//894
f 894//894 890//890 958//958
f 1059//1059 1062//1062 960//960
f 960//960 958//958 1059//1059
f 1150//1150 1155//1155 1062//1062
f 1062//1062 1059//1059 1150//1150
f 1269//1269 1273//1273 1155//1155
f 1155//1155 1150//1150 1269//1269
f 1468//1468 1471//1471 1273//1273
f 1273//1273 1269//1269 1468//1468
f 1697//1697 1917//1917 1471//1471
f 1471//1471 1468//1468 1697//1697
f 712//712 720//720 700//700
f 700//700 688//688 712//712
f 748//748 758//758 720//720
f 720//720 712//712 748//748
f 800//800 808//808 758//758
f 758//758 748//748 800//800
f 882//882 890//890 808//808
f 808//808 800//800 882//882
f 952//952 958//958 890//890
f 890//890 882//882 952//952
f 1052//1052 1059//1059 958//958
f 958//958 952//952 1052//1052
f 1145//1145 1150//1150 1059//1059
f 1059//1059 1052//1052 1145//1145
f 1263//1263 1269//1269 1150//1150
f 1150//1150 1145//1145 1263//1263
f 1463//1463 1468//1468 1269//1269
f 1269//1269 1263//1263 1463//1463
f 1919//1919 1697//1697 1468//1468
f 1468//1468 1463//1463 1919//1919
f 694//694 712//712 688//688
f 688//688 676//676 694//694
f 742//742 748//748 712//712
f 712//712 694//694 742//742
f 794//794 800//800 748//748
f 748//748 742//742 794//794
f 872//872 882//882 800//800
f 800//800 794//794 872//872
f 946//946 952//952 882//882
f 882//882 872//872 946//946
f 1046//1046 1052//1052 952//952
f 952//952 946//946 1046//1046
f 1141//1141 1145//1145 1052//1052
f 1052//1052 1046//1046 1141//1141
f 1259//1259 1263//1263 1145//1145
f 1145//1145 1141//1141 1259//1259
f 1459//1459 1463//1463 1263//1263
f 1263//1263 1259//1259 1459//1459
f 1845//1845 1919//1919 1463//1463
f 1463//1463 1459//1459 1845//1845
f 678//678 694//694 676//676
f 676//676 664//664 678//678
f 726//726 742//742 694//694
f 694//694 678//678 726//726
f 788//788 794//794 742//742
f 742//742 726//726 788//788
f 862//862 872//872 794//794
f 794//794 788//788 862//862
f 944//944 946//946 872//872
f 872//872 862//862 944//944
f 1044//1044 1046//1046 946//946
f 946//946 944//944 1044//1044
f 1137//1137 1141//1141 1046//1046
f 1046//1046 1044//1044 1137//1137
f 1255//1255 1259//1259 1141//1141
f 1141//1141 1137//1137 1255//1255
f 1451//1451 1459//1459 1259//1259
f 1259//1259 1255//1255 1451//1451
f 1898//1898 1845//1845 1459//1459
f 1459//1459 1451//1451 1898//1898
f 658//658 678//678 664//664
f 664//664 642//642 658//658
f 716//716 726//726 678//678
f 678//678 658//658 716//716
f 778//778 788//788 726//726
f 726//726 716//716 778//778
f 854//854 862//862 788//788
f 788//788 778//778 854//854
f 938//938 944//944 862//862
f 862//862 854//854 938//938
f 1036//1036 1044//1044 944//944
f 944//944 938//938 1036//1036
f 1132//1132 1137//1137 1044//1044
f 1044//1044 1036//1036 1132//1132
f 1253//1253 1255//1255 1137//1137
f 1137//1137 1132//1132 1253//1253
f 1449//1449 1451//1451 1255//1255
f 1255//1255 1253//1253 1449//1449
f 1837//1837 1898//1898 1451//1451
f 1451//1451 1449//1449 1837//1837
f 641//641 658//658 642//642
f 642//642 635//635 641//641
f 690//690 716//716 658//658
f 658//658 641//641 690//690
f 768//768 778//778 716//716
f 716//716 690//690 768//768
f 844//844 854//854 778//778
f 778//778 768//768 844//844
f 932//932 938//938 854//854
f 854//854 844//844 932//932
f 1028//1028 1036//1036 938//938
f 938//938 932//932 1028//1028
f 1123//1123 1132//1132 1036//1036
f 1036//1036 1028//1028 1123//1123
f 1249//1249 1253//1253 1132//1132
f 1132//1132 1123//1123 1249//1249
f 1445//1445 1449//1449 1253//1253
f 1253//1253 1249//1249 1445//1445
f 1918//1918 1837//1837 1449//1449
f 1449//1449 1445//1445 1918//1918
f 633//633 641//641 635//635
f 635//635 621//621 633//633
f 674//674 690//690 641//641
f 641//641 633//633 674//674
f 752//752 768//768 690//690
f 690//690 674//674 752//752
f 832//832 844//844 768//768
f 768//768 752//752 832//832
f 924//924 932//932 844//844
f 844//844 832//832 924//924
f 1022//1022 1028//1028 932//932
f 932//932 924//924 1022//1022
f 1117//1117 1123//1123 1028//1028
f 1028//1028 1022//1022 1117//1117
f 1245//1245 1249//1249 1123//1123
f 1123//1123 1117//1117 1245//1245
f 1443//1443 1445//1445 1249//1249
f 1249//1249 1245//1245 1443//1443
f 1916//1916 1918//1918 1445//1445
f 1445//1445 1443//1443 1916//1916
f 616//616 633//633 621//621
f 621//621 600//600 616//616
f 654//654 674//674 633//633
f 633//633 616//616 654//654
f 737//737 752//752 674//674
f 674//674 654//654 737//737
f 822//822 832//832 752//752
f 752//752 737//737 822//822
f 914//914 924//924 832//832
f 832//832 822//822 914//914
f 1014//1014 1022//1022 924//924
f 924//924 914//914 1014//1014
f 1104//1104 1117//1117 1022//1022
f 1022//1022 1014//1014 1104//1104
f 1237//1237 1245//1245 1117//1117
f 1117//1117 1104//1104 1237//1237
f 1433//1433 1443//1443 1245//1245
f 1245//1245 1237//1237 1433//1433
f 1819//1819 1916//1916 1443//1443
f 1443//1443 1433//1433 1819//1819
f 2159//2159 2163//2163 1816//1816
f 1816//1816 1822//1822 2159//2159
f 2359//2359 2363//2363 2163//2163
f 2163//2163 2159//2159 2359//2359
f 2477//2477 2481//2481 2363//2363
f 2363//2363 2359//2359 2477//2477
f 2568//2568 2576//2576 2481//2481
f 2481//2481 2477//2477 2568//2568
f 2670//2670 2674//2674 2576//2576
f 2576//2576 2568//2568 2670//2670
f 2738//2738 2748//2748 2674//2674
f 2674//2674 2670//2670 2738//2738
f 2820//2820 2828//2828 2748//2748
f 2748//2748 2738//2738 2820//2820
f 2870//2870 2878//2878 2828//2828
f 2828//2828 2820//2820 2870//2870
f 2910//2910 2922//2922 2878//2878
f 2878//2878 2870//2870 2910//2910
f 2932//2932 2940//2940 2922//2922
f 2922//2922 2910//2910 2932//2932
f 2153//2153 2159//2159 1822//1822
f 1822//1822 1830//1830 2153//2153
f 2351//2351 2359//2359 2159//2159
f 2159//2159 2153//2153 2351//2351
f 2469//2469 2477//2477 2359//2359
f 2359//2359 2351//2351 2469//2469
f 2562//2562 2568//2568 2477//2477
f 2477//2477 2469//2469 2562//2562
f 2664//2664 2670//2670 2568//2568
f 2568//2568 2562//2562 2664//2664
f 2730//2730 2738//2738 2670//2670
f 2670//2670 2664//2664 2730//2730
f 2814//2814 2820//2820 2738//2738
f 2738//2738 2730//2730 2814//2814
f 2864//2864 2870//2870 2820//2820
f 2820//2820 2814//2814 2864//2864
f 2902//2902 2910//2910 2870//2870
f 2870//2870 2864//2864 2902//2902
f 2918//2918 2932//2932 2910//2910
f 2910//2910 2902//2902 2918//2918
f 2154//2154 2153//2153 1830//1830
f 1830//1830 1836//1836 2154//2154
f 2355//2355 2351//2351 2153//2153
f 2153//2153 2154//2154 2355//2355
f 2472//2472 2469//2469 2351//2351
f 2351//2351 2355//2355 2472//2472
f 2563//2563 2562//2562 2469//2469
f 2469//2469 2472//2472 2563//2563
f 2666//2666 2664//2664 2562//2562
f 2562//2562 2563//2563 2666//2666
f 2734//2734 2730//2730 2664//2664
f 2664//2664 2666//2666 2734//2734
f 2816//2816 2814//2814 2730//2730
f 2730//2730 2734//2734 2816//2816
f 2866//2866 2864//2864 2814//2814
f 2814//2814 2816//2816 2866//2866
f 2904//2904 2902//2902 2864//2864
f 2864//2864 2866//2866 2904//2904
f 2924//2924 2918//2918 2902//2902
f 2902//2902 2904//2904 2924//2924
f 2161//2161 2154//2154 1836//1836
f 1836//1836 1840//1840 2161//2161
f 2361//2361 2355//2355 2154//2154
f 2154//2154 2161//2161 2361//2361
f 2479//2479 2472//2472 2355//2355
f 2355//2355 2361//2361 2479//2479
f 2572//2572 2563//2563 2472//2472
f 2472//2472 2479//2479 2572//2572
f 2672//2672 2666//2666 2563//2563
f 2563//2563 2572//2572 2672//2672
f 2742//2742 2734//2734 2666//2666
f 2666//2666 2672//2672 2742//2742
f 2824//2824 2816//2816 2734//2734
f 2734//2734 2742//2742 2824//2824
f 2876//2876 2866//2866 2816//2816
f 2816//2816 2824//2824 2876//2876
f 2912//2912 2904//2904 2866//2866
f 2866//2866 2876//2876 2912//2912
f 2936//2936 2924//2924 2904//2904
f 2904//2904 2912//2912 2936//2936
f 2165//2165 2161//2161 1840//1840
f 1840//1840 1844//1844 2165//2165
f 2365//2365 2361//2361 2161//2161
f 2161//2161 2165//2165 2365//2365
f 2483//2483 2479//2479 2361//2361
f 2361//2361 2365//2365 2483//2483
f 2578//2578 2572//2572 2479//2479
f 2479//2479 2483//2483 2578//2578
f 2678//2678 2672//2672 2572//2572
f 2572//2572 2578//2578 2678//2678
f 2752//2752 2742//2742 2672//2672
f 2672//2672 2678//2678 2752//2752
f 2830//2830 2824//2824 2742//2742
f 2742//2742 2752//2752 2830//2830
f 2882//2882 2876//2876 2824//2824
f 2824//2824 2830//2830 2882//2882
f 2930//2930 2912//2912 2876//2876
f 2876//2876 2882//2882 2930//2930
f 2948//2948 2936//2936 2912//2912
f 2912//2912 2930//2930 2948//2948
f 2173//2173 2165//2165 1844//1844
f 1844//1844 1841//1841 2173//2173
f 2369//2369 2365//2365 2165//2165
f 2165//2165 2173//2173 2369//2369
f 2487//2487 2483//2483 2365//2365
f 2365//2365 2369//2369 2487//2487
f 2580//2580 2578//2578 2483//2483
f 2483//2483 2487//2487 2580//2580
f 2680//2680 2678//2678 2578//2578
f 2578//2578 2580//2580 2680//2680
f 2762//2762 2752//2752 2678//2678
f 2678//2678 2680//2680 2762//2762
f 2836//2836 2830//2830 2752//2752
f 2752//2752 2762//2762 2836//2836
f 2898//2898 2882//2882 2830//2830
f 2830//2830 2836//2836 2898//2898
f 2946//2946 2930//2930 2882//2882
f 2882//2882 2898//2898 2946//2946
f 2960//2960 2948//2948 2930//2930
f 2930//2930 2946//2946 2960//2960
f 2175//2175 2173//2173 1841//1841
f 1841//1841 1837//1837 2175//2175
f 2371//2371 2369//2369 2173//2173
f 2173//2173 2175//2175 2371//2371
f 2490//2490 2487//2487 2369//2369
f 2369//2369 2371//2371 2490//2490
f 2588//2588 2580//2580 2487//2487
f 2487//2487 2490//2490 2588//2588
f 2686//2686 2680//2680 2580//2580
f 2580//2580 2588//2588 2686//2686
f 2770//2770 2762//2762 2680//2680
f 2680//2680 2686//2686 2770//2770
f 2846//2846 2836//2836 2762//2762
f 2762//2762 2770//2770 2846//2846
f 2908//2908 2898//2898 2836//2836
f 2836//2836 2846//2846 2908//2908
f 2966//2966 2946//2946 2898//2898
f 2898//2898 2908//2908 2966//2966
f 2981//2981 2960//2960 2946//2946
f 2946//2946 2966//2966 2981//2981
f 2179//2179 2175//2175 1837//1837
f 1837//1837 1831//1831 2179//2179
f 2375//2375 2371//2371 2175//2175
f 2175//2175 2179//2179 2375//2375
f 2501//2501 2490//2490 2371//2371
f 2371//2371 2375//2375 2501//2501
f 2596//2596 2588//2588 2490//2490
f 2490//2490 2501//2501 2596//2596
f 2692//2692 2686//2686 2588//2588
f 2588//2588 2596//2596 2692//2692
f 2780//2780 2770//2770 2686//2686
f 2686//2686 2692//2692 2780//2780
f 2856//2856 2846//2846 2770//2770
f 2770//2770 2780//2780 2856//2856
f 2934//2934 2908//2908 2846//2846
f 2846//2846 2856//2856 2934//2934
f 2983//2983 2966//2966 2908//2908
f 2908//2908 2934//2934 2983//2983
f 2989//2989 2981//2981 2966//2966
f 2966//2966 2983//2983 2989//2989
f 2181//2181 2179//2179 1831//1831
f 1831//1831 1823//1823 2181//2181
f 2379//2379 2375//2375 2179//2179
f 2179//2179 2181//2181 2379//2379
f 2507//2507 2501//2501 2375//2375
f 2375//2375 2379//2379 2507//2507
f 2602//2602 2596//2596 2501//2501
f 2501//2501 2507//2507 2602//2602
f 2700//2700 2692//2692 2596//2596
f 2596//2596 2602//2602 2700//2700
f 2792//2792 2780//2780 2692//2692
f 2692//2692 2700//2700 2792//2792
f 2872//2872 2856//2856 2780//2780
f 2780//2780 2792//2792 2872//2872
f 2950//2950 2934//2934 2856//2856
f 2856//2856 2872//2872 2950//2950
f 2991//2991 2983//2983 2934//2934
f 2934//2934 2950//2950 2991//2991
f 3003//3003 2989//2989 2983//2983
f 2983//2983 2991//2991 3003//3003
f 2194//2194 2181//2181 1823//1823
f 1823//1823 1818//1818 2194//2194
f 2391//2391 2379//2379 2181//2181
f 2181//2181 2194//2194 2391//2391
f 2518//2518 2507//2507 2379//2379
f 2379//2379 2391//2391 2518//2518
f 2614//2614 2602//2602 2507//2507
f 2507//2507 2518//2518 2614//2614
f 2712//2712 2700//2700 2602//2602
f 2602//2602 2614//2614 2712//2712
f 2806//2806 2792//2792 2700//2700
f 2700//2700 2712//2712 2806//2806
f 2890//2890 2872//2872 2792//2792
f 2792//2792 2806//2806 2890//2890
f 2974//2974 2950//2950 2872//2872
f 2872//2872 2890//2890 2974//2974
f 3009//3009 2991//2991 2950//2950
f 2950//2950 2974//2974 3009//3009
f 3025//3025 3003//3003 2991//2991
f 2991//2991 3009//3009 3025//3025
f 3040//3040 3008//3008 3024//3024
f 3024//3024 3048//3048 3040//3040
f 3018//3018 2973//2973 3008//3008
f 3008//3008 3040//3040 3018//3018
f 2943//2943 2889//2889 2973//2973
f 2973//2973 3018//3018 2943//2943
f 2841//2841 2805//2805 2889//2889
f 2889//2889 2943//2943 2841//2841
f 2731//2731 2711//2711 2805//2805
f 2805//2805 2841//2841 2731//2731
f 2645//2645 2611//2611 2711//2711
f 2711//2711 2731//2731 2645//2645
f 2529//2529 2521//2521 2611//2611
f 2611//2611 2645//2645 2529//2529
f 2402//2402 2387//2387 2521//2521
f 2521//2521 2529//2529 2402//2402
f 2208//2208 2191//2191 2387//2387
f 2387//2387 2402//2402 2208//2208
f 1806//1806 1810//1810 2191//2191
f 2191//2191 2208//2208 1806//1806
f 3072//3072 3040//3040 3048//3048
f 3048//3048 3078//3078 3072//3072
f 3044//3044 3018//3018 3040//3040
f 3040//3040 3072//3072 3044//3044
f 2994//2994 2943//2943 3018//3018
f 3018//3018 3044//3044 2994//2994
f 2883//2883 2841//2841 2943//2943
f 2943//2943 2994//2994 2883//2883
f 2773//2773 2731//2731 2841//2841
f 2841//2841 2883//2883 2773//2773
f 2659//2659 2645//2645 2731//2731
f 2731//2731 2773//2773 2659//2659
f 2539//2539 2529//2529 2645//2645
f 2645//2645 2659//2659 2539//2539
f 2410//2410 2402//2402 2529//2529
f 2529//2529 2539//2539 2410//2410
f 2222//2222 2208//2208 2402//2402
f 2402//2402 2410//2410 2222//2222
f 1694//1694 1806//1806 2208//2208
f 2208//2208 2222//2222 1694//1694
f 3092//3092 3072//3072 3078//3078
f 3078//3078 3116//3116 3092//3092
f 3074//3074 3044//3044 3072//3072
f 3072//3072 3092//3092 3074//3074
f 3030//3030 2994//2994 3044//3044
f 3044//3044 3074//3074 3030//3030
f 2937//2937 2883//2883 2994//2994
f 2994//2994 3030//3030 2937//2937
f 2810//2810 2773//2773 2883//2883
f 2883//2883 2937//2937 2810//2810
f 2683//2683 2659//2659 2773//2773
f 2773//2773 2810//2810 2683//2683
f 2554//2554 2539//2539 2659//2659
f 2659//2659 2683//2683 2554//2554
f 2420//2420 2410//2410 2539//2539
f 2539//2539 2554//2554 2420//2420
f 2238//2238 2222//2222 2410//2410
f 2410//2410 2420//2420 2238//2238
f 1930//1930 1694//1694 2222//2222
f 2222//2222 2238//2238 1930//1930
f 3132//3132 3092//3092 3116//3116
f 3116//3116 3142//3142 3132//3132
f 3090//3090 3074//3074 3092//3092
f 3092//3092 3132//3132 3090//3090
f 3054//3054 3030//3030 3074//3074
f 3074//3074 3090//3090 3054//3054
f 2984//2984 2937//2937 3030//3030
f 3030//3030 3054//3054 2984//2984
f 2837//2837 2810//2810 2937//2937
f 2937//2937 2984//2984 2837//2837
f 2705//2705 2683//2683 2810//2810
f 2810//2810 2837//2837 2705//2705
f 2574//2574 2554//2554 2683//2683
f 2683//2683 2705//2705 2574//2574
f 2430//2430 2420//2420 2554//2554
f 2554//2554 2574//2574 2430//2430
f 2247//2247 2238//2238 2420//2420
f 2420//2420 2430//2430 2247//2247
f 1913//1913 1930//1930 2238//2238
f 2238//2238 2247//2247 1913//1913
f 3150//3150 3132//3132 3142//3142
f 3142//3142 3156//3156 3150//3150
f 3128//3128 3090//3090 3132//3132
f 3132//3132 3150//3150 3128//3128
f 3076//3076 3054//3054 3090//3090
f 3090//3090 3128//3128 3076//3076
f 3014//3014 2984//2984 3054//3054
f 3054//3054 3076//3076 3014//3014
f 2861//2861 2837//2837 2984//2984
f 2984//2984 3014//3014 2861//2861
f 2723//2723 2705//2705 2837//2837
f 2837//2837 2861//2861 2723//2723
f 2585//2585 2574//2574 2705//2705
f 2705//2705 2723//2723 2585//2585
f 2438//2438 2430//2430 2574//2574
f 2574//2574 2585//2585 2438//2438
f 2253//2253 2247//2247 2430//2430
f 2430//2430 2438//2438 2253//2253
f 1711//1711 1913//1913 2247//2247
f 2247//2247 2253//2253 1711//1711
f 3162//3162 3150//3150 3156//3156
f 3156//3156 3172//3172 3162//3162
f 3148//3148 3128//3128 3150//3150
f 3150//3150 3162//3162 3148//3148
f 3088//3088 3076//3076 3128//3128
f 3128//3128 3148//3148 3088//3088
f 3036//3036 3014//3014 3076//3076
f 3076//3076 3088//3088 3036//3036
f 2893//2893 2861//2861 3014//3014
f 3014//3014 3036//3036 2893//2893
f 2743//2743 2723//2723 2861//2861
f 2861//2861 2893//2893 2743//2743
f 2599//2599 2585//2585 2723//2723
f 2723//2723 2743//2743 2599//2599
f 2450//2450 2438//2438 2585//2585
f 2585//2585 2599//2599 2450//2450
f 2267//2267 2253//2253 2438//2438
f 2438//2438 2450//2450 2267//2267
f 1794//1794 1711//1711 2253//2253
f 2253//2253 2267//2267 1794//1794
f 3178//3178 3162//3162 3172//3172
f 3172//3172 3184//3184 3178//3178
f 3154//3154 3148//3148 3162//3162
f 3162//3162 3178//3178 3154//3154
f 3118//3118 3088//3088 3148//3148
f 3148//3148 3154//3154 3118//3118
f 3046//3046 3036//3036 3088//3088
f 3088//3088 3118//3118 3046//3046
f 2915//2915 2893//2893 3036//3036
f 3036//3036 3046//3046 2915//2915
f 2763//2763 2743//2743 2893//2893
f 2893//2893 2915//2915 2763//2763
f 2615//2615 2599//2599 2743//2743
f 2743//2743 2763//2763 2615//2615
f 2452//2452 2450//2450 2599//2599
f 2599//2599 2615//2615 2452//2452
f 2277//2277 2267//2267 2450//2450
f 2450//2450 2452//2452 2277//2277
f 1710//1710 1794//1794 2267//2267
f 2267//2267 2277//2277 1710//1710
f 3188//3188 3178//3178 3184//3184
f 3184//3184 3200//3200 3188//3188
f 3164//3164 3154//3154 3178//3178
f 3178//3178 3188//3188 3164//3164
f 3130//3130 3118//3118 3154//3154
f 3154//3154 3164//3164 3130//3130
f 3058//3058 3046//3046 3118//3118
f 3118//3118 3130//3130 3058//3058
f 2941//2941 2915//2915 3046//3046
f 3046//3046 3058//3058 2941//2941
f 2775//2775 2763//2763 2915//2915
f 2915//2915 2941//2941 2775//2775
f 2627//2627 2615//2615 2763//2763
f 2763//2763 2775//2775 2627//2627
f 2458//2458 2452//2452 2615//2615
f 2615//2615 2627//2627 2458//2458
f 2287//2287 2277//2277 2452//2452
f 2452//2452 2458//2458 2287//2287
f 1910//1910 1710//1710 2277//2277
f 2277//2277 2287//2287 1910//1910
f 3198//3198 3188//3188 3200//3200
f 3200//3200 3209//3209 3198//3198
f 3170//3170 3164//3164 3188//3188
f 3188//3188 3198//3198 3170//3170
f 3136//3136 3130//3130 3164//3164
f 3164//3164 3170//3170 3136//3136
f 3064//3064 3058//3058 3130//3130
f 3130//3130 3136//3136 3064//3064
f 2955//2955 2941//2941 3058//3058
f 3058//3058 3064//3064 2955//2955
f 2781//2781 2775//2775 2941//2941
f 2941//2941 2955//2955 2781//2781
f 2636//2636 2627//2627 2775//2775
f 2775//2775 2781//2781 2636//2636
f 2462//2462 2458//2458 2627//2627
f 2627//2627 2636//2636 2462//2462
f 2295//2295 2287//2287 2458//2458
f 2458//2458 2462//2462 2295//2295
f 1909//1909 1910//1910 2287//2287
f 2287//2287 2295//2295 1909//1909
f 3202//3202 3198//3198 3209//3209
f 3209//3209 3213//3213 3202//3202
f 3174//3174 3170//3170 3198//3198
f 3198//3198 3202//3202 3174//3174
f 3138//3138 3136//3136 3170//3170
f 3170//3170 3174//3174 3138//3138
f 3066//3066 3064//3064 3136//3136
f 3136//3136 3138//3138 3066//3066
f 2961//2961 2955//2955 3064//3064
f 3064//3064 3066//3066 2961//2961
f 2783//2783 2781//2781 2955//2955
f 2955//2955 2961//2961 2783//2783
f 2642//2642 2636//2636 2781//2781
f 2781//2781 2783//2783 2642//2642
f 2464//2464 2462//2462 2636//2636
f 2636//2636 2642//2642 2464//2464
f 2297//2297 2295//2295 2462//2462
f 2462//2462 2464//2464 2297//2297
f 1784//1784 1909//1909 2295//2295
f 2295//2295 2297//2297 1784//1784
f 1414//1414 1429//1429 1811//1811
f 1811//1811 1807//1807 1414//1414
f 1220//1220 1233//1233 1429//1429
f 1429//1429 1414//1414 1220//1220
f 1093//1093 1106//1106 1233//1233
f 1233//1233 1220//1220 1093//1093
f 977//977 1011//1011 1106//1106
f 1106//1106 1093//1093 977//977
f 891//891 911//911 1011//1011
f 1011//1011 977//977 891//891
f 781//781 817//817 911//911
f 911//911 891//891 781//781
f 679//679 733//733 817//817
f 817//817 781//781 679//679
f 604//604 649//649 733//733
f 733//733 679//679 604//604
f 571//571 614//614 649//649
f 649//649 604//604 571//571
f 561//561 597//597 614//614
f 614//614 571//571 561//561
f 1400//1400 1414//1414 1807//1807
f 1807//1807 1804//1804 1400//1400
f 1212//1212 1220//1220 1414//1414
f 1414//1414 1400//1400 1212//1212
f 1083//1083 1093//1093 1220//1220
f 1220//1220 1212//1212 1083//1083
f 963//963 977//977 1093//1093
f 1093//1093 1083//1083 963//963
f 849//849 891//891 977//977
f 977//977 963//963 849//849
f 739//739 781//781 891//891
f 891//891 849//849 739//739
f 628//628 679//679 781//781
f 781//781 739//739 628//628
f 565//565 604//604 679//679
f 679//679 628//628 565//565
f 530//530 571//571 604//604
f 604//604 565//565 530//530
f 524//524 561//561 571//571
f 571//571 530//530 524//524
f 1386//1386 1400//1400 1804//1804
f 1804//1804 1802//1802 1386//1386
f 1202//1202 1212//1212 1400//1400
f 1400//1400 1386//1386 1202//1202
f 1070//1070 1083//1083 1212//1212
f 1212//1212 1202//1202 1070//1070
f 939//939 963//963 1083//1083
f 1083//1083 1070//1070 939//939
f 814//814 849//849 963//963
f 963//963 939//939 814//814
f 685//685 739//739 849//849
f 849//849 814//814 685//685
f 585//585 628//628 739//739
f 739//739 685//685 585//585
f 528//528 565//565 628//628
f 628//628 585//585 528//528
f 510//510 530//530 565//565
f 565//565 528//528 510//510
f 508//508 524//524 530//530
f 530//530 510//510 508//508
f 1375//1375 1386//1386 1802//1802
f 1802//1802 1800//1800 1375//1375
f 1192//1192 1202//1202 1386//1386
f 1386//1386 1375//1375 1192//1192
f 1050//1050 1070//1070 1202//1202
f 1202//1202 1192//1192 1050//1050
f 917//917 939//939 1070//1070
f 1070//1070 1050//1050 917//917
f 785//785 814//814 939//939
f 939//939 917//917 785//785
f 638//638 685//685 814//814
f 814//814 785//785 638//638
f 553//553 585//585 685//685
f 685//685 638//638 553//553
f 512//512 528//528 585//585
f 585//585 553//553 512//512
f 492//492 510//510 528//528
f 528//528 512//512 492//492
f 482//482 508//508 510//510
f 510//510 492//492 482//482
f 1369//1369 1375//1375 1800//1800
f 1800//1800 1798//1798 1369//1369
f 1184//1184 1192//1192 1375//1375
f 1375//1375 1369//1369 1184//1184
f 1037//1037 1050//1050 1192//1192
f 1192//1192 1184//1184 1037//1037
f 899//899 917//917 1050//1050
f 1050//1050 1037//1037 899//899
f 761//761 785//785 917//917
f 917//917 899//899 761//761
f 608//608 638//638 785//785
f 785//785 761//761 608//608
f 526//526 553//553 638//638
f 638//638 608//608 526//526
f 496//496 512//512 553//553
f 553//553 526//526 496//496
f 454//454 492//492 512//512
f 512//512 496//496 454//454
f 448//448 482//482 492//492
f 492//492 454//454 448//448
f 1355//1355 1369//1369 1798//1798
f 1798//1798 1795//1795 1355//1355
f 1172//1172 1184//1184 1369//1369
f 1369//1369 1355//1355 1172//1172
f 1023//1023 1037//1037 1184//1184
f 1184//1184 1172//1172 1023//1023
f 879//879 899//899 1037//1037
f 1037//1037 1023//1023 879//879
f 729//729 761//761 899//899
f 899//899 879//879 729//729
f 579//579 608//608 761//761
f 761//761 729//729 579//579
f 514//514 526//526 608//608
f 608//608 579//579 514//514
f 457//457 496//496 526//526
f 526//526 514//514 457//457
f 442//442 454//454 496//496
f 496//496 457//457 442//442
f 432//432 448//448 454//454
f 454//454 442//442 432//432
f 1345//1345 1355//1355 1795//1795
f 1795//1795 1792//1792 1345//1345
f 1170//1170 1172//1172 1355//1355
f 1355//1355 1345//1345 1170//1170
f 1007//1007 1023//1023 1172//1172
f 1172//1172 1170//1170 1007//1007
f 859//859 879//879 1023//1023
f 1023//1023 1007//1007 859//859
f 707//707 729//729 879//879
f 879//879 859//859 707//707
f 563//563 579//579 729//729
f 729//729 707//707 563//563
f 506//506 514//514 579//579
f 579//579 563//563 506//506
f 450//450 457//457 514//514
f 514//514 506//506 450//450
f 420//420 442//442 457//457
f 457//457 450//450 420//420
f 412//412 432//432 442//442
f 442//442 420//420 412//412
f 1335//1335 1345//1345 1792//1792
f 1792//1792 1790//1790 1335//1335
f 1164//1164 1170//1170 1345//1345
f 1345//1345 1335//1335 1164//1164
f 995//995 1007//1007 1170//1170
f 1170//1170 1164//1164 995//995
f 847//847 859//859 1007//1007
f 1007//1007 995//995 847//847
f 681//681 707//707 859//859
f 859//859 847//847 681//681
f 547//547 563//563 707//707
f 707//707 681//681 547//547
f 494//494 506//506 563//563
f 563//563 547//547 494//494
f 440//440 450//450 506//506
f 506//506 494//494 440//440
f 410//410 420//420 450//450
f 450//450 440//440 410//410
f 398//398 412//412 420//420
f 420//420 410//410 398//398
f 1327//1327 1335//1335 1790//1790
f 1790//1790 1788//1788 1327//1327
f 1160//1160 1164//1164 1335//1335
f 1335//1335 1327//1327 1160//1160
f 988//988 995//995 1164//1164
f 1164//1164 1160//1160 988//988
f 841//841 847//847 995//995
f 995//995 988//988 841//841
f 667//667 681//681 847//847
f 847//847 841//841 667//667
f 538//538 547//547 681//681
f 681//681 667//667 538//538
f 488//488 494//494 547//547
f 547//547 538//538 488//488
f 434//434 440//440 494//494
f 494//494 488//488 434//434
f 400//400 410//410 440//440
f 440//440 434//434 400//400
f 381//381 398//398 410//410
f 410//410 400//400 381//381
f 1324//1324 1327//1327 1788//1788
f 1788//1788 1785//1785 1324//1324
f 1156//1156 1160//1160 1327//1327
f 1327//1327 1324//1324 1156//1156
f 979//979 988//988 1160//1160
f 1160//1160 1156//1156 979//979
f 837//837 841//841 988//988
f 988//988 979//979 837//837
f 659//659 667//667 841//841
f 841//841 837//837 659//659
f 534//534 538//538 667//667
f 667//667 659//659 534//534
f 484//484 488//488 538//538
f 538//538 534//534 484//484
f 428//428 434//434 488//488
f 488//488 484//484 428//428
f 395//395 400//400 434//434
f 434//434 428//428 395//395
f 374//374 381//381 400//400
f 400//400 395//395 374//374
f 572//572 616//616 600//600
f 600//600 562//562 572//572
f 605//605 654//654 616//616
f 616//616 572//572 605//605
f 680//680 737//737 654//654
f 654//654 605//605 680//680
f 782//782 822//822 737//737
f 737//737 680//680 782//782
f 892//892 914//914 822//822
f 822//822 782//782 892//892
f 978//978 1014//1014 914//914
f 914//914 892//892 978//978
f 1094//1094 1104//1104 1014//1014
f 1014//1014 978//978 1094//1094
f 1221//1221 1237//1237 1104//1104
f 1104//1104 1094//1094 1221//1221
f 1415//1415 1433//1433 1237//1237
f 1237//1237 1221//1221 1415//1415
f 1809//1809 1819//1819 1433//1433
f 1433//1433 1415//1415 1809//1809
f 531//531 572//572 562//562
f 562//562 525//525 531//531
f 566//566 605//605 572//572
f 572//572 531//531 566//566
f 629//629 680//680 605//605
f 605//605 566//566 629//629
f 740//740 782//782 680//680
f 680//680 629//629 740//740
f 850//850 892//892 782//782
f 782//782 740//740 850//850
f 964//964 978//978 892//892
f 892//892 850//850 964//964
f 1084//1084 1094//1094 978//978
f 978//978 964//964 1084//1084
f 1213//1213 1221//1221 1094//1094
f 1094//1094 1084//1084 1213//1213
f 1401//1401 1415//1415 1221//1221
f 1221//1221 1213//1213 1401//1401
f 1931//1931 1809//1809 1415//1415
f 1415//1415 1401//1401 1931//1931
f 511//511 531//531 525//525
f 525//525 509//509 511//511
f 529//529 566//566 531//531
f 531//531 511//511 529//529
f 586//586 629//629 566//566
f 566//566 529//529 586//586
f 686//686 740//740 629//629
f 629//629 586//586 686//686
f 813//813 850//850 740//740
f 740//740 686//686 813//813
f 940//940 964//964 850//850
f 850//850 813//813 940//940
f 1069//1069 1084//1084 964//964
f 964//964 940//940 1069//1069
f 1203//1203 1213//1213 1084//1084
f 1084//1084 1069//1069 1203//1203
f 1385//1385 1401//1401 1213//1213
f 1213//1213 1203//1203 1385//1385
f 1693//1693 1931//1931 1401//1401
f 1401//1401 1385//1385 1693//1693
f 493//493 511//511 509//509
f 509//509 483//483 493//493
f 513//513 529//529 511//511
f 511//511 493//493 513//513
f 554//554 586//586 529//529
f 529//529 513//513 554//554
f 639//639 686//686 586//586
f 586//586 554//554 639//639
f 786//786 813//813 686//686
f 686//686 639//639 786//786
f 918//918 940//940 813//813
f 813//813 786//786 918//918
f 1049//1049 1069//1069 940//940
f 940//940 918//918 1049//1049
f 1193//1193 1203//1203 1069//1069
f 1069//1069 1049//1049 1193//1193
f 1376//1376 1385//1385 1203//1203
f 1203//1203 1193//1193 1376//1376
f 1712//1712 1693//1693 1385//1385
f 1385//1385 1376//1376 1712//1712
f 455//455 493//493 483//483
f 483//483 449//449 455//455
f 497//497 513//513 493//493
f 493//493 455//455 497//497
f 527//527 554//554 513//513
f 513//513 497//497 527//527
f 609//609 639//639 554//554
f 554//554 527//527 609//609
f 762//762 786//786 639//639
f 639//639 609//609 762//762
f 900//900 918//918 786//786
f 786//786 762//762 900//900
f 1038//1038 1049//1049 918//918
f 918//918 900//900 1038//1038
f 1185//1185 1193//1193 1049//1049
f 1049//1049 1038//1038 1185//1185
f 1370//1370 1376//1376 1193//1193
f 1193//1193 1185//1185 1370//1370
f 1912//1912 1712//1712 1376//1376
f 1376//1376 1370//1370 1912//1912
f 443//443 455//455 449//449
f 449//449 433//433 443//443
f 458//458 497//497 455//455
f 455//455 443//443 458//458
f 515//515 527//527 497//497
f 497//497 458//458 515//515
f 580//580 609//609 527//527
f 527//527 515//515 580//580
f 730//730 762//762 609//609
f 609//609 580//580 730//730
f 880//880 900//900 762//762
f 762//762 730//730 880//880
f 1024//1024 1038//1038 900//900
f 900//900 880//880 1024//1024
f 1173//1173 1185//1185 1038//1038
f 1038//1038 1024//1024 1173//1173
f 1356//1356 1370//1370 1185//1185
f 1185//1185 1173//1173 1356//1356
f 1797//1797 1912//1912 1370//1370
f 1370//1370 1356//1356 1797//1797
f 421//421 443//443 433//433
f 433//433 413//413 421//421
f 451//451 458//458 443//443
f 443//443 421//421 451//451
f 507//507 515//515 458//458
f 458//458 451//451 507//507
f 564//564 580//580 515//515
f 515//515 507//507 564//564
f 708//708 730//730 580//580
f 580//580 564//564 708//708
f 860//860 880//880 730//730
f 730//730 708//708 860//860
f 1008//1008 1024//1024 880//880
f 880//880 860//860 1008//1008
f 1171//1171 1173//1173 1024//1024
f 1024//1024 1008//1008 1171//1171
f 1346//1346 1356//1356 1173//1173
f 1173//1173 1171//1171 1346//1346
f 1911//1911 1797//1797 1356//1356
f 1356//1356 1346//1346 1911//1911
f 411//411 421//421 413//413
f 413//413 399//399 411//411
f 441//441 451//451 421//421
f 421//421 411//411 441//441
f 495//495 507//507 451//451
f 451//451 441//441 495//495
f 548//548 564//564 507//507
f 507//507 495//495 548//548
f 682//682 708//708 564//564
f 564//564 548//548 682//682
f 848//848 860//860 708//708
f 708//708 682//682 848//848
f 996//996 1008//1008 860//860
f 860//860 848//848 996//996
f 1165//1165 1171//1171 1008//1008
f 1008//1008 996//996 1165//1165
f 1336//1336 1346//1346 1171//1171
f 1171//1171 1165//1165 1336//1336
f 1709//1709 1911//1911 1346//1346
f 1346//1346 1336//1336 1709//1709
f 401//401 411//411 399//399
f 399//399 382//382 401//401
f 435//435 441//441 411//411
f 411//411 401//401 435//435
f 489//489 495//495 441//441
f 441//441 435//435 489//489
f 539//539 548//548 495//495
f 495//495 489//489 539//539
f 668//668 682//682 548//548
f 548//548 539//539 668//668
f 842//842 848//848 682//682
f 682//682 668//668 842//842
f 987//987 996//996 848//848
f 848//848 842//842 987//987
f 1161//1161 1165//1165 996//996
f 996//996 987//987 1161//1161
f 1328//1328 1336//1336 1165//1165
f 1165//1165 1161//1161 1328//1328
f 1708//1708 1709//1709 1336//1336
f 1336//1336 1328//1328 1708//1708
f 397//397 401//401 382//382
f 382//382 376//376 397//397
f 431//431 435//435 401//401
f 401//401 397//397 431//431
f 487//487 489//489 435//435
f 435//435 431//431 487//487
f 537//537 539//539 489//489
f 489//489 487//487 537//537
f 662//662 668//668 539//539
f 539//539 537//537 662//662
f 840//840 842//842 668//668
f 668//668 662//662 840//840
f 981//981 987//987 842//842
f 842//842 840//840 981//981
f 1159//1159 1161//1161 987//987
f 987//987 981//981 1159//1159
f 1326//1326 1328//1328 1161//1161
f 1161//1161 1159//1159 1326//1326
f 1787//1787 1708//1708 1328//1328
f 1328//1328 1326//1326 1787//1787
f 2209//2209 2194//2194 1818//1818
f 1818//1818 1808//1808 2209//2209
f 2403//2403 2391//2391 2194//2194
f 2194//2194 2209//2209 2403//2403
f 2530//2530 2518//2518 2391//2391
f 2391//2391 2403//2403 2530//2530
f 2646//2646 2614//2614 2518//2518
f 2518//2518 2530//2530 2646//2646
f 2732//2732 2712//2712 2614//2614
f 2614//2614 2646//2646 2732//2732
f 2842//2842 2806//2806 2712//2712
f 2712//2712 2732//2732 2842//2842
f 2944//2944 2890//2890 2806//2806
f 2806//2806 2842//2842 2944//2944
f 3019//3019 2974//2974 2890//2890
f 2890//2890 2944//2944 3019//3019
f 3041//3041 3009//3009 2974//2974
f 2974//2974 3019//3019 3041//3041
f 3049//3049 3025//3025 3009//3009
f 3009//3009 3041//3041 3049//3049
f 2223//2223 2209//2209 1808//1808
f 1808//1808 1805//1805 2223//2223
f 2411//2411 2403//2403 2209//2209
f 2209//2209 2223//2223 2411//2411
f 2540//2540 2530//2530 2403//2403
f 2403//2403 2411//2411 2540//2540
f 2660//2660 2646//2646 2530//2530
f 2530//2530 2540//2540 2660//2660
f 2774//2774 2732//2732 2646//2646
f 2646//2646 2660//2660 2774//2774
f 2884//2884 2842//2842 2732//2732
f 2732//2732 2774//2774 2884//2884
f 2995//2995 2944//2944 2842//2842
f 2842//2842 2884//2884 2995//2995
f 3045//3045 3019//3019 2944//2944
f 2944//2944 2995//2995 3045//3045
f 3073//3073 3041//3041 3019//3019
f 3019//3019 3045//3045 3073//3073
f 3079//3079 3049//3049 3041//3041
f 3041//3041 3073//3073 3079//3079
f 2237//2237 2223//2223 1805//1805
f 1805//1805 1803//1803 2237//2237
f 2421//2421 2411//2411 2223//2223
f 2223//2223 2237//2237 2421//2421
f 2553//2553 2540//2540 2411//2411
f 2411//2411 2421//2421 2553//2553
f 2684//2684 2660//2660 2540//2540
f 2540//2540 2553//2553 2684//2684
f 2809//2809 2774//2774 2660//2660
f 2660//2660 2684//2684 2809//2809
f 2938//2938 2884//2884 2774//2774
f 2774//2774 2809//2809 2938//2938
f 3031//3031 2995//2995 2884//2884
f 2884//2884 2938//2938 3031//3031
f 3075//3075 3045//3045 2995//2995
f 2995//2995 3031//3031 3075//3075
f 3093//3093 3073//3073 3045//3045
f 3045//3045 3075//3075 3093//3093
f 3117//3117 3079//3079 3073//3073
f 3073//3073 3093//3093 3117//3117
f 2248//2248 2237//2237 1803//1803
f 1803//1803 1801//1801 2248//2248
f 2431//2431 2421//2421 2237//2237
f 2237//2237 2248//2248 2431//2431
f 2573//2573 2553//2553 2421//2421
f 2421//2421 2431//2431 2573//2573
f 2706//2706 2684//2684 2553//2553
f 2553//2553 2573//2573 2706//2706
f 2838//2838 2809//2809 2684//2684
f 2684//2684 2706//2706 2838//2838
f 2985//2985 2938//2938 2809//2809
f 2809//2809 2838//2838 2985//2985
f 3055//3055 3031//3031 2938//2938
f 2938//2938 2985//2985 3055//3055
f 3091//3091 3075//3075 3031//3031
f 3031//3031 3055//3055 3091//3091
f 3133//3133 3093//3093 3075//3075
f 3075//3075 3091//3091 3133//3133
f 3143//3143 3117//3117 3093//3093
f 3093//3093 3133//3133 3143//3143
f 2254//2254 2248//2248 1801//1801
f 1801//1801 1799//1799 2254//2254
f 2439//2439 2431//2431 2248//2248
f 2248//2248 2254//2254 2439//2439
f 2586//2586 2573//2573 2431//2431
f 2431//2431 2439//2439 2586//2586
f 2724//2724 2706//2706 2573//2573
f 2573//2573 2586//2586 2724//2724
f 2862//2862 2838//2838 2706//2706
f 2706//2706 2724//2724 2862//2862
f 3015//3015 2985//2985 2838//2838
f 2838//2838 2862//2862 3015//3015
f 3077//3077 3055//3055 2985//2985
f 2985//2985 3015//3015 3077//3077
f 3129//3129 3091//3091 3055//3055
f 3055//3055 3077//3077 3129//3129
f 3151//3151 3133//3133 3091//3091
f 3091//3091 3129//3129 3151//3151
f 3157//3157 3143//3143 3133//3133
f 3133//3133 3151//3151 3157//3157
f 2268//2268 2254//2254 1799//1799
f 1799//1799 1796//1796 2268//2268
f 2451//2451 2439//2439 2254//2254
f 2254//2254 2268//2268 2451//2451
f 2600//2600 2586//2586 2439//2439
f 2439//2439 2451//2451 2600//2600
f 2744//2744 2724//2724 2586//2586
f 2586//2586 2600//2600 2744//2744
f 2894//2894 2862//2862 2724//2724
f 2724//2724 2744//2744 2894//2894
f 3037//3037 3015//3015 2862//2862
f 2862//2862 2894//2894 3037//3037
f 3089//3089 3077//3077 3015//3015
f 3015//3015 3037//3037 3089//3089
f 3149//3149 3129//3129 3077//3077
f 3077//3077 3089//3089 3149//3149
f 3163//3163 3151//3151 3129//3129
f 3129//3129 3149//3149 3163//3163
f 3173//3173 3157//3157 3151//3151
f 3151//3151 3163//3163 3173//3173
f 2278//2278 2268//2268 1796//1796
f 1796//1796 1793//1793 2278//2278
f 2453//2453 2451//2451 2268//2268
f 2268//2268 2278//2278 2453//2453
f 2616//2616 2600//2600 2451//2451
f 2451//2451 2453//2453 2616//2616
f 2764//2764 2744//2744 2600//2600
f 2600//2600 2616//2616 2764//2764
f 2916//2916 2894//2894 2744//2744
f 2744//2744 2764//2764 2916//2916
f 3047//3047 3037//3037 2894//2894
f 2894//2894 2916//2916 3047//3047
f 3119//3119 3089//3089 3037//3037
f 3037//3037 3047//3047 3119//3119
f 3155//3155 3149//3149 3089//3089
f 3089//3089 3119//3119 3155//3155
f 3179//3179 3163//3163 3149//3149
f 3149//3149 3155//3155 3179//3179
f 3185//3185 3173//3173 3163//3163
f 3163//3163 3179//3179 3185//3185
f 2288//2288 2278//2278 1793//1793
f 1793//1793 1791//1791 2288//2288
f 2459//2459 2453//2453 2278//2278
f 2278//2278 2288//2288 2459//2459
f 2628//2628 2616//2616 2453//2453
f 2453//2453 2459//2459 2628//2628
f 2776//2776 2764//2764 2616//2616
f 2616//2616 2628//2628 2776//2776
f 2942//2942 2916//2916 2764//2764
f 2764//2764 2776//2776 2942//2942
f 3059//3059 3047//3047 2916//2916
f 2916//2916 2942//2942 3059//3059
f 3131//3131 3119//3119 3047//3047
f 3047//3047 3059//3059 3131//3131
f 3165//3165 3155//3155 3119//3119
f 3119//3119 3131//3131 3165//3165
f 3189//3189 3179//3179 3155//3155
f 3155//3155 3165//3165 3189//3189
f 3201//3201 3185//3185 3179//3179
f 3179//3179 3189//3189 3201//3201
f 2296//2296 2288//2288 1791//1791
f 1791//1791 1789//1789 2296//2296
f 2463//2463 2459//2459 2288//2288
f 2288//2288 2296//2296 2463//2463
f 2635//2635 2628//2628 2459//2459
f 2459//2459 2463//2463 2635//2635
f 2782//2782 2776//2776 2628//2628
f 2628//2628 2635//2635 2782//2782
f 2956//2956 2942//2942 2776//2776
f 2776//2776 2782//2782 2956//2956
f 3065//3065 3059//3059 2942//2942
f 2942//2942 2956//2956 3065//3065
f 3137//3137 3131//3131 3059//3059
f 3059//3059 3065//3065 3137//3137
f 3171//3171 3165//3165 3131//3131
f 3131//3131 3137//3137 3171//3171
f 3199//3199 3189//3189 3165//3165
f 3165//3165 3171//3171 3199//3199
f 3210//3210 3201//3201 3189//3189
f 3189//3189 3199//3199 3210//3210
f 2299//2299 2296//2296 1789//1789
f 1789//1789 1786//1786 2299//2299
f 2467//2467 2463//2463 2296//2296
f 2296//2296 2299//2299 2467//2467
f 2644//2644 2635//2635 2463//2463
f 2463//2463 2467//2467 2644//2644
f 2786//2786 2782//2782 2635//2635
f 2635//2635 2644//2644 2786//2786
f 2964//2964 2956//2956 2782//2782
f 2782//2782 2786//2786 2964//2964
f 3069//3069 3065//3065 2956//2956
f 2956//2956 2964//2964 3069//3069
f 3141//3141 3137//3137 3065//3065
f 3065//3065 3069//3069 3141//3141
f 3177//3177 3171//3171 3137//3137
f 3137//3137 3141//3141 3177//3177
f 3204//3204 3199//3199 3171//3171
f 3171//3171 3177//3177 3204//3204
f 3214//3214 3210//3210 3199//3199
f 3199//3199 3204//3204 3214//3214
f 3194//3194 3202//3202 3213//3213
f 3213//3213 3207//3207 3194//3194
f 3166//3166 3175//3175 3202//3202
f 3202//3202 3194//3194 3166//3166
f 3134//3134 3139//3139 3175//3175
f 3175//3175 3166//3166 3134//3134
f 3060//3060 3067//3067 3139//3139
f 3139//3139 3134//3134 3060//3060
f 2953//2953 2962//2962 3067//3067
f 3067//3067 3060//3060 2953//2953
f 2777//2777 2784//2784 2962//2962
f 2962//2962 2953//2953 2777//2777
f 2629//2629 2643//2643 2784//2784
f 2784//2784 2777//2777 2629//2629
f 2460//2460 2465//2465 2643//2643
f 2643//2643 2629//2629 2460//2460
f 2293//2293 2298//2298 2465//2465
f 2465//2465 2460//2460 2293//2293
f 1696//1696 1785//1785 2298//2298
f 2298//2298 2293//2293 1696//1696
f 3180//3180 3194//3194 3207//3207
f 3207//3207 3190//3190 3180//3180
f 3158//3158 3166//3166 3194//3194
f 3194//3194 3180//3180 3158//3158
f 3124//3124 3134//3134 3166//3166
f 3166//3166 3158//3158 3124//3124
f 3050//3050 3060//3060 3134//3134
f 3134//3134 3124//3124 3050//3050
f 2927//2927 2953//2953 3060//3060
f 3060//3060 3050//3050 2927//2927
f 2767//2767 2777//2777 2953//2953
f 2953//2953 2927//2927 2767//2767
f 2619//2619 2629//2629 2777//2777
f 2777//2777 2767//2767 2619//2619
f 2454//2454 2460//2460 2629//2629
f 2629//2629 2619//2619 2454//2454
f 2283//2283 2293//2293 2460//2460
f 2460//2460 2454//2454 2283//2283
f 1695//1695 1696//1696 2293//2293
f 2293//2293 2283//2283 1695//1695
f 3160//3160 3180//3180 3190//3190
f 3190//3190 3168//3168 3160//3160
f 3144//3144 3158//3158 3180//3180
f 3180//3180 3160//3160 3144//3144
f 3086//3086 3124//3124 3158//3158
f 3158//3158 3144//3144 3086//3086
f 3032//3032 3050//3050 3124//3124
f 3124//3124 3086//3086 3032//3032
f 2891//2891 2927//2927 3050//3050
f 3050//3050 3032//3032 2891//2891
f 2739//2739 2767//2767 2927//2927
f 2927//2927 2891//2891 2739//2739
f 2597//2597 2619//2619 2767//2767
f 2767//2767 2739//2739 2597//2597
f 2448//2448 2454//2454 2619//2619
f 2619//2619 2597//2597 2448//2448
f 2265//2265 2283//2283 2454//2454
f 2454//2454 2448//2448 2265//2265
f 1707//1707 1695//1695 2283//2283
f 2283//2283 2265//2265 1707//1707
f 3146//3146 3160//3160 3168//3168
f 3168//3168 3152//3152 3146//3146
f 3122//3122 3144//3144 3160//3160
f 3160//3160 3146//3146 3122//3122
f 3070//3070 3086//3086 3144//3144
f 3144//3144 3122//3122 3070//3070
f 2998//2998 3032//3032 3086//3086
f 3086//3086 3070//3070 2998//2998
f 2853//2853 2891//2891 3032//3032
f 3032//3032 2998//2998 2853//2853
f 2717//2717 2739//2739 2891//2891
f 2891//2891 2853//2853 2717//2717
f 2582//2582 2597//2597 2739//2739
f 2739//2739 2717//2717 2582//2582
f 2434//2434 2448//2448 2597//2597
f 2597//2597 2582//2582 2434//2434
f 2251//2251 2265//2265 2448//2448
f 2448//2448 2434//2434 2251//2251
f 1907//1907 1707//1707 2265//2265
f 2265//2265 2251//2251 1907//1907
f 3120//3120 3146//3146 3152//3152
f 3152//3152 3126//3126 3120//3120
f 3082//3082 3122//3122 3146//3146
f 3146//3146 3120//3120 3082//3082
f 3042//3042 3070//3070 3122//3122
f 3122//3122 3082//3082 3042//3042
f 2957//2957 2998//2998 3070//3070
f 3070//3070 3042//3042 2957//2957
f 2825//2825 2853//2853 2998//2998
f 2998//2998 2957//2957 2825//2825
f 2693//2693 2717//2717 2853//2853
f 2853//2853 2825//2825 2693//2693
f 2556//2556 2582//2582 2717//2717
f 2717//2717 2693//2693 2556//2556
f 2424//2424 2434//2434 2582//2582
f 2582//2582 2556//2556 2424//2424
f 2239//2239 2251//2251 2434//2434
f 2434//2434 2424//2424 2239//2239
f 1906//1906 1907//1907 2251//2251
f 2251//2251 2239//2239 1906//1906
f 3080//3080 3120//3120 3126//3126
f 3126//3126 3084//3084 3080//3080
f 3056//3056 3082//3082 3120//3120
f 3120//3120 3080//3080 3056//3056
f 3012//3012 3042//3042 3082//3082
f 3082//3082 3056//3056 3012//3012
f 2899//2899 2957//2957 3042//3042
f 3042//3042 3012//3012 2899//2899
f 2789//2789 2825//2825 2957//2957
f 2957//2957 2899//2899 2789//2789
f 2675//2675 2693//2693 2825//2825
f 2825//2825 2789//2789 2675//2675
f 2545//2545 2556//2556 2693//2693
f 2693//2693 2675//2675 2545//2545
f 2416//2416 2424//2424 2556//2556
f 2556//2556 2545//2545 2416//2416
f 2228//2228 2239//2239 2424//2424
f 2424//2424 2416//2416 2228//2228
f 1770//1770 1906//1906 2239//2239
f 2239//2239 2228//2228 1770//1770
f 3053//3053 3080//3080 3084//3084
f 3084//3084 3062//3062 3053//3053
f 3028//3028 3056//3056 3080//3080
f 3080//3080 3053//3053 3028//3028
f 2978//2978 3012//3012 3056//3056
f 3056//3056 3028//3028 2978//2978
f 2860//2860 2899//2899 3012//3012
f 3012//3012 2978//2978 2860//2860
f 2754//2754 2789//2789 2899//2899
f 2899//2899 2860//2860 2754//2754
f 2652//2652 2675//2675 2789//2789
f 2789//2789 2754//2754 2652//2652
f 2534//2534 2545//2545 2675//2675
f 2675//2675 2652//2652 2534//2534
f 2406//2406 2416//2416 2545//2545
f 2545//2545 2534//2534 2406//2406
f 2217//2217 2228//2228 2416//2416
f 2416//2416 2406//2406 2217//2217
f 1929//1929 1770//1770 2228//2228
f 2228//2228 2217//2217 1929//1929
f 3035//3035 3053//3053 3062//3062
f 3062//3062 3039//3039 3035//3035
f 2997//2997 3028//3028 3053//3053
f 3053//3053 3035//3035 2997//2997
f 2920//2920 2978//2978 3028//3028
f 3028//3028 2997//2997 2920//2920
f 2832//2832 2860//2860 2978//2978
f 2978//2978 2920//2920 2832//2832
f 2728//2728 2754//2754 2860//2860
f 2860//2860 2832//2832 2728//2728
f 2634//2634 2652//2652 2754//2754
f 2754//2754 2728//2728 2634//2634
f 2528//2528 2534//2534 2652//2652
f 2652//2652 2634//2634 2528//2528
f 2396//2396 2406//2406 2534//2534
f 2534//2534 2528//2528 2396//2396
f 2202//2202 2217//2217 2406//2406
f 2406//2406 2396//2396 2202//2202
f 1765//1765 1929//1929 2217//2217
f 2217//2217 2202//2202 1765//1765
f 3017//3017 3035//3035 3039//3039
f 3039//3039 3027//3027 3017//3017
f 2980//2980 2997//2997 3035//3035
f 3035//3035 3017//3017 2980//2980
f 2896//2896 2920//2920 2997//2997
f 2997//2997 2980//2980 2896//2896
f 2812//2812 2832//2832 2920//2920
f 2920//2920 2896//2896 2812//2812
f 2715//2715 2728//2728 2832//2832
f 2832//2832 2812//2812 2715//2715
f 2618//2618 2634//2634 2728//2728
f 2728//2728 2715//2715 2618//2618
f 2523//2523 2528//2528 2634//2634
f 2634//2634 2618//2618 2523//2523
f 2392//2392 2396//2396 2528//2528
f 2528//2528 2523//2523 2392//2392
f 2196//2196 2202//2202 2396//2396
f 2396//2396 2392//2392 2196//2196
f 1724//1724 1765//1765 2202//2202
f 2202//2202 2196//2196 1724//1724
f 3007//3007 3017//3017 3027//3027
f 3027//3027 3023//3023 3007//3007
f 2969//2969 2980//2980 3017//3017
f 3017//3017 3007//3007 2969//2969
f 2887//2887 2896//2896 2980//2980
f 2980//2980 2969//2969 2887//2887
f 2802//2802 2812//2812 2896//2896
f 2896//2896 2887//2887 2802//2802
f 2709//2709 2715//2715 2812//2812
f 2812//2812 2802//2802 2709//2709
f 2609//2609 2618//2618 2715//2715
f 2715//2715 2709//2709 2609//2609
f 2519//2519 2523//2523 2618//2618
f 2618//2618 2609//2609 2519//2519
f 2386//2386 2392//2392 2523//2523
f 2523//2523 2519//2519 2386//2386
f 2190//2190 2196//2196 2392//2392
f 2392//2392 2386//2386 2190//2190
f 1759//1759 1724//1724 2196//2196
f 2196//2196 2190//2190 1759//1759
f 1329//1329 1324//1324 1785//1785
f 1785//1785 1782//1782 1329//1329
f 1162//1162 1157//1157 1324//1324
f 1324//1324 1329//1329 1162//1162
f 993//993 982//982 1157//1157
f 1157//1157 1162//1162 993//993
f 845//845 838//838 982//982
f 982//982 993//993 845//845
f 669//669 660//660 838//838
f 838//838 845//845 669//669
f 542//542 535//535 660//660
f 660//660 669//669 542//542
f 490//490 485//485 535//535
f 535//535 542//542 490//490
f 438//438 429//429 485//485
f 485//485 490//490 438//438
f 404//404 396//396 429//429
f 429//429 438//438 404//404
f 387//387 376//376 396//396
f 396//396 404//404 387//387
f 1339//1339 1329//1329 1782//1782
f 1782//1782 1780//1780 1339//1339
f 1168//1168 1162//1162 1329//1329
f 1329//1329 1339//1339 1168//1168
f 1003//1003 993//993 1162//1162
f 1162//1162 1168//1168 1003//1003
f 855//855 845//845 993//993
f 993//993 1003//1003 855//855
f 695//695 669//669 845//845
f 845//845 855//855 695//695
f 559//559 542//542 669//669
f 669//669 695//695 559//559
f 500//500 490//490 542//542
f 542//542 559//559 500//500
f 446//446 438//438 490//490
f 490//490 500//500 446//446
f 416//416 404//404 438//438
f 438//438 446//446 416//416
f 408//408 387//387 404//404
f 404//404 416//416 408//408
f 1357//1357 1339//1339 1780//1780
f 1780//1780 1778//1778 1357//1357
f 1174//1174 1168//1168 1339//1339
f 1339//1339 1357//1357 1174//1174
f 1025//1025 1003//1003 1168//1168
f 1168//1168 1174//1174 1025//1025
f 883//883 855//855 1003//1003
f 1003//1003 1025//1025 883//883
f 731//731 695//695 855//855
f 855//855 883//883 731//731
f 583//583 559//559 695//695
f 695//695 731//731 583//583
f 516//516 500//500 559//559
f 559//559 583//583 516//516
f 467//467 446//446 500//500
f 500//500 516//516 467//467
f 444//444 416//416 446//446
f 446//446 467//467 444//444
f 436//436 408//408 416//416
f 416//416 444//444 436//436
f 1371//1371 1357//1357 1778//1778
f 1778//1778 1776//1776 1371//1371
f 1188//1188 1174//1174 1357//1357
f 1357//1357 1371//1371 1188//1188
f 1042//1042 1025//1025 1174//1174
f 1174//1174 1188//1188 1042//1042
f 905//905 883//883 1025//1025
f 1025//1025 1042//1042 905//905
f 769//769 731//731 883//883
f 883//883 905//905 769//769
f 624//624 583//583 731//731
f 731//731 769//769 624//624
f 532//532 516//516 583//583
f 583//583 624//624 532//532
f 502//502 467//467 516//516
f 516//516 532//532 502//502
f 459//459 444//444 467//467
f 467//467 502//502 459//459
f 452//452 436//436 444//444
f 444//444 459//459 452//452
f 1383//1383 1371//1371 1776//1776
f 1776//1776 1774//1774 1383//1383
f 1198//1198 1188//1188 1371//1371
f 1371//1371 1383//1383 1198//1198
f 1068//1068 1042//1042 1188//1188
f 1188//1188 1198//1198 1068//1068
f 929//929 905//905 1042//1042
f 1042//1042 1068//1068 929//929
f 797//797 769//769 905//905
f 905//905 929//929 797//797
f 665//665 624//624 769//769
f 769//769 797//797 665//665
f 569//569 532//532 624//624
f 624//624 665//665 569//569
f 520//520 502//502 532//532
f 532//532 569//569 520//520
f 504//504 459//459 502//502
f 502//502 520//520 504//504
f 498//498 452//452 459//459
f 459//459 504//504 498//498
f 1394//1394 1383//1383 1774//1774
f 1774//1774 1771//1771 1394//1394
f 1206//1206 1198//1198 1383//1383
f 1383//1383 1394//1394 1206//1206
f 1077//1077 1068//1068 1198//1198
f 1198//1198 1206//1206 1077//1077
f 947//947 929//929 1068//1068
f 1068//1068 1077//1077 947//947
f 833//833 797//797 929//929
f 929//929 947//947 833//833
f 723//723 665//665 797//797
f 797//797 833//833 723//723
f 610//610 569//569 665//665
f 665//665 723//723 610//610
f 549//549 520//520 569//569
f 569//569 610//610 549//549
f 522//522 504//504 520//520
f 520//520 549//549 522//522
f 518//518 498//498 504//504
f 504//504 522//522 518//518
f 1407//1407 1394//1394 1771//1771
f 1771//1771 1768//1768 1407//1407
f 1216//1216 1206//1206 1394//1394
f 1394//1394 1407//1407 1216//1216
f 1090//1090 1077//1077 1206//1206
f 1206//1206 1216//1216 1090//1090
f 972//972 947//947 1077//1077
f 1077//1077 1090//1090 972//972
f 870//870 833//833 947//947
f 947//947 972//972 870//870
f 764//764 723//723 833//833
f 833//833 870//870 764//764
f 646//646 610//610 723//723
f 723//723 764//764 646//646
f 587//587 549//549 610//610
f 610//610 646//646 587//587
f 556//556 522//522 549//549
f 549//549 587//587 556//556
f 540//540 518//518 522//522
f 522//522 556//556 540//540
f 1420//1420 1407//1407 1768//1768
f 1768//1768 1764//1764 1420//1420
f 1226//1226 1216//1216 1407//1407
f 1407//1407 1420//1420 1226//1226
f 1096//1096 1090//1090 1216//1216
f 1216//1216 1226//1226 1096//1096
f 990//990 972//972 1090//1090
f 1090//1090 1096//1096 990//990
f 896//896 870//870 972//972
f 972//972 990//990 896//896
f 792//792 764//764 870//870
f 870//870 896//896 792//792
f 704//704 646//646 764//764
f 764//764 792//792 704//704
f 627//627 587//587 646//646
f 646//646 704//704 627//627
f 582//582 556//556 587//587
f 587//587 627//627 582//582
f 574//574 540//540 556//556
f 556//556 582//582 574//574
f 1426//1426 1420//1420 1764//1764
f 1764//1764 1762//1762 1426//1426
f 1230//1230 1226//1226 1420//1420
f 1420//1420 1426//1426 1230//1230
f 1101//1101 1096//1096 1226//1226
f 1226//1226 1230//1230 1101//1101
f 1006//1006 990//990 1096//1096
f 1096//1096 1101//1101 1006//1006
f 907//907 896//896 990//990
f 990//990 1006//1006 907//907
f 812//812 792//792 896//896
f 896//896 907//907 812//812
f 728//728 704//704 792//792
f 792//792 812//812 728//728
f 644//644 627//627 704//704
f 704//704 728//728 644//644
f 607//607 582//582 627//627
f 627//627 644//644 607//607
f 592//592 574//574 582//582
f 582//582 607//607 592//592
f 1430//1430 1426//1426 1762//1762
f 1762//1762 1758//1758 1430//1430
f 1234//1234 1230//1230 1426//1426
f 1426//1426 1430//1430 1234//1234
f 1107//1107 1101//1101 1230//1230
f 1230//1230 1234//1234 1107//1107
f 1012//1012 1006//1006 1101//1101
f 1101//1101 1107//1107 1012//1012
f 912//912 907//907 1006//1006
f 1006//1006 1012//1012 912//912
f 819//819 812//812 907//907
f 907//907 912//912 819//819
f 738//738 728//728 812//812
f 812//812 819//819 738//738
f 651//651 644//644 728//728
f 728//728 738//738 651//651
f 618//618 607//607 644//644
f 644//644 651//651 618//618
f 601//601 592//592 607//607
f 607//607 618//618 601//601
f 405//405 397//397 376//376
f 376//376 388//388 405//405
f 439//439 430//430 397//397
f 397//397 405//405 439//439
f 491//491 486//486 430//430
f 430//430 439//439 491//491
f 543//543 536//536 486//486
f 486//486 491//491 543//543
f 670//670 661//661 536//536
f 536//536 543//543 670//670
f 846//846 839//839 661//661
f 661//661 670//670 846//846
f 994//994 980//980 839//839
f 839//839 846//846 994//994
f 1163//1163 1158//1158 980//980
f 980//980 994//994 1163//1163
f 1330//1330 1325//1325 1158//1158
f 1158//1158 1163//1163 1330//1330
f 1926//1926 1786//1786 1325//1325
f 1325//1325 1330//1330 1926//1926
f 417//417 405//405 388//388
f 388//388 409//409 417//417
f 447//447 439//439 405//405
f 405//405 417//417 447//447
f 501//501 491//491 439//439
f 439//439 447//447 501//501
f 560//560 543//543 491//491
f 491//491 501//501 560//560
f 696//696 670//670 543//543
f 543//543 560//560 696//696
f 856//856 846//846 670//670
f 670//670 696//696 856//856
f 1004//1004 994//994 846//846
f 846//846 856//856 1004//1004
f 1169//1169 1163//1163 994//994
f 994//994 1004//1004 1169//1169
f 1340//1340 1330//1330 1163//1163
f 1163//1163 1169//1169 1340//1340
f 1925//1925 1926//1926 1330//1330
f 1330//1330 1340//1340 1925//1925
f 445//445 417//417 409//409
f 409//409 437//437 445//445
f 468//468 447//447 417//417
f 417//417 445//445 468//468
f 517//517 501//501 447//447
f 447//447 468//468 517//517
f 584//584 560//560 501//501
f 501//501 517//517 584//584
f 732//732 696//696 560//560
f 560//560 584//584 732//732
f 884//884 856//856 696//696
f 696//696 732//732 884//884
f 1026//1026 1004//1004 856//856
f 856//856 884//884 1026//1026
f 1175//1175 1169//1169 1004//1004
f 1004//1004 1026//1026 1175//1175
f 1358//1358 1340//1340 1169//1169
f 1169//1169 1175//1175 1358//1358
f 1908//1908 1925//1925 1340//1340
f 1340//1340 1358//1358 1908//1908
f 460//460 445//445 437//437
f 437//437 453//453 460//460
f 503//503 468//468 445//445
f 445//445 460//460 503//503
f 533//533 517//517 468//468
f 468//468 503//503 533//533
f 625//625 584//584 517//517
f 517//517 533//533 625//625
f 770//770 732//732 584//584
f 584//584 625//625 770//770
f 906//906 884//884 732//732
f 732//732 770//770 906//906
f 1041//1041 1026//1026 884//884
f 884//884 906//906 1041//1041
f 1189//1189 1175//1175 1026//1026
f 1026//1026 1041//1041 1189//1189
f 1372//1372 1358//1358 1175//1175
f 1175//1175 1189//1189 1372//1372
f 1706//1706 1908//1908 1358//1358
f 1358//1358 1372//1372 1706//1706
f 505//505 460//460 453//453
f 453//453 499//499 505//505
f 521//521 503//503 460//460
f 460//460 505//505 521//521
f 570//570 533//533 503//503
f 503//503 521//521 570//570
f 666//666 625//625 533//533
f 533//533 570//570 666//666
f 798//798 770//770 625//625
f 625//625 666//666 798//798
f 930//930 906//906 770//770
f 770//770 798//798 930//930
f 1067//1067 1041//1041 906//906
f 906//906 930//930 1067//1067
f 1199//1199 1189//1189 1041//1041
f 1041//1041 1067//1067 1199//1199
f 1384//1384 1372//1372 1189//1189
f 1189//1189 1199//1199 1384//1384
f 1705//1705 1706//1706 1372//1372
f 1372//1372 1384//1384 1705//1705
f 523//523 505//505 499//499
f 499//499 519//519 523//523
f 550//550 521//521 505//505
f 505//505 523//523 550//550
f 611//611 570//570 521//521
f 521//521 550//550 611//611
f 724//724 666//666 570//570
f 570//570 611//611 724//724
f 834//834 798//798 666//666
f 666//666 724//724 834//834
f 948//948 930//930 798//798
f 798//798 834//834 948//948
f 1078//1078 1067//1067 930//930
f 930//930 948//948 1078//1078
f 1207//1207 1199//1199 1067//1067
f 1067//1067 1078//1078 1207//1207
f 1395//1395 1384//1384 1199//1199
f 1199//1199 1207//1207 1395//1395
f 1773//1773 1705//1705 1384//1384
f 1384//1384 1395//1395 1773//1773
f 555//555 523//523 519//519
f 519//519 541//541 555//555
f 588//588 550//550 523//523
f 523//523 555//555 588//588
f 645//645 611//611 550//550
f 550//550 588//588 645//645
f 763//763 724//724 611//611
f 611//611 645//645 763//763
f 869//869 834//834 724//724
f 724//724 763//763 869//869
f 971//971 948//948 834//834
f 834//834 869//869 971//971
f 1089//1089 1078//1078 948//948
f 948//948 971//971 1089//1089
f 1217//1217 1207//1207 1078//1078
f 1078//1078 1089//1089 1217//1217
f 1406//1406 1395//1395 1207//1207
f 1207//1207 1217//1217 1406//1406
f 1692//1692 1773//1773 1395//1395
f 1395//1395 1406//1406 1692//1692
f 581//581 555//555 541//541
f 541//541 573//573 581//581
f 626//626 588//588 555//555
f 555//555 581//581 626//626
f 703//703 645//645 588//588
f 588//588 626//626 703//703
f 791//791 763//763 645//645
f 645//645 703//703 791//791
f 895//895 869//869 763//763
f 763//763 791//791 895//895
f 989//989 971//971 869//869
f 869//869 895//895 989//989
f 1095//1095 1089//1089 971//971
f 971//971 989//989 1095//1095
f 1227//1227 1217//1217 1089//1089
f 1089//1089 1095//1095 1227//1227
f 1421//1421 1406//1406 1217//1217
f 1217//1217 1227//1227 1421//1421
f 1766//1766 1692//1692 1406//1406
f 1406//1406 1421//1421 1766//1766
f 606//606 581//581 573//573
f 573//573 591//591 606//606
f 643//643 626//626 581//581
f 581//581 606//606 643//643
f 727//727 703//703 626//626
f 626//626 643//643 727//727
f 811//811 791//791 703//703
f 703//703 727//727 811//811
f 908//908 895//895 791//791
f 791//791 811//811 908//908
f 1005//1005 989//989 895//895
f 895//895 908//908 1005//1005
f 1100//1100 1095//1095 989//989
f 989//989 1005//1005 1100//1100
f 1231//1231 1227//1227 1095//1095
f 1095//1095 1100//1100 1231//1231
f 1427//1427 1421//1421 1227//1227
f 1227//1227 1231//1231 1427//1427
f 1897//1897 1766//1766 1421//1421
f 1421//1421 1427//1427 1897//1897
f 615//615 606//606 591//591
f 591//591 598//598 615//615
f 653//653 643//643 606//606
f 606//606 615//615 653//653
f 735//735 727//727 643//643
f 643//643 653//653 735//735
f 820//820 811//811 727//727
f 727//727 735//735 820//820
f 913//913 908//908 811//811
f 811//811 820//820 913//913
f 1013//1013 1005//1005 908//908
f 908//908 913//913 1013//1013
f 1103//1103 1100//1100 1005//1005
f 1005//1005 1013//1013 1103//1103
f 1236//1236 1231//1231 1100//1100
f 1100//1100 1103//1103 1236//1236
f 1432//1432 1427//1427 1231//1231
f 1231//1231 1236//1236 1432//1432
f 1760//1760 1897//1897 1427//1427
f 1427//1427 1432//1432 1760//1760
f 2294//2294 2299//2299 1786//1786
f 1786//1786 1783//1783 2294//2294
f 2461//2461 2466//2466 2299//2299
f 2299//2299 2294//2294 2461//2461
f 2630//2630 2641//2641 2466//2466
f 2466//2466 2461//2461 2630//2630
f 2778//2778 2785//2785 2641//2641
f 2641//2641 2630//2630 2778//2778
f 2954//2954 2963//2963 2785//2785
f 2785//2785 2778//2778 2954//2954
f 3061//3061 3068//3068 2963//2963
f 2963//2963 2954//2954 3061//3061
f 3135//3135 3140//3140 3068//3068
f 3068//3068 3061//3061 3135//3135
f 3167//3167 3176//3176 3140//3140
f 3140//3140 3135//3135 3167//3167
f 3195//3195 3203//3203 3176//3176
f 3176//3176 3167//3167 3195//3195
f 3208//3208 3213//3213 3203//3203
f 3203//3203 3195//3195 3208//3208
f 2284//2284 2294//2294 1783//1783
f 1783//1783 1781//1781 2284//2284
f 2455//2455 2461//2461 2294//2294
f 2294//2294 2284//2284 2455//2455
f 2620//2620 2630//2630 2461//2461
f 2461//2461 2455//2455 2620//2620
f 2768//2768 2778//2778 2630//2630
f 2630//2630 2620//2620 2768//2768
f 2928//2928 2954//2954 2778//2778
f 2778//2778 2768//2768 2928//2928
f 3051//3051 3061//3061 2954//2954
f 2954//2954 2928//2928 3051//3051
f 3125//3125 3135//3135 3061//3061
f 3061//3061 3051//3051 3125//3125
f 3159//3159 3167//3167 3135//3135
f 3135//3135 3125//3125 3159//3159
f 3181//3181 3195//3195 3167//3167
f 3167//3167 3159//3159 3181//3181
f 3191//3191 3208//3208 3195//3195
f 3195//3195 3181//3181 3191//3191
f 2266//2266 2284//2284 1781//1781
f 1781//1781 1779//1779 2266//2266
f 2449//2449 2455//2455 2284//2284
f 2284//2284 2266//2266 2449//2449
f 2598//2598 2620//2620 2455//2455
f 2455//2455 2449//2449 2598//2598
f 2740//2740 2768//2768 2620//2620
f 2620//2620 2598//2598 2740//2740
f 2892//2892 2928//2928 2768//2768
f 2768//2768 2740//2740 2892//2892
f 3033//3033 3051//3051 2928//2928
f 2928//2928 2892//2892 3033//3033
f 3087//3087 3125//3125 3051//3051
f 3051//3051 3033//3033 3087//3087
f 3145//3145 3159//3159 3125//3125
f 3125//3125 3087//3087 3145//3145
f 3161//3161 3181//3181 3159//3159
f 3159//3159 3145//3145 3161//3161
f 3169//3169 3191//3191 3181//3181
f 3181//3181 3161//3161 3169//3169
f 2252//2252 2266//2266 1779//1779
f 1779//1779 1777//1777 2252//2252
f 2435//2435 2449//2449 2266//2266
f 2266//2266 2252//2252 2435//2435
f 2581//2581 2598//2598 2449//2449
f 2449//2449 2435//2435 2581//2581
f 2718//2718 2740//2740 2598//2598
f 2598//2598 2581//2581 2718//2718
f 2854//2854 2892//2892 2740//2740
f 2740//2740 2718//2718 2854//2854
f 2999//2999 3033//3033 2892//2892
f 2892//2892 2854//2854 2999//2999
f 3071//3071 3087//3087 3033//3033
f 3033//3033 2999//2999 3071//3071
f 3123//3123 3145//3145 3087//3087
f 3087//3087 3071//3071 3123//3123
f 3147//3147 3161//3161 3145//3145
f 3145//3145 3123//3123 3147//3147
f 3153//3153 3169//3169 3161//3161
f 3161//3161 3147//3147 3153//3153
f 2240//2240 2252//2252 1777//1777
f 1777//1777 1775//1775 2240//2240
f 2425//2425 2435//2435 2252//2252
f 2252//2252 2240//2240 2425//2425
f 2555//2555 2581//2581 2435//2435
f 2435//2435 2425//2425 2555//2555
f 2694//2694 2718//2718 2581//2581
f 2581//2581 2555//2555 2694//2694
f 2826//2826 2854//2854 2718//2718
f 2718//2718 2694//2694 2826//2826
f 2958//2958 2999//2999 2854//2854
f 2854//2854 2826//2826 2958//2958
f 3043//3043 3071//3071 2999//2999
f 2999//2999 2958//2958 3043//3043
f 3083//3083 3123//3123 3071//3071
f 3071//3071 3043//3043 3083//3083
f 3121//3121 3147//3147 3123//3123
f 3123//3123 3083//3083 3121//3121
f 3127//3127 3153//3153 3147//3147
f 3147//3147 3121//3121 3127//3127
f 2229//2229 2240//2240 1775//1775
f 1775//1775 1772//1772 2229//2229
f 2417//2417 2425//2425 2240//2240
f 2240//2240 2229//2229 2417//2417
f 2546//2546 2555//2555 2425//2425
f 2425//2425 2417//2417 2546//2546
f 2676//2676 2694//2694 2555//2555
f 2555//2555 2546//2546 2676//2676
f 2790//2790 2826//2826 2694//2694
f 2694//2694 2676//2676 2790//2790
f 2900//2900 2958//2958 2826//2826
f 2826//2826 2790//2790 2900//2900
f 3013//3013 3043//3043 2958//2958
f 2958//2958 2900//2900 3013//3013
f 3057//3057 3083//3083 3043//3043
f 3043//3043 3013//3013 3057//3057
f 3081//3081 3121//3121 3083//3083
f 3083//3083 3057//3057 3081//3081
f 3085//3085 3127//3127 3121//3121
f 3121//3121 3081//3081 3085//3085
f 2216//2216 2229//2229 1772//1772
f 1772//1772 1769//1769 2216//2216
f 2407//2407 2417//2417 2229//2229
f 2229//2229 2216//2216 2407//2407
f 2533//2533 2546//2546 2417//2417
f 2417//2417 2407//2407 2533//2533
f 2651//2651 2676//2676 2546//2546
f 2546//2546 2533//2533 2651//2651
f 2753//2753 2790//2790 2676//2676
f 2676//2676 2651//2651 2753//2753
f 2859//2859 2900//2900 2790//2790
f 2790//2790 2753//2753 2859//2859
f 2977//2977 3013//3013 2900//2900
f 2900//2900 2859//2859 2977//2977
f 3029//3029 3057//3057 3013//3013
f 3013//3013 2977//2977 3029//3029
f 3052//3052 3081//3081 3057//3057
f 3057//3057 3029//3029 3052//3052
f 3063//3063 3085//3085 3081//3081
f 3081//3081 3052//3052 3063//3063
f 2203//2203 2216//2216 1769//1769
f 1769//1769 1767//1767 2203//2203
f 2397//2397 2407//2407 2216//2216
f 2216//2216 2203//2203 2397//2397
f 2527//2527 2533//2533 2407//2407
f 2407//2407 2397//2397 2527//2527
f 2633//2633 2651//2651 2533//2533
f 2533//2533 2527//2527 2633//2633
f 2727//2727 2753//2753 2651//2651
f 2651//2651 2633//2633 2727//2727
f 2831//2831 2859//2859 2753//2753
f 2753//2753 2727//2727 2831//2831
f 2919//2919 2977//2977 2859//2859
f 2859//2859 2831//2831 2919//2919
f 2996//2996 3029//3029 2977//2977
f 2977//2977 2919//2919 2996//2996
f 3034//3034 3052//3052 3029//3029
f 3029//3029 2996//2996 3034//3034
f 3038//3038 3063//3063 3052//3052
f 3052//3052 3034//3034 3038//3038
f 2197//2197 2203//2203 1767//1767
f 1767//1767 1763//1763 2197//2197
f 2393//2393 2397//2397 2203//2203
f 2203//2203 2197//2197 2393//2393
f 2522//2522 2527//2527 2397//2397
f 2397//2397 2393//2393 2522//2522
f 2617//2617 2633//2633 2527//2527
f 2527//2527 2522//2522 2617//2617
f 2716//2716 2727//2727 2633//2633
f 2633//2633 2617//2617 2716//2716
f 2811//2811 2831//2831 2727//2727
f 2727//2727 2716//2716 2811//2811
f 2895//2895 2919//2919 2831//2831
f 2831//2831 2811//2811 2895//2895
f 2979//2979 2996//2996 2919//2919
f 2919//2919 2895//2895 2979//2979
f 3016//3016 3034//3034 2996//2996
f 2996//2996 2979//2979 3016//3016
f 3026//3026 3038//3038 3034//3034
f 3034//3034 3016//3016 3026//3026
f 2193//2193 2197//2197 1763//1763
f 1763//1763 1761//1761 2193//2193
f 2389//2389 2393//2393 2197//2197
f 2197//2197 2193//2193 2389//2389
f 2516//2516 2522//2522 2393//2393
f 2393//2393 2389//2389 2516//2516
f 2610//2610 2617//2617 2522//2522
f 2522//2522 2516//2516 2610//2610
f 2710//2710 2716//2716 2617//2617
f 2617//2617 2610//2610 2710//2710
f 2803//2803 2811//2811 2716//2716
f 2716//2716 2710//2710 2803//2803
f 2885//2885 2895//2895 2811//2811
f 2811//2811 2803//2803 2885//2885
f 2971//2971 2979//2979 2895//2895
f 2895//2895 2885//2885 2971//2971
f 3005//3005 3016//3016 2979//2979
f 2979//2979 2971//2971 3005//3005
f 3022//3022 3026//3026 3016//3016
f 3016//3016 3005//3005 3022//3022
f 461//461 545//545 544//544
f 544//544 456//456 461//461
f 463//463 551//551 545//545
f 545//545 461//461 463//463
f 465//465 557//557 551//551
f 551//551 463//463 465//465
f 469//469 567//567 557//557
f 557//557 465//465 469//469
f 471//471 575//575 567//567
f 567//567 469//469 471//471
f 473//473 577//577 575//575
f 575//575 471//471 473//473
f 475//475 589//589 577//577
f 577//577 473//473 475//475
f 477//477 593//593 589//589
f 589//589 475//475 477//477
f 479//479 595//595 593//593
f 593//593 477//477 479//479
f 481//481 599//599 595//595
f 595//595 479//479 481//481
f 389//389 461//461 456//456
f 456//456 392//392 389//389
f 386//386 463//463 461//461
f 461//461 389//389 386//386
f 379//379 465//465 463//463
f 463//463 386//386 379//379
f 373//373 469//469 465//465
f 465//465 379//379 373//373
f 371//371 471//471 469//469
f 469//469 373//373 371//371
f 369//369 473//473 471//471
f 471//471 371//371 369//369
f 366//366 475//475 473//473
f 473//473 369//369 366//366
f 364//364 477//477 475//475
f 475//475 366//366 364//364
f 362//362 479//479 477//477
f 477//477 364//364 362//362
f 361//361 481//481 479//479
f 479//479 362//362 361//361
f 335//335 389//389 392//392
f 392//392 337//337 335//335
f 333//333 386//386 389//389
f 389//389 335//335 333//333
f 331//331 379//379 386//386
f 386//386 333//333 331//331
f 329//329 373//373 379//379
f 379//379 331//331 329//329
f 328//328 371//371 373//373
f 373//373 329//329 328//328
f 325//325 369//369 371//371
f 371//371 328//328 325//325
f 323//323 366//366 369//369
f 369//369 325//325 323//323
f 321//321 364//364 366//366
f 366//366 323//323 321//321
f 319//319 362//362 364//364
f 364//364 321//321 319//319
f 316//316 361//361 362//362
f 362//362 319//319 316//316
f 298//298 335//335 337//337
f 337//337 302//302 298//298
f 290//290 333//333 335//335
f 335//335 298//298 290//290
f 288//288 331//331 333//333
f 333//333 290//290 288//288
f 286//286 329//329 331//331
f 331//331 288//288 286//286
f 281//281 328//328 329//329
f 329//329 286//286 281//281
f 275//275 325//325 328//328
f 328//328 281//281 275//275
f 265//265 323//323 325//325
f 325//325 275//275 265//265
f 259//259 321//321 323//323
f 323//323 265//265 259//259
f 255//255 319//319 321//321
f 321//321 259//259 255//255
f 249//249 316//316 319//319
f 319//319 255//255 249//249
f 269//269 298//298 302//302
f 302//302 271//271 269//269
f 261//261 290//290 298//298
f 298//298 269//269 261//261
f 251//251 288//288 290//290
f 290//290 261//261 251//251
f 238//238 286//286 288//288
f 288//288 251//251 238//238
f 230//230 281//281 286//286
f 286//286 238//238 230//230
f 218//218 275//275 281//281
f 281//281 230//230 218//218
f 208//208 265//265 275//275
f 275//275 218//218 208//208
f 196//196 259//259 265//265
f 265//265 208//208 196//196
f 186//186 255//255 259//259
f 259//259 196//196 186//186
f 181//181 249//249 255//255
f 255//255 186//186 181//181
f 228//228 269//269 271//271
f 271//271 234//234 228//228
f 222//222 261//261 269//269
f 269//269 228//228 222//222
f 212//212 251//251 261//261
f 261//261 222//222 212//212
f 200//200 238//238 251//251
f 251//251 212//212 200//200
f 177//177 230//230 238//238
f 238//238 200//200 177//177
f 160//160 218//218 230//230
f 230//230 177//177 160//160
f 134//134 208//208 218//218
f 218//218 160//160 134//134
f 112//112 196//196 208//208
f 208//208 134//134 112//112
f 102//102 186//186 196//196
f 196//196 112//112 102//102
f 96//96 181//181 186//186
f 186//186 102//102 96//96
f 198//198 228//228 234//234
f 234//234 205//205 198//198
f 182//182 222//222 228//228
f 228//228 198//198 182//182
f 168//168 212//212 222//222
f 222//222 182//182 168//168
f 146//146 200//200 212//212
f 212//212 168//168 146//146
f 118//118 177//177 200//200
f 200//200 146//146 118//118
f 92//92 160//160 177//177
f 177//177 118//118 92//92
f 74//74 134//134 160//160
f 160//160 92//92 74//74
f 63//63 112//112 134//134
f 134//134 74//74 63//63
f 53//53 102//102 112//112
f 112//112 63//63 53//53
f 50//50 96//96 102//102
f 102//102 53//53 50//50
f 167//167 198//198 205//205
f 205//205 170//170 167//167
f 154//154 182//182 198//198
f 198//198 167//167 154//154
f 126//126 168//168 182//182
f 182//182 154//154 126//126
f 100//100 146//146 168//168
f 168//168 126//126 100//100
f 83//83 118//118 146//146
f 146//146 100//100 83//83
f 61//61 92//92 118//118
f 118//118 83//83 61//61
f 46//46 74//74 92//92
f 92//92 61//61 46//46
f 32//32 63//63 74//74
f 74//74 46//46 32//32
f 25//25 53//53 63//63
f 63//63 32//32 25//25
f 21//21 50//50 53//53
f 53//53 25//25 21//21
f 143//143 167//167 170//170
f 170//170 150//150 143//143
f 124//124 154//154 167//167
f 167//167 143//143 124//124
f 104//104 126//126 154//154
f 154//154 124//124 104//104
f 84//84 100//100 126//126
f 126//126 104//104 84//84
f 65//65 83//83 100//100
f 100//100 84//84 65//65
f 44//44 61//61 83//83
f 83//83 65//65 44//44
f 30//30 46//46 61//61
f 61//61 44//44 30//30
f 17//17 32//32 46//46
f 46//46 30//30 17//17
f 9//9 25//25 32//32
f 32//32 17//17 9//9
f 5//5 21//21 25//25
f 25//25 9//9 5//5
f 132//132 143//143 150//150
f 150//150 140//140 132//132
f 116//116 124//124 143//143
f 143//143 132//132 116//116
f 94//94 104//104 124//124
f 124//124 116//116 94//94
f 76//76 84//84 104//104
f 104//104 94//94 76//76
f 55//55 65//65 84//84
f 84//84 76//76 55//55
f 40//40 44//44 65//65
f 65//65 55//55 40//40
f 22//22 30//30 44//44
f 44//44 40//40 22//22
f 11//11 17//17 30//30
f 30//30 22//22 11//11
f 2//2 9//9 17//17
f 17//17 11//11 2//2
f 1//1 5//5 9//9
f 9//9 2//2 1//1
f 480//480 596//596 599//599
f 599//599 481//481 480//480
f 478//478 594//594 596//596
f 596//596 480//480 478//478
f 476//476 590//590 594//594
f 594//594 478//478 476//476
f 474//474 578//578 590//590
f 590//590 476//476 474//474
f 472//472 576//576 578//578
f 578//578 474//474 472//472
f 470//470 568//568 576//576
f 576//576 472//472 470//470
f 466//466 558//558 568//568
f 568//568 470//470 466//466
f 464//464 552//552 558//558
f 558//558 466//466 464//464
f 462//462 546//546 552//552
f 552//552 464//464 462//462
f 456//456 544//544 546//546
f 546//546 462//462 456//456
f 363//363 480//480 481//481
f 481//481 360//360 363//363
f 365//365 478//478 480//480
f 480//480 363//363 365//365
f 367//367 476//476 478//478
f 478//478 365//365 367//367
f 368//368 474//474 476//476
f 476//476 367//367 368//368
f 370//370 472//472 474//474
f 474//474 368//368 370//370
f 372//372 470//470 472//472
f 472//472 370//370 372//372
f 380//380 466//466 470//470
f 470//470 372//372 380//380
f 385//385 464//464 466//466
f 466//466 380//380 385//385
f 390//390 462//462 464//464
f 464//464 385//385 390//390
f 391//391 456//456 462//462
f 462//462 390//390 391//391
f 320//320 363//363 360//360
f 360//360 316//316 320//320
f 322//322 365//365 363//363
f 363//363 320//320 322//322
f 324//324 367//367 365//365
f 365//365 322//322 324//324
f 326//326 368//368 367//367
f 367//367 324//324 326//326
f 327//327 370//370 368//368
f 368//368 326//326 327//327
f 330//330 372//372 370//370
f 370//370 327//327 330//330
f 332//332 380//380 372//372
f 372//372 330//330 332//332
f 334//334 385//385 380//380
f 380//380 332//332 334//334
f 336//336 390//390 385//385
f 385//385 334//334 336//336
f 337//337 391//391 390//390
f 390//390 336//336 337//337
f 256//256 320//320 316//316
f 316//316 250//250 256//256
f 260//260 322//322 320//320
f 320//320 256//256 260//260
f 266//266 324//324 322//322
f 322//322 260//260 266//266
f 276//276 326//326 324//324
f 324//324 266//266 276//276
f 282//282 327//327 326//326
f 326//326 276//276 282//282
f 287//287 330//330 327//327
f 327//327 282//282 287//287
f 289//289 332//332 330//330
f 330//330 287//287 289//289
f 291//291 334//334 332//332
f 332//332 289//289 291//291
f 299//299 336//336 334//334
f 334//334 291//291 299//299
f 303//303 337//337 336//336
f 336//336 299//299 303//303
f 187//187 256//256 250//250
f 250//250 181//181 187//187
f 197//197 260//260 256//256
f 256//256 187//187 197//197
f 209//209 266//266 260//260
f 260//260 197//197 209//209
f 219//219 276//276 266//266
f 266//266 209//209 219//219
f 231//231 282//282 276//276
f 276//276 219//219 231//231
f 239//239 287//287 282//282
f 282//282 231//231 239//239
f 252//252 289//289 287//287
f 287//287 239//239 252//252
f 262//262 291//291 289//289
f 289//289 252//252 262//262
f 270//270 299//299 291//291
f 291//291 262//262 270//270
f 272//272 303//303 299//299
f 299//299 270//270 272//272
f 103//103 187//187 181//181
f 181//181 97//97 103//103
f 113//113 197//197 187//187
f 187//187 103//103 113//113
f 135//135 209//209 197//197
f 197//197 113//113 135//135
f 161//161 219//219 209//209
f 209//209 135//135 161//161
f 178//178 231//231 219//219
f 219//219 161//161 178//178
f 201//201 239//239 231//231
f 231//231 178//178 201//201
f 213//213 252//252 239//239
f 239//239 201//201 213//213
f 223//223 262//262 252//252
f 252//252 213//213 223//223
f 229//229 270//270 262//262
f 262//262 223//223 229//229
f 235//235 272//272 270//270
f 270//270 229//229 235//235
f 54//54 103//103 97//97
f 97//97 50//50 54//54
f 64//64 113//113 103//103
f 103//103 54//54 64//64
f 75//75 135//135 113//113
f 113//113 64//64 75//75
f 93//93 161//161 135//135
f 135//135 75//75 93//93
f 119//119 178//178 161//161
f 161//161 93//93 119//119
f 147//147 201//201 178//178
f 178//178 119//119 147//147
f 169//169 213//213 201//201
f 201//201 147//147 169//169
f 183//183 223//223 213//213
f 213//213 169//169 183//183
f 199//199 229//229 223//223
f 223//223 183//183 199//199
f 205//205 235//235 229//229
f 229//229 199//199 205//205
f 24//24 54//54 50//50
f 50//50 21//21 24//24
f 33//33 64//64 54//54
f 54//54 24//24 33//33
f 47//47 75//75 64//64
f 64//64 33//33 47//47
f 62//62 93//93 75//75
f 75//75 47//47 62//62
f 82//82 119//119 93//93
f 93//93 62//62 82//82
f 101//101 147//147 119//119
f 119//119 82//82 101//101
f 127//127 169//169 147//147
f 147//147 101//101 127//127
f 155//155 183//183 169//169
f 169//169 127//127 155//155
f 166//166 199//199 183//183
f 183//183 155//155 166//166
f 171//171 205//205 199//199
f 199//199 166//166 171//171
f 10//10 24//24 21//21
f 21//21 6//6 10//10
f 18//18 33//33 24//24
f 24//24 10//10 18//18
f 31//31 47//47 33//33
f 33//33 18//18 31//31
f 45//45 62//62 47//47
f 47//47 31//31 45//45
f 66//66 82//82 62//62
f 62//62 45//45 66//66
f 85//85 101//101 82//82
f 82//82 66//66 85//85
f 105//105 127//127 101//101
f 101//101 85//85 105//105
f 125//125 155//155 127//127
f 127//127 105//105 125//125
f 144//144 166//166 155//155
f 155//155 125//125 144//144
f 151//151 171//171 166//166
f 166//166 144//144 151//151
f 3//3 10//10 6//6
f 6//6 1//1 3//3
f 12//12 18//18 10//10
f 10//10 3//3 12//12
f 23//23 31//31 18//18
f 18//18 12//12 23//23
f 41//41 45//45 31//31
f 31//31 23//23 41//41
f 56//56 66//66 45//45
f 45//45 41//41 56//56
f 77//77 85//85 66//66
f 66//66 56//56 77//77
f 95//95 105//105 85//85
f 85//85 77//77 95//95
f 117//117 125//125 105//105
f 105//105 95//95 117//117
f 133//133 144//144 125//125
f 125//125 117//117 133//133
f 140//140 151//151 144//144
f 144//144 133//133 140//140
f 138//138 132//132 140//140
f 140//140 145//145 138//138
f 122//122 116//116 132//132
f 132//132 138//138 122//122
f 98//98 94//94 116//116
f 116//116 122//122 98//98
f 80//80 76//76 94//94
f 94//94 98//98 80//80
f 60//60 55//55 76//76
f 76//76 80//80 60//60
f 42//42 40//40 55//55
f 55//55 60//60 42//42
f 28//28 22//22 40//40
f 40//40 42//42 28//28
f 13//13 11//11 22//22
f 22//22 28//28 13//13
f 7//7 2//2 11//11
f 11//11 13//13 7//7
f 4//4 1//1 2//2
f 2//2 7//7 4//4
f 152//152 138//138 145//145
f 145//145 158//158 152//152
f 136//136 122//122 138//138
f 138//138 152//152 136//136
f 108//108 98//98 122//122
f 122//122 136//136 108//108
f 89//89 80//80 98//98
f 98//98 108//108 89//89
f 70//70 60//60 80//80
f 80//80 89//89 70//70
f 52//52 42//42 60//60
f 60//60 70//70 52//52
f 38//38 28//28 42//42
f 42//42 52//52 38//38
f 26//26 13//13 28//28
f 28//28 38//38 26//26
f 19//19 7//7 13//13
f 13//13 26//26 19//19
f 15//15 4//4 7//7
f 7//7 19//19 15//15
f 173//173 152//152 158//158
f 158//158 176//176 173//173
f 162//162 136//136 152//152
f 152//152 173//173 162//162
f 142//142 108//108 136//136
f 136//136 162//162 142//142
f 111//111 89//89 108//108
f 108//108 142//142 111//111
f 91//91 70//70 89//89
f 89//89 111//111 91//91
f 73//73 52//52 70//70
f 70//70 91//91 73//73
f 58//58 38//38 52//52
f 52//52 73//73 58//58
f 48//48 26//26 38//38
f 38//38 58//58 48//48
f 37//37 19//19 26//26
f 26//26 48//48 37//37
f 35//35 15//15 19//19
f 19//19 37//37 35//35
f 194//194 173//173 176//176
f 176//176 202//202 194//194
f 184//184 162//162 173//173
f 173//173 194//194 184//184
f 174//174 142//142 162//162
f 162//162 184//184 174//174
f 156//156 111//111 142//142
f 142//142 174//174 156//156
f 128//128 91//91 111//111
f 111//111 156//156 128//128
f 106//106 73//73 91//91
f 91//91 128//128 106//106
f 86//86 58//58 73//73
f 73//73 106//106 86//86
f 78//78 48//48 58//58
f 58//58 86//86 78//78
f 68//68 37//37 48//48
f 48//48 78//78 68//68
f 67//67 35//35 37//37
f 37//37 68//68 67//67
f 221//221 194//194 202//202
f 202//202 225//225 221//221
f 216//216 184//184 194//194
f 194//194 221//221 216//216
f 206//206 174//174 184//184
f 184//184 216//216 206//206
f 192//192 156//156 174//174
f 174//174 206//206 192//192
f 180//180 128//128 156//156
f 156//156 192//192 180//180
f 164//164 106//106 128//128
f 128//128 180//180 164//164
f 148//148 86//86 106//106
f 106//106 164//164 148//148
f 130//130 78//78 86//86
f 86//86 148//148 130//130
f 121//121 68//68 78//78
f 78//78 130//130 121//121
f 115//115 67//67 68//68
f 68//68 121//121 115//115
f 244//244 221//221 225//225
f 225//225 247//247 244//244
f 240//240 216//216 221//221
f 221//221 244//244 240//240
f 236//236 206//206 216//216
f 216//216 240//240 236//236
f 233//233 192//192 206//206
f 206//206 236//236 233//233
f 227//227 180//180 192//192
f 192//192 233//233 227//227
f 215//215 164//164 180//180
f 180//180 227//227 215//215
f 210//210 148//148 164//164
f 164//164 215//215 210//210
f 203//203 130//130 148//148
f 148//148 210//210 203//203
f 191//191 121//121 130//130
f 130//130 203//203 191//191
f 188//188 115//115 121//121
f 121//121 191//191 188//188
f 284//284 244//244 247//247
f 247//247 285//285 284//284
f 279//279 240//240 244//244
f 244//244 284//284 279//279
f 277//277 236//236 240//240
f 240//240 279//279 277//277
f 273//273 233//233 236//236
f 236//236 277//277 273//273
f 267//267 227//227 233//233
f 233//233 273//273 267//267
f 263//263 215//215 227//227
f 227//227 267//267 263//263
f 258//258 210//210 215//215
f 215//215 263//263 258//258
f 253//253 203//203 210//210
f 210//210 258//258 253//253
f 245//245 191//191 203//203
f 203//203 253//253 245//245
f 242//242 188//188 191//191
f 191//191 245//245 242//242
f 315//315 284//284 285//285
f 285//285 318//318 315//315
f 312//312 279//279 284//284
f 284//284 315//315 312//312
f 311//311 277//277 279//279
f 279//279 312//312 311//311
f 309//309 273//273 277//277
f 277//277 311//311 309//309
f 307//307 267//267 273//273
f 273//273 309//309 307//307
f 305//305 263//263 267//267
f 267//267 307//307 305//305
f 301//301 258//258 263//263
f 263//263 305//305 301//301
f 297//297 253//253 258//258
f 258//258 301//301 297//297
f 295//295 245//245 253//253
f 253//253 297//297 295//295
f 293//293 242//242 245//245
f 245//245 295//295 293//293
f 341//341 315//315 318//318
f 318//318 339//339 341//341
f 343//343 312//312 315//315
f 315//315 341//341 343//343
f 345//345 311//311 312//312
f 312//312 343//343 345//345
f 347//347 309//309 311//311
f 311//311 345//345 347//347
f 349//349 307//307 309//309
f 309//309 347//347 349//349
f 351//351 305//305 307//307
f 307//307 349//349 351//351
f 353//353 301//301 305//305
f 305//305 351//351 353//353
f 355//355 297//297 301//301
f 301//301 353//353 355//355
f 357//357 295//295 297//297
f 297//297 355//355 357//357
f 359//359 293//293 295//295
f 295//295 357//357 359//359
f 378//378 341//341 339//339
f 339//339 376//376 378//378
f 384//384 343//343 341//341
f 341//341 378//378 384//384
f 394//394 345//345 343//343
f 343//343 384//384 394//394
f 403//403 347//347 345//345
f 345//345 394//394 403//403
f 406//406 349//349 347//347
f 347//347 403//403 406//406
f 415//415 351//351 349//349
f 349//349 406//406 415//415
f 419//419 353//353 351//351
f 351//351 415//415 419//419
f 423//423 355//355 353//353
f 353//353 419//419 423//423
f 425//425 357//357 355//355
f 355//355 423//423 425//425
f 427//427 359//359 357//357
f 357//357 425//425 427//427
f 8//8 3//3 1//1
f 1//1 4//4 8//8
f 14//14 12//12 3//3
f 3//3 8//8 14//14
f 29//29 23//23 12//12
f 12//12 14//14 29//29
f 43//43 41//41 23//23
f 23//23 29//29 43//43
f 59//59 56//56 41//41
f 41//41 43//43 59//59
f 81//81 77//77 56//56
f 56//56 59//59 81//81
f 99//99 95//95 77//77
f 77//77 81//81 99//99
f 123//123 117//117 95//95
f 95//95 99//99 123//123
f 139//139 133//133 117//117
f 117//117 123//123 139//139
f 145//145 140//140 133//133
f 133//133 139//139 145//145
f 20//20 8//8 4//4
f 4//4 16//16 20//20
f 27//27 14//14 8//8
f 8//8 20//20 27//27
f 39//39 29//29 14//14
f 14//14 27//27 39//39
f 51//51 43//43 29//29
f 29//29 39//39 51//51
f 71//71 59//59 43//43
f 43//43 51//51 71//71
f 88//88 81//81 59//59
f 59//59 71//71 88//88
f 109//109 99//99 81//81
f 81//81 88//88 109//109
f 137//137 123//123 99//99
f 99//99 109//109 137//137
f 153//153 139//139 123//123
f 123//123 137//137 153//153
f 159//159 145//145 139//139
f 139//139 153//153 159//159
f 36//36 20//20 16//16
f 16//16 34//34 36//36
f 49//49 27//27 20//20
f 20//20 36//36 49//49
f 57//57 39//39 27//27
f 27//27 49//49 57//57
f 72//72 51//51 39//39
f 39//39 57//57 72//72
f 90//90 71//71 51//51
f 51//51 72//72 90//90
f 110//110 88//88 71//71
f 71//71 90//90 110//110
f 141//141 109//109 88//88
f 88//88 110//110 141//141
f 163//163 137//137 109//109
f 109//109 141//141 163//163
f 172//172 153//153 137//137
f 137//137 163//163 172//172
f 176//176 159//159 153//153
f 153//153 172//172 176//176
f 69//69 36//36 34//34
f 34//34 67//67 69//69
f 79//79 49//49 36//36
f 36//36 69//69 79//79
f 87//87 57//57 49//49
f 49//49 79//79 87//87
f 107//107 72//72 57//57
f 57//57 87//87 107//107
f 129//129 90//90 72//72
f 72//72 107//107 129//129
f 157//157 110//110 90//90
f 90//90 129//129 157//157
f 175//175 141//141 110//110
f 110//110 157//157 175//175
f 185//185 163//163 141//141
f 141//141 175//175 185//185
f 195//195 172//172 163//163
f 163//163 185//185 195//195
f 202//202 176//176 172//172
f 172//172 195//195 202//202
f 120//120 69//69 67//67
f 67//67 114//114 120//120
f 131//131 79//79 69//69
f 69//69 120//120 131//131
f 149//149 87//87 79//79
f 79//79 131//131 149//149
f 165//165 107//107 87//87
f 87//87 149//149 165//165
f 179//179 129//129 107//107
f 107//107 165//165 179//179
f 193//193 157//157 129//129
f 129//129 179//179 193//193
f 207//207 175//175 157//157
f 157//157 193//193 207//207
f 217//217 185//185 175//175
f 175//175 207//207 217//217
f 220//220 195//195 185//185
f 185//185 217//217 220//220
f 224//224 202//202 195//195
f 195//195 220//220 224//224
f 190//190 120//120 114//114
f 114//114 189//189 190//190
f 204//204 131//131 120//120
f 120//120 190//190 204//204
f 211//211 149//149 131//131
f 131//131 204//204 211//211
f 214//214 165//165 149//149
f 149//149 211//211 214//214
f 226//226 179//179 165//165
f 165//165 214//214 226//226
f 232//232 193//193 179//179
f 179//179 226//226 232//232
f 237//237 207//207 193//193
f 193//193 232//232 237//237
f 241//241 217//217 207//207
f 207//207 237//237 241//241
f 243//243 220//220 217//217
f 217//217 241//241 243//243
f 248//248 224//224 220//220
f 220//220 243//243 248//248
f 246//246 190//190 189//189
f 189//189 242//242 246//246
f 254//254 204//204 190//190
f 190//190 246//246 254//254
f 257//257 211//211 204//204
f 204//204 254//254 257//257
f 264//264 214//214 211//211
f 211//211 257//257 264//264
f 268//268 226//226 214//214
f 214//214 264//264 268//268
f 274//274 232//232 226//226
f 226//226 268//268 274//274
f 278//278 237//237 232//232
f 232//232 274//274 278//278
f 280//280 241//241 237//237
f 237//237 278//278 280//280
f 283//283 243//243 241//241
f 241//241 280//280 283//283
f 285//285 248//248 243//243
f 243//243 283//283 285//285
f 294//294 246//246 242//242
f 242//242 292//292 294//294
f 296//296 254//254 246//246
f 246//246 294//294 296//296
f 300//300 257//257 254//254
f 254//254 296//296 300//300
f 304//304 264//264 257//257
f 257//257 300//300 304//304
f 306//306 268//268 264//264
f 264//264 304//304 306//306
f 308//308 274//274 268//268
f 268//268 306//306 308//308
f 310//310 278//278 274//274
f 274//274 308//308 310//310
f 313//313 280//280 278//278
f 278//278 310//310 313//313
f 314//314 283//283 280//280
f 280//280 313//313 314//314
f 317//317 285//285 283//283
f 283//283 314//314 317//317
f 356//356 294//294 292//292
f 292//292 358//358 356//356
f 354//354 296//296 294//294
f 294//294 356//356 354//354
f 352//352 300//300 296//296
f 296//296 354//354 352//352
f 350//350 304//304 300//300
f 300//300 352//352 350//350
f 348//348 306//306 304//304
f 304//304 350//350 348//348
f 346//346 308//308 306//306
f 306//306 348//348 346//346
f 344//344 310//310 308//308
f 308//308 346//346 344//344
f 342//342 313//313 310//310
f 310//310 344//344 342//342
f 340//340 314//314 313//313
f 313//313 342//342 340//340
f 338//338 317//317 314//314
f 314//314 340//340 338//338
f 424//424 356//356 358//358
f 358//358 426//426 424//424
f 422//422 354//354 356//356
f 356//356 424//424 422//422
f 418//418 352//352 354//354
f 354//354 422//422 418//418
f 414//414 350//350 352//352
f 352//352 418//418 414//414
f 407//407 348//348 350//350
f 350//350 414//414 407//407
f 402//402 346//346 348//348
f 348//348 407//407 402//402
f 393//393 344//344 346//346
f 346//346 402//402 393//393
f 383//383 342//342 344//344
f 344//344 393//393 383//383
f 377//377 340//340 342//342
f 342//342 383//383 377//377
f 375//375 338//338 340//340
f 340//340 377//377 375//375
f 3186//3186 3113//3113 3115//3115
f 3115//3115 3182//3182 3186//3186
f 3192//3192 3110//3110 3113//3113
f 3113//3113 3186//3186 3192//3192
f 3196//3196 3109//3109 3110//3110
f 3110//3110 3192//3192 3196//3196
f 3205//3205 3106//3106 3109//3109
f 3109//3109 3196//3196 3205//3205
f 3211//3211 3104//3104 3106//3106
f 3106//3106 3205//3205 3211//3211
f 3215//3215 3102//3102 3104//3104
f 3104//3104 3211//3211 3215//3215
f 3217//3217 3101//3101 3102//3102
f 3102//3102 3215//3215 3217//3217
f 3220//3220 3098//3098 3101//3101
f 3101//3101 3217//3217 3220//3220
f 3222//3222 3097//3097 3098//3098
f 3098//3098 3220//3220 3222//3222
f 3223//3223 3095//3095 3097//3097
f 3097//3097 3222//3222 3223//3223
f 3227//3227 3186//3186 3182//3182
f 3182//3182 3225//3225 3227//3227
f 3229//3229 3192//3192 3186//3186
f 3186//3186 3227//3227 3229//3229
f 3231//3231 3196//3196 3192//3192
f 3192//3192 3229//3229 3231//3231
f 3233//3233 3205//3205 3196//3196
f 3196//3196 3231//3231 3233//3233
f 3235//3235 3211//3211 3205//3205
f 3205//3205 3233//3233 3235//3235
f 3241//3241 3215//3215 3211//3211
f 3211//3211 3235//3235 3241//3241
f 3245//3245 3217//3217 3215//3215
f 3215//3215 3241//3241 3245//3245
f 3249//3249 3220//3220 3217//3217
f 3217//3217 3245//3245 3249//3249
f 3251//3251 3222//3222 3220//3220
f 3220//3220 3249//3249 3251//3251
f 3253//3253 3223//3223 3222//3222
f 3222//3222 3251//3251 3253//3253
f 3239//3239 3227//3227 3225//3225
f 3225//3225 3237//3237 3239//3239
f 3243//3243 3229//3229 3227//3227
f 3227//3227 3239//3239 3243//3243
f 3247//3247 3231//3231 3229//3229
f 3229//3229 3243//3243 3247//3247
f 3257//3257 3233//3233 3231//3231
f 3231//3231 3247//3247 3257//3257
f 3263//3263 3235//3235 3233//3233
f 3233//3233 3257//3257 3263//3263
f 3271//3271 3241//3241 3235//3235
f 3235//3235 3263//3263 3271//3271
f 3279//3279 3245//3245 3241//3241
f 3241//3241 3271//3271 3279//3279
f 3285//3285 3249//3249 3245//3245
f 3245//3245 3279//3279 3285//3285
f 3293//3293 3251//3251 3249//3249
f 3249//3249 3285//3285 3293//3293
f 3297//3297 3253//3253 3251//3251
f 3251//3251 3293//3293 3297//3297
f 3259//3259 3239//3239 3237//3237
f 3237//3237 3255//3255 3259//3259
f 3261//3261 3243//3243 3239//3239
f 3239//3239 3259//3259 3261//3261
f 3265//3265 3247//3247 3243//3243
f 3243//3243 3261//3261 3265//3265
f 3275//3275 3257//3257 3247//3247
f 3247//3247 3265//3265 3275//3275
f 3287//3287 3263//3263 3257//3257
f 3257//3257 3275//3275 3287//3287
f 3303//3303 3271//3271 3263//3263
f 3263//3263 3287//3287 3303//3303
f 3314//3314 3279//3279 3271//3271
f 3271//3271 3303//3303 3314//3314
f 3320//3320 3285//3285 3279//3279
f 3279//3279 3314//3314 3320//3320
f 3330//3330 3293//3293 3285//3285
f 3285//3285 3320//3320 3330//3330
f 3332//3332 3297//3297 3293//3293
f 3293//3293 3330//3330 3332//3332
f 3270//3270 3259//3259 3255//3255
f 3255//3255 3268//3268 3270//3270
f 3273//3273 3261//3261 3259//3259
f 3259//3259 3270//3270 3273//3273
f 3283//3283 3265//3265 3261//3261
f 3261//3261 3273//3273 3283//3283
f 3299//3299 3275//3275 3265//3265
f 3265//3265 3283//3283 3299//3299
f 3308//3308 3287//3287 3275//3275
f 3275//3275 3299//3299 3308//3308
f 3322//3322 3303//3303 3287//3287
f 3287//3287 3308//3308 3322//3322
f 3338//3338 3314//3314 3303//3303
f 3303//3303 3322//3322 3338//3338
f 3346//3346 3320//3320 3314//3314
f 3314//3314 3338//3338 3346//3346
f 3351//3351 3330//3330 3320//3320
f 3320//3320 3346//3346 3351//3351
f 3355//3355 3332//3332 3330//3330
f 3330//3330 3351//3351 3355//3355
f 3282//3282 3270//3270 3268//3268
f 3268//3268 3278//3278 3282//3282
f 3290//3290 3273//3273 3270//3270
f 3270//3270 3282//3282 3290//3290
f 3302//3302 3283//3283 3273//3273
f 3273//3273 3290//3290 3302//3302
f 3312//3312 3299//3299 3283//3283
f 3283//3283 3302//3302 3312//3312
f 3324//3324 3308//3308 3299//3299
f 3299//3299 3312//3312 3324//3324
f 3340//3340 3322//3322 3308//3308
f 3308//3308 3324//3324 3340//3340
f 3353//3353 3338//3338 3322//3322
f 3322//3322 3340//3340 3353//3353
f 3368//3368 3346//3346 3338//3338
f 3338//3338 3353//3353 3368//3368
f 3373//3373 3351//3351 3346//3346
f 3346//3346 3368//3368 3373//3373
f 3379//3379 3355//3355 3351//3351
f 3351//3351 3373//3373 3379//3379
f 3295//3295 3282//3282 3278//3278
f 3278//3278 3292//3292 3295//3295
f 3306//3306 3290//3290 3282//3282
f 3282//3282 3295//3295 3306//3306
f 3316//3316 3302//3302 3290//3290
f 3290//3290 3306//3306 3316//3316
f 3326//3326 3312//3312 3302//3302
f 3302//3302 3316//3316 3326//3326
f 3345//3345 3324//3324 3312//3312
f 3312//3312 3326//3326 3345//3345
f 3359//3359 3340//3340 3324//3324
f 3324//3324 3345//3345 3359//3359
f 3376//3376 3353//3353 3340//3340
f 3340//3340 3359//3359 3376//3376
f 3394//3394 3368//3368 3353//3353
f 3353//3353 3376//3376 3394//3394
f 3404//3404 3373//3373 3368//3368
f 3368//3368 3394//3394 3404//3404
f 3406//3406 3379//3379 3373//3373
f 3373//3373 3404//3404 3406//3406
f 3310//3310 3295//3295 3292//3292
f 3292//3292 3307//3307 3310//3310
f 3318//3318 3306//3306 3295//3295
f 3295//3295 3310//3310 3318//3318
f 3336//3336 3316//3316 3306//3306
f 3306//3306 3318//3318 3336//3336
f 3348//3348 3326//3326 3316//3316
f 3316//3316 3336//3336 3348//3348
f 3369//3369 3345//3345 3326//3326
f 3326//3326 3348//3348 3369//3369
f 3389//3389 3359//3359 3345//3345
f 3345//3345 3369//3369 3389//3389
f 3425//3425 3376//3376 3359//3359
f 3359//3359 3389//3389 3425//3425
f 3449//3449 3394//3394 3376//3376
f 3376//3376 3425//3425 3449//3449
f 3468//3468 3404//3404 3394//3394
f 3394//3394 3449//3449 3468//3468
f 3472//3472 3406//3406 3404//3404
f 3404//3404 3468//3468 3472//3472
f 3335//3335 3310//3310 3307//3307
f 3307//3307 3329//3329 3335//3335
f 3343//3343 3318//3318 3310//3310
f 3310//3310 3335//3335 3343//3343
f 3362//3362 3336//3336 3318//3318
f 3318//3318 3343//3343 3362//3362
f 3386//3386 3348//3348 3336//3336
f 3336//3336 3362//3362 3386//3386
f 3422//3422 3369//3369 3348//3348
f 3348//3348 3386//3386 3422//3422
f 3464//3464 3389//3389 3369//3369
f 3369//3369 3422//3422 3464//3464
f 3490//3490 3425//3425 3389//3389
f 3389//3389 3464//3464 3490//3490
f 3505//3505 3449//3449 3425//3425
f 3425//3425 3490//3490 3505//3505
f 3521//3521 3468//3468 3449//3449
f 3449//3449 3505//3505 3521//3521
f 3523//3523 3472//3472 3468//3468
f 3468//3468 3521//3521 3523//3523
f 3364//3364 3335//3335 3329//3329
f 3329//3329 3357//3357 3364//3364
f 3382//3382 3343//3343 3335//3335
f 3335//3335 3364//3364 3382//3382
f 3416//3416 3362//3362 3343//3343
f 3343//3343 3382//3382 3416//3416
f 3465//3465 3386//3386 3362//3362
f 3362//3362 3416//3416 3465//3465
f 3495//3495 3422//3422 3386//3386
f 3386//3386 3465//3465 3495//3495
f 3528//3528 3464//3464 3422//3422
f 3422//3422 3495//3495 3528//3528
f 3553//3553 3490//3490 3464//3464
f 3464//3464 3528//3528 3553//3553
f 3579//3579 3505//3505 3490//3490
f 3490//3490 3553//3553 3579//3579
f 3592//3592 3521//3521 3505//3505
f 3505//3505 3579//3579 3592//3592
f 3604//3604 3523//3523 3521//3521
f 3521//3521 3592//3592 3604//3604
f 3221//3221 3096//3096 3094//3094
f 3094//3094 3224//3224 3221//3221
f 3219//3219 3099//3099 3096//3096
f 3096//3096 3221//3221 3219//3219
f 3218//3218 3100//3100 3099//3099
f 3099//3099 3219//3219 3218//3218
f 3216//3216 3103//3103 3100//3100
f 3100//3100 3218//3218 3216//3216
f 3212//3212 3105//3105 3103//3103
f 3103//3103 3216//3216 3212//3212
f 3206//3206 3107//3107 3105//3105
f 3105//3105 3212//3212 3206//3206
f 3197//3197 3108//3108 3107//3107
f 3107//3107 3206//3206 3197//3197
f 3193//3193 3111//3111 3108//3108
f 3108//3108 3197//3197 3193//3193
f 3187//3187 3112//3112 3111//3111
f 3111//3111 3193//3193 3187//3187
f 3183//3183 3114//3114 3112//3112
f 3112//3112 3187//3187 3183//3183
f 3252//3252 3221//3221 3224//3224
f 3224//3224 3254//3254 3252//3252
f 3250//3250 3219//3219 3221//3221
f 3221//3221 3252//3252 3250//3250
f 3246//3246 3218//3218 3219//3219
f 3219//3219 3250//3250 3246//3246
f 3242//3242 3216//3216 3218//3218
f 3218//3218 3246//3246 3242//3242
f 3236//3236 3212//3212 3216//3216
f 3216//3216 3242//3242 3236//3236
f 3234//3234 3206//3206 3212//3212
f 3212//3212 3236//3236 3234//3234
f 3232//3232 3197//3197 3206//3206
f 3206//3206 3234//3234 3232//3232
f 3230//3230 3193//3193 3197//3197
f 3197//3197 3232//3232 3230//3230
f 3228//3228 3187//3187 3193//3193
f 3193//3193 3230//3230 3228//3228
f 3226//3226 3183//3183 3187//3187
f 3187//3187 3228//3228 3226//3226
f 3294//3294 3252//3252 3254//3254
f 3254//3254 3298//3298 3294//3294
f 3286//3286 3250//3250 3252//3252
f 3252//3252 3294//3294 3286//3286
f 3280//3280 3246//3246 3250//3250
f 3250//3250 3286//3286 3280//3280
f 3272//3272 3242//3242 3246//3246
f 3246//3246 3280//3280 3272//3272
f 3264//3264 3236//3236 3242//3242
f 3242//3242 3272//3272 3264//3264
f 3258//3258 3234//3234 3236//3236
f 3236//3236 3264//3264 3258//3258
f 3248//3248 3232//3232 3234//3234
f 3234//3234 3258//3258 3248//3248
f 3244//3244 3230//3230 3232//3232
f 3232//3232 3248//3248 3244//3244
f 3240//3240 3228//3228 3230//3230
f 3230//3230 3244//3244 3240//3240
f 3238//3238 3226//3226 3228//3228
f 3228//3228 3240//3240 3238//3238
f 3331//3331 3294//3294 3298//3298
f 3298//3298 3333//3333 3331//3331
f 3321//3321 3286//3286 3294//3294
f 3294//3294 3331//3331 3321//3321
f 3315//3315 3280//3280 3286//3286
f 3286//3286 3321//3321 3315//3315
f 3304//3304 3272//3272 3280//3280
f 3280//3280 3315//3315 3304//3304
f 3288//3288 3264//3264 3272//3272
f 3272//3272 3304//3304 3288//3288
f 3276//3276 3258//3258 3264//3264
f 3264//3264 3288//3288 3276//3276
f 3266//3266 3248//3248 3258//3258
f 3258//3258 3276//3276 3266//3266
f 3262//3262 3244//3244 3248//3248
f 3248//3248 3266//3266 3262//3262
f 3260//3260 3240//3240 3244//3244
f 3244//3244 3262//3262 3260//3260
f 3256//3256 3238//3238 3240//3240
f 3240//3240 3260//3260 3256//3256
f 3350//3350 3331//3331 3333//3333
f 3333//3333 3354//3354 3350//3350
f 3347//3347 3321//3321 3331//3331
f 3331//3331 3350//3350 3347//3347
f 3339//3339 3315//3315 3321//3321
f 3321//3321 3347//3347 3339//3339
f 3323//3323 3304//3304 3315//3315
f 3315//3315 3339//3339 3323//3323
f 3309//3309 3288//3288 3304//3304
f 3304//3304 3323//3323 3309//3309
f 3300//3300 3276//3276 3288//3288
f 3288//3288 3309//3309 3300//3300
f 3284//3284 3266//3266 3276//3276
f 3276//3276 3300//3300 3284//3284
f 3274//3274 3262//3262 3266//3266
f 3266//3266 3284//3284 3274//3274
f 3269//3269 3260//3260 3262//3262
f 3262//3262 3274//3274 3269//3269
f 3267//3267 3256//3256 3260//3260
f 3260//3260 3269//3269 3267//3267
f 3372//3372 3350//3350 3354//3354
f 3354//3354 3378//3378 3372//3372
f 3367//3367 3347//3347 3350//3350
f 3350//3350 3372//3372 3367//3367
f 3352//3352 3339//3339 3347//3347
f 3347//3347 3367//3367 3352//3352
f 3341//3341 3323//3323 3339//3339
f 3339//3339 3352//3352 3341//3341
f 3325//3325 3309//3309 3323//3323
f 3323//3323 3341//3341 3325//3325
f 3313//3313 3300//3300 3309//3309
f 3309//3309 3325//3325 3313//3313
f 3301//3301 3284//3284 3300//3300
f 3300//3300 3313//3313 3301//3301
f 3289//3289 3274//3274 3284//3284
f 3284//3284 3301//3301 3289//3289
f 3281//3281 3269//3269 3274//3274
f 3274//3274 3289//3289 3281//3281
f 3277//3277 3267//3267 3269//3269
f 3269//3269 3281//3281 3277//3277
f 3403//3403 3372//3372 3378//3378
f 3378//3378 3405//3405 3403//3403
f 3393//3393 3367//3367 3372//3372
f 3372//3372 3403//3403 3393//3393
f 3377//3377 3352//3352 3367//3367
f 3367//3367 3393//3393 3377//3377
f 3360//3360 3341//3341 3352//3352
f 3352//3352 3377//3377 3360//3360
f 3344//3344 3325//3325 3341//3341
f 3341//3341 3360//3360 3344//3344
f 3327//3327 3313//3313 3325//3325
f 3325//3325 3344//3344 3327//3327
f 3317//3317 3301//3301 3313//3313
f 3313//3313 3327//3327 3317//3317
f 3305//3305 3289//3289 3301//3301
f 3301//3301 3317//3317 3305//3305
f 3296//3296 3281//3281 3289//3289
f 3289//3289 3305//3305 3296//3296
f 3291//3291 3277//3277 3281//3281
f 3281//3281 3296//3296 3291//3291
f 3469//3469 3403//3403 3405//3405
f 3405//3405 3472//3472 3469//3469
f 3450//3450 3393//3393 3403//3403
f 3403//3403 3469//3469 3450//3450
f 3426//3426 3377//3377 3393//3393
f 3393//3393 3450//3450 3426//3426
f 3390//3390 3360//3360 3377//3377
f 3377//3377 3426//3426 3390//3390
f 3370//3370 3344//3344 3360//3360
f 3360//3360 3390//3390 3370//3370
f 3349//3349 3327//3327 3344//3344
f 3344//3344 3370//3370 3349//3349
f 3337//3337 3317//3317 3327//3327
f 3327//3327 3349//3349 3337//3337
f 3319//3319 3305//3305 3317//3317
f 3317//3317 3337//3337 3319//3319
f 3311//3311 3296//3296 3305//3305
f 3305//3305 3319//3319 3311//3311
f 3307//3307 3291//3291 3296//3296
f 3296//3296 3311//3311 3307//3307
f 3520//3520 3469//3469 3472//3472
f 3472//3472 3522//3522 3520//3520
f 3504//3504 3450//3450 3469//3469
f 3469//3469 3520//3520 3504//3504
f 3489//3489 3426//3426 3450//3450
f 3450//3450 3504//3504 3489//3489
f 3463//3463 3390//3390 3426//3426
f 3426//3426 3489//3489 3463//3463
f 3421//3421 3370//3370 3390//3390
f 3390//3390 3463//3463 3421//3421
f 3385//3385 3349//3349 3370//3370
f 3370//3370 3421//3421 3385//3385
f 3361//3361 3337//3337 3349//3349
f 3349//3349 3385//3385 3361//3361
f 3342//3342 3319//3319 3337//3337
f 3337//3337 3361//3361 3342//3342
f 3334//3334 3311//3311 3319//3319
f 3319//3319 3342//3342 3334//3334
f 3328//3328 3307//3307 3311//3311
f 3311//3311 3334//3334 3328//3328
f 3591//3591 3520//3520 3522//3522
f 3522//3522 3603//3603 3591//3591
f 3578//3578 3504//3504 3520//3520
f 3520//3520 3591//3591 3578//3578
f 3552//3552 3489//3489 3504//3504
f 3504//3504 3578//3578 3552//3552
f 3530//3530 3463//3463 3489//3489
f 3489//3489 3552//3552 3530//3530
f 3499//3499 3421//3421 3463//3463
f 3463//3463 3530//3530 3499//3499
f 3467//3467 3385//3385 3421//3421
f 3421//3421 3499//3499 3467//3467
f 3415//3415 3361//3361 3385//3385
f 3385//3385 3467//3467 3415//3415
f 3381//3381 3342//3342 3361//3361
f 3361//3361 3415//3415 3381//3381
f 3363//3363 3334//3334 3342//3342
f 3342//3342 3381//3381 3363//3363
f 3356//3356 3328//3328 3334//3334
f 3334//3334 3363//3363 3356//3356
f 3374//3374 3365//3365 3358//3358
f 3358//3358 3371//3371 3374//3374
f 3395//3395 3383//3383 3365//3365
f 3365//3365 3374//3374 3395//3395
f 3443//3443 3417//3417 3383//3383
f 3383//3383 3395//3395 3443//3443
f 3481//3481 3466//3466 3417//3417
f 3417//3417 3443//3443 3481//3481
f 3514//3514 3496//3496 3466//3466
f 3466//3466 3481//3481 3514//3514
f 3545//3545 3529//3529 3496//3496
f 3496//3496 3514//3514 3545//3545
f 3573//3573 3551//3551 3529//3529
f 3529//3529 3545//3545 3573//3573
f 3597//3597 3577//3577 3551//3551
f 3551//3551 3573//3573 3597//3597
f 3613//3613 3590//3590 3577//3577
f 3577//3577 3597//3597 3613//3613
f 3619//3619 3603//3603 3590//3590
f 3590//3590 3613//3613 3619//3619
f 3387//3387 3374//3374 3371//3371
f 3371//3371 3380//3380 3387//3387
f 3413//3413 3395//3395 3374//3374
f 3374//3374 3387//3387 3413//3413
f 3461//3461 3443//3443 3395//3395
f 3395//3395 3413//3413 3461//3461
f 3493//3493 3481//3481 3443//3443
f 3443//3443 3461//3461 3493//3493
f 3524//3524 3514//3514 3481//3481
f 3481//3481 3493//3493 3524//3524
f 3556//3556 3545//3545 3514//3514
f 3514//3514 3524//3524 3556//3556
f 3584//3584 3573//3573 3545//3545
f 3545//3545 3556//3556 3584//3584
f 3611//3611 3597//3597 3573//3573
f 3573//3573 3584//3584 3611//3611
f 3628//3628 3613//3613 3597//3597
f 3597//3597 3611//3611 3628//3628
f 3632//3632 3619//3619 3613//3613
f 3613//3613 3628//3628 3632//3632
f 3398//3398 3387//3387 3380//3380
f 3380//3380 3391//3391 3398//3398
f 3435//3435 3413//3413 3387//3387
f 3387//3387 3398//3398 3435//3435
f 3473//3473 3461//3461 3413//3413
f 3413//3413 3435//3435 3473//3473
f 3500//3500 3493//3493 3461//3461
f 3461//3461 3473//3473 3500//3500
f 3531//3531 3524//3524 3493//3493
f 3493//3493 3500//3500 3531//3531
f 3562//3562 3556//3556 3524//3524
f 3524//3524 3531//3531 3562//3562
f 3595//3595 3584//3584 3556//3556
f 3556//3556 3562//3562 3595//3595
f 3617//3617 3611//3611 3584//3584
f 3584//3584 3595//3595 3617//3617
f 3633//3633 3628//3628 3611//3611
f 3611//3611 3617//3617 3633//3633
f 3641//3641 3632//3632 3628//3628
f 3628//3628 3633//3633 3641//3641
f 3409//3409 3398//3398 3391//3391
f 3391//3391 3400//3400 3409//3409
f 3447//3447 3435//3435 3398//3398
f 3398//3398 3409//3409 3447//3447
f 3477//3477 3473//3473 3435//3435
f 3435//3435 3447//3447 3477//3477
f 3506//3506 3500//3500 3473//3473
f 3473//3473 3477//3477 3506//3506
f 3540//3540 3531//3531 3500//3500
f 3500//3500 3506//3506 3540//3540
f 3567//3567 3562//3562 3531//3531
f 3531//3531 3540//3540 3567//3567
f 3601//3601 3595//3595 3562//3562
f 3562//3562 3567//3567 3601//3601
f 3624//3624 3617//3617 3595//3595
f 3595//3595 3601//3601 3624//3624
f 3639//3639 3633//3633 3617//3617
f 3617//3617 3624//3624 3639//3639
f 3644//3644 3641//3641 3633//3633
f 3633//3633 3639//3639 3644//3644
f 3433//3433 3409//3409 3400//3400
f 3400//3400 3411//3411 3433//3433
f 3453//3453 3447//3447 3409//3409
f 3409//3409 3433//3433 3453//3453
f 3483//3483 3477//3477 3447//3447
f 3447//3447 3453//3453 3483//3483
f 3510//3510 3506//3506 3477//3477
f 3477//3477 3483//3483 3510//3510
f 3543//3543 3540//3540 3506//3506
f 3506//3506 3510//3510 3543//3543
f 3569//3569 3567//3567 3540//3540
f 3540//3540 3543//3543 3569//3569
f 3599//3599 3601//3601 3567//3567
f 3567//3567 3569//3569 3599//3599
f 3622//3622 3624//3624 3601//3601
f 3601//3601 3599//3599 3622//3622
f 3637//3637 3639//3639 3624//3624
f 3624//3624 3622//3622 3637//3637
f 3642//3642 3644//3644 3639//3639
f 3639//3639 3637//3637 3642//3642
f 3439//3439 3433//3433 3411//3411
f 3411//3411 3424//3424 3439//3439
f 3458//3458 3453//3453 3433//3433
f 3433//3433 3439//3439 3458//3458
f 3487//3487 3483//3483 3453//3453
f 3453//3453 3458//3458 3487//3487
f 3513//3513 3510//3510 3483//3483
f 3483//3483 3487//3487 3513//3513
f 3542//3542 3543//3543 3510//3510
f 3510//3510 3513//3513 3542//3542
f 3566//3566 3569//3569 3543//3543
f 3543//3543 3542//3542 3566//3566
f 3593//3593 3599//3599 3569//3569
f 3569//3569 3566//3566 3593//3593
f 3616//3616 3622//3622 3599//3599
f 3599//3599 3593//3593 3616//3616
f 3630//3630 3637//3637 3622//3622
f 3622//3622 3616//3616 3630//3630
f 3636//3636 3642//3642 3637//3637
f 3637//3637 3630//3630 3636//3636
f 3441//3441 3439//3439 3424//3424
f 3424//3424 3429//3429 3441//3441
f 3459//3459 3458//3458 3439//3439
f 3439//3439 3441//3441 3459//3459
f 3485//3485 3487//3487 3458//3458
f 3458//3458 3459//3459 3485//3485
f 3508//3508 3513//3513 3487//3487
f 3487//3487 3485//3485 3508//3508
f 3533//3533 3542//3542 3513//3513
f 3513//3513 3508//3508 3533//3533
f 3558//3558 3566//3566 3542//3542
f 3542//3542 3533//3533 3558//3558
f 3582//3582 3593//3593 3566//3566
f 3566//3566 3558//3558 3582//3582
f 3607//3607 3616//3616 3593//3593
f 3593//3593 3582//3582 3607//3607
f 3620//3620 3630//3630 3616//3616
f 3616//3616 3607//3607 3620//3620
f 3626//3626 3636//3636 3630//3630
f 3630//3630 3620//3620 3626//3626
f 3437//3437 3441//3441 3429//3429
f 3429//3429 3427//3427 3437//3437
f 3455//3455 3459//3459 3441//3441
f 3441//3441 3437//3437 3455//3455
f 3479//3479 3485//3485 3459//3459
f 3459//3459 3455//3455 3479//3479
f 3502//3502 3508//3508 3485//3485
f 3485//3485 3479//3479 3502//3502
f 3526//3526 3533//3533 3508//3508
f 3508//3508 3502//3502 3526//3526
f 3547//3547 3558//3558 3533//3533
f 3533//3533 3526//3526 3547//3547
f 3571//3571 3582//3582 3558//3558
f 3558//3558 3547//3547 3571//3571
f 3588//3588 3607//3607 3582//3582
f 3582//3582 3571//3571 3588//3588
f 3605//3605 3620//3620 3607//3607
f 3607//3607 3588//3588 3605//3605
f 3609//3609 3626//3626 3620//3620
f 3620//3620 3605//3605 3609//3609
f 3419//3419 3437//3437 3427//3427
f 3427//3427 3408//3408 3419//3419
f 3445//3445 3455//3455 3437//3437
f 3437//3437 3419//3419 3445//3445
f 3470//3470 3479//3479 3455//3455
f 3455//3455 3445//3445 3470//3470
f 3492//3492 3502//3502 3479//3479
f 3479//3479 3470//3470 3492//3492
f 3517//3517 3526//3526 3502//3502
f 3502//3502 3492//3492 3517//3517
f 3536//3536 3547//3547 3526//3526
f 3526//3526 3517//3517 3536//3536
f 3554//3554 3571//3571 3547//3547
f 3547//3547 3536//3536 3554//3554
f 3575//3575 3588//3588 3571//3571
f 3571//3571 3554//3554 3575//3575
f 3580//3580 3605//3605 3588//3588
f 3588//3588 3575//3575 3580//3580
f 3587//3587 3609//3609 3605//3605
f 3605//3605 3580//3580 3587//3587
f 3401//3401 3419//3419 3408//3408
f 3408//3408 3397//3397 3401//3401
f 3431//3431 3445//3445 3419//3419
f 3419//3419 3401//3401 3431//3431
f 3451//3451 3470//3470 3445//3445
f 3445//3445 3431//3431 3451//3451
f 3475//3475 3492//3492 3470//3470
f 3470//3470 3451//3451 3475//3475
f 3497//3497 3517//3517 3492//3492
f 3492//3492 3475//3475 3497//3497
f 3518//3518 3536//3536 3517//3517
f 3517//3517 3497//3497 3518//3518
f 3537//3537 3554//3554 3536//3536
f 3536//3536 3518//3518 3537//3537
f 3549//3549 3575//3575 3554//3554
f 3554//3554 3537//3537 3549//3549
f 3560//3560 3580//3580 3575//3575
f 3575//3575 3549//3549 3560//3560
f 3564//3564 3587//3587 3580//3580
f 3580//3580 3560//3560 3564//3564
f 3614//3614 3591//3591 3603//3603
f 3603//3603 3619//3619 3614//3614
f 3598//3598 3578//3578 3591//3591
f 3591//3591 3614//3614 3598//3598
f 3574//3574 3552//3552 3578//3578
f 3578//3578 3598//3598 3574//3574
f 3546//3546 3530//3530 3552//3552
f 3552//3552 3574//3574 3546//3546
f 3515//3515 3499//3499 3530//3530
f 3530//3530 3546//3546 3515//3515
f 3482//3482 3467//3467 3499//3499
f 3499//3499 3515//3515 3482//3482
f 3444//3444 3418//3418 3467//3467
f 3467//3467 3482//3482 3444//3444
f 3396//3396 3384//3384 3418//3418
f 3418//3418 3444//3444 3396//3396
f 3375//3375 3366//3366 3384//3384
f 3384//3384 3396//3396 3375//3375
f 3371//3371 3358//3358 3366//3366
f 3366//3366 3375//3375 3371//3371
f 3629//3629 3614//3614 3619//3619
f 3619//3619 3632//3632 3629//3629
f 3612//3612 3598//3598 3614//3614
f 3614//3614 3629//3629 3612//3612
f 3585//3585 3574//3574 3598//3598
f 3598//3598 3612//3612 3585//3585
f 3557//3557 3546//3546 3574//3574
f 3574//3574 3585//3585 3557//3557
f 3525//3525 3515//3515 3546//3546
f 3546//3546 3557//3557 3525//3525
f 3494//3494 3482//3482 3515//3515
f 3515//3515 3525//3525 3494//3494
f 3462//3462 3444//3444 3482//3482
f 3482//3482 3494//3494 3462//3462
f 3414//3414 3396//3396 3444//3444
f 3444//3444 3462//3462 3414//3414
f 3388//3388 3375//3375 3396//3396
f 3396//3396 3414//3414 3388//3388
f 3380//3380 3371//3371 3375//3375
f 3375//3375 3388//3388 3380//3380
f 3634//3634 3629//3629 3632//3632
f 3632//3632 3641//3641 3634//3634
f 3618//3618 3612//3612 3629//3629
f 3629//3629 3634//3634 3618//3618
f 3596//3596 3585//3585 3612//3612
f 3612//3612 3618//3618 3596//3596
f 3563//3563 3557//3557 3585//3585
f 3585//3585 3596//3596 3563//3563
f 3532//3532 3525//3525 3557//3557
f 3557//3557 3563//3563 3532//3532
f 3501//3501 3494//3494 3525//3525
f 3525//3525 3532//3532 3501//3501
f 3474//3474 3462//3462 3494//3494
f 3494//3494 3501//3501 3474//3474
f 3436//3436 3414//3414 3462//3462
f 3462//3462 3474//3474 3436//3436
f 3399//3399 3388//3388 3414//3414
f 3414//3414 3436//3436 3399//3399
f 3392//3392 3380//3380 3388//3388
f 3388//3388 3399//3399 3392//3392
f 3640//3640 3634//3634 3641//3641
f 3641//3641 3644//3644 3640//3640
f 3625//3625 3618//3618 3634//3634
f 3634//3634 3640//3640 3625//3625
f 3602//3602 3596//3596 3618//3618
f 3618//3618 3625//3625 3602//3602
f 3568//3568 3563//3563 3596//3596
f 3596//3596 3602//3602 3568//3568
f 3539//3539 3532//3532 3563//3563
f 3563//3563 3568//3568 3539//3539
f 3507//3507 3501//3501 3532//3532
f 3532//3532 3539//3539 3507//3507
f 3478//3478 3474//3474 3501//3501
f 3501//3501 3507//3507 3478//3478
f 3448//3448 3436//3436 3474//3474
f 3474//3474 3478//3478 3448//3448
f 3410//3410 3399//3399 3436//3436
f 3436//3436 3448//3448 3410//3410
f 3400//3400 3392//3392 3399//3399
f 3399//3399 3410//3410 3400//3400
f 3638//3638 3640//3640 3644//3644
f 3644//3644 3643//3643 3638//3638
f 3623//3623 3625//3625 3640//3640
f 3640//3640 3638//3638 3623//3623
f 3600//3600 3602//3602 3625//3625
f 3625//3625 3623//3623 3600//3600
f 3570//3570 3568//3568 3602//3602
f 3602//3602 3600//3600 3570//3570
f 3544//3544 3539//3539 3568//3568
f 3568//3568 3570//3570 3544//3544
f 3511//3511 3507//3507 3539//3539
f 3539//3539 3544//3544 3511//3511
f 3484//3484 3478//3478 3507//3507
f 3507//3507 3511//3511 3484//3484
f 3454//3454 3448//3448 3478//3478
f 3478//3478 3484//3484 3454//3454
f 3434//3434 3410//3410 3448//3448
f 3448//3448 3454//3454 3434//3434
f 3412//3412 3400//3400 3410//3410
f 3410//3410 3434//3434 3412//3412
f 3631//3631 3638//3638 3643//3643
f 3643//3643 3635//3635 3631//3631
f 3615//3615 3623//3623 3638//3638
f 3638//3638 3631//3631 3615//3615
f 3594//3594 3600//3600 3623//3623
f 3623//3623 3615//3615 3594//3594
f 3565//3565 3570//3570 3600//3600
f 3600//3600 3594//3594 3565//3565
f 3541//3541 3544//3544 3570//3570
f 3570//3570 3565//3565 3541//3541
f 3512//3512 3511//3511 3544//3544
f 3544//3544 3541//3541 3512//3512
f 3488//3488 3484//3484 3511//3511
f 3511//3511 3512//3512 3488//3488
f 3457//3457 3454//3454 3484//3484
f 3484//3484 3488//3488 3457//3457
f 3440//3440 3434//3434 3454//3454
f 3454//3454 3457//3457 3440//3440
f 3423//3423 3412//3412 3434//3434
f 3434//3434 3440//3440 3423//3423
f 3621//3621 3631//3631 3635//3635
f 3635//3635 3627//3627 3621//3621
f 3608//3608 3615//3615 3631//3631
f 3631//3631 3621//3621 3608//3608
f 3583//3583 3594//3594 3615//3615
f 3615//3615 3608//3608 3583//3583
f 3559//3559 3565//3565 3594//3594
f 3594//3594 3583//3583 3559//3559
f 3534//3534 3541//3541 3565//3565
f 3565//3565 3559//3559 3534//3534
f 3509//3509 3512//3512 3541//3541
f 3541//3541 3534//3534 3509//3509
f 3486//3486 3488//3488 3512//3512
f 3512//3512 3509//3509 3486//3486
f 3460//3460 3457//3457 3488//3488
f 3488//3488 3486//3486 3460//3460
f 3442//3442 3440//3440 3457//3457
f 3457//3457 3460//3460 3442//3442
f 3430//3430 3423//3423 3440//3440
f 3440//3440 3442//3442 3430//3430
f 3606//3606 3621//3621 3627//3627
f 3627//3627 3610//3610 3606//3606
f 3589//3589 3608//3608 3621//3621
f 3621//3621 3606//3606 3589//3589
f 3572//3572 3583//3583 3608//3608
f 3608//3608 3589//3589 3572//3572
f 3548//3548 3559//3559 3583//3583
f 3583//3583 3572//3572 3548//3548
f 3527//3527 3534//3534 3559//3559
f 3559//3559 3548//3548 3527//3527
f 3503//3503 3509//3509 3534//3534
f 3534//3534 3527//3527 3503//3503
f 3480//3480 3486//3486 3509//3509
f 3509//3509 3503//3503 3480//3480
f 3456//3456 3460//3460 3486//3486
f 3486//3486 3480//3480 3456//3456
f 3438//3438 3442//3442 3460//3460
f 3460//3460 3456//3456 3438//3438
f 3428//3428 3430//3430 3442//3442
f 3442//3442 3438//3438 3428//3428
f 3581//3581 3606//3606 3610//3610
f 3610//3610 3586//3586 3581//3581
f 3576//3576 3589//3589 3606//3606
f 3606//3606 3581//3581 3576//3576
f 3555//3555 3572//3572 3589//3589
f 3589//3589 3576//3576 3555//3555
f 3535//3535 3548//3548 3572//3572
f 3572//3572 3555//3555 3535//3535
f 3516//3516 3527//3527 3548//3548
f 3548//3548 3535//3535 3516//3516
f 3491//3491 3503//3503 3527//3527
f 3527//3527 3516//3516 3491//3491
f 3471//3471 3480//3480 3503//3503
f 3503//3503 3491//3491 3471//3471
f 3446//3446 3456//3456 3480//3480
f 3480//3480 3471//3471 3446//3446
f 3420//3420 3438//3438 3456//3456
f 3456//3456 3446//3446 3420//3420
f 3407//3407 3428//3428 3438//3438
f 3438//3438 3420//3420 3407//3407
f 3561//3561 3581//3581 3586//3586
f 3586//3586 3564//3564 3561//3561
f 3550//3550 3576//3576 3581//3581
f 3581//3581 3561//3561 3550//3550
f 3538//3538 3555//3555 3576//3576
f 3576//3576 3550//3550 3538//3538
f 3519//3519 3535//3535 3555//3555
f 3555//3555 3538//3538 3519//3519
f 3498//3498 3516//3516 3535//3535
f 3535//3535 3519//3519 3498//3498
f 3476//3476 3491//3491 3516//3516
f 3516//3516 3498//3498 3476//3476
f 3452//3452 3471//3471 3491//3491
f 3491//3491 3476//3476 3452//3452
f 3432//3432 3446//3446 3471//3471
f 3471//3471 3452//3452 3432//3432
f 3402//3402 3420//3420 3446//3446
f 3446//3446 3432//3432 3402//3402
f 3397//3397 3407//3407 3420//3420
f 3420//3420 3402//3402 3397//3397
f 1888//1888 2110//2110 2104//2104
f 1888//1888 2104//2104 2096//2096
f 1888//1888 2096//2096 2076//2076
f 1888//1888 2076//2076 2048//2048
f 1888//1888 2048//2048 2030//2030
f 1888//1888 2030//2030 2006//2006
f 1888//1888 2006//2006 1982//1982
f 1888//1888 1982//1982 1960//1960
f 1888//1888 1960//1960 1936//1936
f 1888//1888 1936//1936 1732//1732
f 2257//2257 2104//2104 2110//2110
f 2110//2110 2261//2261 2257//2257
f 2249//2249 2096//2096 2104//2104
f 2104//2104 2257//2257 2249//2249
f 2226//2226 2076//2076 2096//2096
f 2096//2096 2249//2249 2226//2226
f 2200//2200 2048//2048 2076//2076
f 2076//2076 2226//2226 2200//2200
f 2142//2142 2030//2030 2048//2048
f 2048//2048 2200//2200 2142//2142
f 2094//2094 2006//2006 2030//2030
f 2030//2030 2142//2142 2094//2094
f 2036//2036 1982//1982 2006//2006
f 2006//2006 2094//2094 2036//2036
f 1988//1988 1960//1960 1982//1982
f 1982//1982 2036//2036 1988//1988
f 1948//1948 1936//1936 1960//1960
f 1960//1960 1988//1988 1948//1948
f 1728//1728 1732//1732 1936//1936
f 1936//1936 1948//1948 1728//1728
f 2310//2310 2257//2257 2261//2261
f 2261//2261 2315//2315 2310//2310
f 2300//2300 2249//2249 2257//2257
f 2257//2257 2310//2310 2300//2300
f 2279//2279 2226//2226 2249//2249
f 2249//2249 2300//2300 2279//2279
f 2243//2243 2200//2200 2226//2226
f 2226//2226 2279//2279 2243//2243
f 2204//2204 2142//2142 2200//2200
f 2200//2200 2243//2243 2204//2204
f 2132//2132 2094//2094 2142//2142
f 2142//2142 2204//2204 2132//2132
f 2067//2067 2036//2036 2094//2094
f 2094//2094 2132//2132 2067//2067
f 2000//2000 1988//1988 2036//2036
f 2036//2036 2067//2067 2000//2000
f 1956//1956 1948//1948 1988//1988
f 1988//1988 2000//2000 1956//1956
f 1734//1734 1728//1728 1948//1948
f 1948//1948 1956//1956 1734//1734
f 2312//2312 2310//2310 2315//2315
f 2315//2315 2316//2316 2312//2312
f 2302//2302 2300//2300 2310//2310
f 2310//2310 2312//2312 2302//2302
f 2281//2281 2279//2279 2300//2300
f 2300//2300 2302//2302 2281//2281
f 2245//2245 2243//2243 2279//2279
f 2279//2279 2281//2281 2245//2245
f 2206//2206 2204//2204 2243//2243
f 2243//2243 2245//2245 2206//2206
f 2134//2134 2132//2132 2204//2204
f 2204//2204 2206//2206 2134//2134
f 2068//2068 2067//2067 2132//2132
f 2132//2132 2134//2134 2068//2068
f 2002//2002 2000//2000 2067//2067
f 2067//2067 2068//2068 2002//2002
f 1958//1958 1956//1956 2000//2000
f 2000//2000 2002//2002 1958//1958
f 1878//1878 1734//1734 1956//1956
f 1956//1956 1958//1958 1878//1878
f 2285//2285 2312//2312 2316//2316
f 2316//2316 2289//2289 2285//2285
f 2259//2259 2302//2302 2312//2312
f 2312//2312 2285//2285 2259//2259
f 2241//2241 2281//2281 2302//2302
f 2302//2302 2259//2259 2241//2241
f 2214//2214 2245//2245 2281//2281
f 2281//2281 2241//2241 2214//2214
f 2168//2168 2206//2206 2245//2245
f 2245//2245 2214//2214 2168//2168
f 2106//2106 2134//2134 2206//2206
f 2206//2206 2168//2168 2106//2106
f 2042//2042 2068//2068 2134//2134
f 2134//2134 2106//2106 2042//2042
f 1994//1994 2002//2002 2068//2068
f 2068//2068 2042//2042 1994//1994
f 1952//1952 1958//1958 2002//2002
f 2002//2002 1994//1994 1952//1952
f 1731//1731 1878//1878 1958//1958
f 1958//1958 1952//1952 1731//1731
f 2220//2220 2285//2285 2289//2289
f 2289//2289 2225//2225 2220//2220
f 2210//2210 2259//2259 2285//2285
f 2285//2285 2220//2220 2210//2210
f 2186//2186 2241//2241 2259//2259
f 2259//2259 2210//2210 2186//2186
f 2146//2146 2214//2214 2241//2241
f 2241//2241 2186//2186 2146//2146
f 2108//2108 2168//2168 2214//2214
f 2214//2214 2146//2146 2108//2108
f 2060//2060 2106//2106 2168//2168
f 2168//2168 2108//2108 2060//2060
f 2018//2018 2042//2042 2106//2106
f 2106//2106 2060//2060 2018//2018
f 1978//1978 1994//1994 2042//2042
f 2042//2042 2018//2018 1978//1978
f 1944//1944 1952//1952 1994//1994
f 1994//1994 1978//1978 1944//1944
f 1727//1727 1731//1731 1952//1952
f 1952//1952 1944//1944 1727//1727
f 2141//2141 2220//2220 2225//2225
f 2225//2225 2145//2145 2141//2141
f 2127//2127 2210//2210 2220//2220
f 2220//2220 2141//2141 2127//2127
f 2112//2112 2186//2186 2210//2210
f 2210//2210 2127//2127 2112//2112
f 2084//2084 2146//2146 2186//2186
f 2186//2186 2112//2112 2084//2084
f 2044//2044 2108//2108 2146//2146
f 2146//2146 2084//2084 2044//2044
f 2024//2024 2060//2060 2108//2108
f 2108//2108 2044//2044 2024//2024
f 1992//1992 2018//2018 2060//2060
f 2060//2060 2024//2024 1992//1992
f 1970//1970 1978//1978 2018//2018
f 2018//2018 1992//1992 1970//1970
f 1942//1942 1944//1944 1978//1978
f 1978//1978 1970//1970 1942//1942
f 1721//1721 1727//1727 1944//1944
f 1944//1944 1942//1942 1721//1721
f 2079//2079 2141//2141 2145//2145
f 2145//2145 2087//2087 2079//2079
f 2075//2075 2127//2127 2141//2141
f 2141//2141 2079//2079 2075//2075
f 2055//2055 2112//2112 2127//2127
f 2127//2127 2075//2075 2055//2055
f 2039//2039 2084//2084 2112//2112
f 2112//2112 2055//2055 2039//2039
f 2021//2021 2044//2044 2084//2084
f 2084//2084 2039//2039 2021//2021
f 1996//1996 2024//2024 2044//2044
f 2044//2044 2021//2021 1996//1996
f 1974//1974 1992//1992 2024//2024
f 2024//2024 1996//1996 1974//1974
f 1954//1954 1970//1970 1992//1992
f 1992//1992 1974//1974 1954//1954
f 1934//1934 1942//1942 1970//1970
f 1970//1970 1954//1954 1934//1934
f 1720//1720 1721//1721 1942//1942
f 1942//1942 1934//1934 1720//1720
f 2063//2063 2079//2079 2087//2087
f 2087//2087 2071//2071 2063//2063
f 2051//2051 2075//2075 2079//2079
f 2079//2079 2063//2063 2051//2051
f 2041//2041 2055//2055 2075//2075
f 2075//2075 2051//2051 2041//2041
f 2029//2029 2039//2039 2055//2055
f 2055//2055 2041//2041 2029//2029
f 2013//2013 2021//2021 2039//2039
f 2039//2039 2029//2029 2013//2013
f 1991//1991 1996//1996 2021//2021
f 2021//2021 2013//2013 1991//1991
f 1972//1972 1974//1974 1996//1996
f 1996//1996 1991//1991 1972//1972
f 1950//1950 1954//1954 1974//1974
f 1974//1974 1972//1972 1950//1950
f 1932//1932 1934//1934 1954//1954
f 1954//1954 1950//1950 1932//1932
f 1701//1701 1720//1720 1934//1934
f 1934//1934 1932//1932 1701//1701
f 2115//2115 2063//2063 2071//2071
f 2071//2071 2123//2123 2115//2115
f 2101//2101 2051//2051 2063//2063
f 2063//2063 2115//2115 2101//2101
f 2081//2081 2041//2041 2051//2051
f 2051//2051 2101//2101 2081//2081
f 2057//2057 2029//2029 2041//2041
f 2041//2041 2081//2081 2057//2057
f 2033//2033 2013//2013 2029//2029
f 2029//2029 2057//2057 2033//2033
f 2009//2009 1991//1991 2013//2013
f 2013//2013 2033//2033 2009//2009
f 1984//1984 1972//1972 1991//1991
f 1991//1991 2009//2009 1984//1984
f 1964//1964 1950//1950 1972//1972
f 1972//1972 1984//1984 1964//1964
f 1938//1938 1932//1932 1950//1950
f 1950//1950 1964//1964 1938//1938
f 1698//1698 1701//1701 1932//1932
f 1932//1932 1938//1938 1698//1698
f 1888//1888 1886//1886 1686//1686
f 1888//1888 1686//1686 1662//1662
f 1888//1888 1662//1662 1640//1640
f 1888//1888 1640//1640 1616//1616
f 1888//1888 1616//1616 1592//1592
f 1888//1888 1592//1592 1574//1574
f 1888//1888 1574//1574 1546//1546
f 1888//1888 1546//1546 1526//1526
f 1888//1888 1526//1526 1518//1518
f 1888//1888 1518//1518 1512//1512
f 1674//1674 1686//1686 1886//1886
f 1886//1886 1884//1884 1674//1674
f 1634//1634 1662//1662 1686//1686
f 1686//1686 1674//1674 1634//1634
f 1586//1586 1640//1640 1662//1662
f 1662//1662 1634//1634 1586//1586
f 1528//1528 1616//1616 1640//1640
f 1640//1640 1586//1586 1528//1528
f 1480//1480 1592//1592 1616//1616
f 1616//1616 1528//1528 1480//1480
f 1422//1422 1574//1574 1592//1592
f 1592//1592 1480//1480 1422//1422
f 1396//1396 1546//1546 1574//1574
f 1574//1574 1422//1422 1396//1396
f 1373//1373 1526//1526 1546//1546
f 1546//1546 1396//1396 1373//1373
f 1365//1365 1518//1518 1526//1526
f 1526//1526 1373//1373 1365//1365
f 1361//1361 1512//1512 1518//1518
f 1518//1518 1365//1365 1361//1361
f 1666//1666 1674//1674 1884//1884
f 1884//1884 1882//1882 1666//1666
f 1622//1622 1634//1634 1674//1674
f 1674//1674 1666//1666 1622//1622
f 1557//1557 1586//1586 1634//1634
f 1634//1634 1622//1622 1557//1557
f 1490//1490 1528//1528 1586//1586
f 1586//1586 1557//1557 1490//1490
f 1418//1418 1480//1480 1528//1528
f 1528//1528 1490//1490 1418//1418
f 1379//1379 1422//1422 1480//1480
f 1480//1480 1418//1418 1379//1379
f 1343//1343 1396//1396 1422//1422
f 1422//1422 1379//1379 1343//1343
f 1322//1322 1373//1373 1396//1396
f 1396//1396 1343//1343 1322//1322
f 1312//1312 1365//1365 1373//1373
f 1373//1373 1322//1322 1312//1312
f 1309//1309 1361//1361 1365//1365
f 1365//1365 1312//1312 1309//1309
f 1664//1664 1666//1666 1882//1882
f 1882//1882 1879//1879 1664//1664
f 1620//1620 1622//1622 1666//1666
f 1666//1666 1664//1664 1620//1620
f 1554//1554 1557//1557 1622//1622
f 1622//1622 1620//1620 1554//1554
f 1488//1488 1490//1490 1557//1557
f 1557//1557 1554//1554 1488//1488
f 1416//1416 1418//1418 1490//1490
f 1490//1490 1488//1488 1416//1416
f 1377//1377 1379//1379 1418//1418
f 1418//1418 1416//1416 1377//1377
f 1341//1341 1343//1343 1379//1379
f 1379//1379 1377//1377 1341//1341
f 1320//1320 1322//1322 1343//1343
f 1343//1343 1341//1341 1320//1320
f 1310//1310 1312//1312 1322//1322
f 1322//1322 1320//1320 1310//1310
f 1306//1306 1309//1309 1312//1312
f 1312//1312 1310//1310 1306//1306
f 1670//1670 1664//1664 1879//1879
f 1879//1879 1876//1876 1670//1670
f 1628//1628 1620//1620 1664//1664
f 1664//1664 1670//1670 1628//1628
f 1580//1580 1554//1554 1620//1620
f 1620//1620 1628//1628 1580//1580
f 1516//1516 1488//1488 1554//1554
f 1554//1554 1580//1580 1516//1516
f 1454//1454 1416//1416 1488//1488
f 1488//1488 1516//1516 1454//1454
f 1408//1408 1377//1377 1416//1416
f 1416//1416 1454//1454 1408//1408
f 1381//1381 1341//1341 1377//1377
f 1377//1377 1408//1408 1381//1381
f 1363//1363 1320//1320 1341//1341
f 1341//1341 1381//1381 1363//1363
f 1337//1337 1310//1310 1320//1320
f 1320//1320 1363//1363 1337//1337
f 1333//1333 1306//1306 1310//1310
f 1310//1310 1337//1337 1333//1333
f 1678//1678 1670//1670 1876//1876
f 1876//1876 1874//1874 1678//1678
f 1644//1644 1628//1628 1670//1670
f 1670//1670 1678//1678 1644//1644
f 1604//1604 1580//1580 1628//1628
f 1628//1628 1644//1644 1604//1604
f 1562//1562 1516//1516 1580//1580
f 1580//1580 1604//1604 1562//1562
f 1514//1514 1454//1454 1516//1516
f 1516//1516 1562//1562 1514//1514
f 1476//1476 1408//1408 1454//1454
f 1454//1454 1514//1514 1476//1476
f 1436//1436 1381//1381 1408//1408
f 1408//1408 1476//1476 1436//1436
f 1412//1412 1363//1363 1381//1381
f 1381//1381 1436//1436 1412//1412
f 1402//1402 1337//1337 1363//1363
f 1363//1363 1412//1412 1402//1402
f 1399//1399 1333//1333 1337//1337
f 1337//1337 1402//1402 1399//1399
f 1680//1680 1678//1678 1874//1874
f 1874//1874 1872//1872 1680//1680
f 1652//1652 1644//1644 1678//1678
f 1678//1678 1680//1680 1652//1652
f 1630//1630 1604//1604 1644//1644
f 1644//1644 1652//1652 1630//1630
f 1598//1598 1562//1562 1604//1604
f 1604//1604 1630//1630 1598//1598
f 1578//1578 1514//1514 1562//1562
f 1562//1562 1598//1598 1578//1578
f 1538//1538 1476//1476 1514//1514
f 1514//1514 1578//1578 1538//1538
f 1510//1510 1436//1436 1476//1476
f 1476//1476 1538//1538 1510//1510
f 1497//1497 1412//1412 1436//1436
f 1436//1436 1510//1510 1497//1497
f 1483//1483 1402//1402 1412//1412
f 1412//1412 1497//1497 1483//1483
f 1479//1479 1399//1399 1402//1402
f 1402//1402 1483//1483 1479//1479
f 1688//1688 1680//1680 1872//1872
f 1872//1872 1870//1870 1688//1688
f 1668//1668 1652//1652 1680//1680
f 1680//1680 1688//1688 1668//1668
f 1648//1648 1630//1630 1652//1652
f 1652//1652 1668//1668 1648//1648
f 1626//1626 1598//1598 1630//1630
f 1630//1630 1648//1648 1626//1626
f 1603//1603 1578//1578 1598//1598
f 1598//1598 1626//1626 1603//1603
f 1585//1585 1538//1538 1578//1578
f 1578//1578 1603//1603 1585//1585
f 1569//1569 1510//1510 1538//1538
f 1538//1538 1585//1585 1569//1569
f 1549//1549 1497//1497 1510//1510
f 1510//1510 1569//1569 1549//1549
f 1545//1545 1483//1483 1497//1497
f 1497//1497 1549//1549 1545//1545
f 1537//1537 1479//1479 1483//1483
f 1483//1483 1545//1545 1537//1537
f 1690//1690 1688//1688 1870//1870
f 1870//1870 1868//1868 1690//1690
f 1672//1672 1668//1668 1688//1688
f 1688//1688 1690//1690 1672//1672
f 1650//1650 1648//1648 1668//1668
f 1668//1668 1672//1672 1650//1650
f 1633//1633 1626//1626 1648//1648
f 1648//1648 1650//1650 1633//1633
f 1611//1611 1603//1603 1626//1626
f 1626//1626 1633//1633 1611//1611
f 1595//1595 1585//1585 1603//1603
f 1603//1603 1611//1611 1595//1595
f 1583//1583 1569//1569 1585//1585
f 1585//1585 1595//1595 1583//1583
f 1573//1573 1549//1549 1569//1569
f 1569//1569 1583//1583 1573//1573
f 1561//1561 1545//1545 1549//1549
f 1549//1549 1573//1573 1561//1561
f 1553//1553 1537//1537 1545//1545
f 1545//1545 1561//1561 1553//1553
f 1684//1684 1690//1690 1868//1868
f 1868//1868 1865//1865 1684//1684
f 1658//1658 1672//1672 1690//1690
f 1690//1690 1684//1684 1658//1658
f 1638//1638 1650//1650 1672//1672
f 1672//1672 1658//1658 1638//1638
f 1615//1615 1633//1633 1650//1650
f 1650//1650 1638//1638 1615//1615
f 1591//1591 1611//1611 1633//1633
f 1633//1633 1615//1615 1591//1591
f 1567//1567 1595//1595 1611//1611
f 1611//1611 1591//1591 1567//1567
f 1543//1543 1583//1583 1595//1595
f 1595//1595 1567//1567 1543//1543
f 1523//1523 1573//1573 1583//1583
f 1583//1583 1543//1543 1523//1523
f 1509//1509 1561//1561 1573//1573
f 1573//1573 1523//1523 1509//1509
f 1501//1501 1553//1553 1561//1561
f 1561//1561 1509//1509 1501//1501
f 1888//1888 1513//1513 1519//1519
f 1888//1888 1519//1519 1527//1527
f 1888//1888 1527//1527 1547//1547
f 1888//1888 1547//1547 1575//1575
f 1888//1888 1575//1575 1593//1593
f 1888//1888 1593//1593 1617//1617
f 1888//1888 1617//1617 1641//1641
f 1888//1888 1641//1641 1663//1663
f 1888//1888 1663//1663 1687//1687
f 1888//1888 1687//1687 1894//1894
f 1366//1366 1519//1519 1513//1513
f 1513//1513 1362//1362 1366//1366
f 1374//1374 1527//1527 1519//1519
f 1519//1519 1366//1366 1374//1374
f 1397//1397 1547//1547 1527//1527
f 1527//1527 1374//1374 1397//1397
f 1423//1423 1575//1575 1547//1547
f 1547//1547 1397//1397 1423//1423
f 1481//1481 1593//1593 1575//1575
f 1575//1575 1423//1423 1481//1481
f 1529//1529 1617//1617 1593//1593
f 1593//1593 1481//1481 1529//1529
f 1587//1587 1641//1641 1617//1617
f 1617//1617 1529//1529 1587//1587
f 1635//1635 1663//1663 1641//1641
f 1641//1641 1587//1587 1635//1635
f 1675//1675 1687//1687 1663//1663
f 1663//1663 1635//1635 1675//1675
f 1895//1895 1894//1894 1687//1687
f 1687//1687 1675//1675 1895//1895
f 1313//1313 1366//1366 1362//1362
f 1362//1362 1308//1308 1313//1313
f 1323//1323 1374//1374 1366//1366
f 1366//1366 1313//1313 1323//1323
f 1344//1344 1397//1397 1374//1374
f 1374//1374 1323//1323 1344//1344
f 1380//1380 1423//1423 1397//1397
f 1397//1397 1344//1344 1380//1380
f 1419//1419 1481//1481 1423//1423
f 1423//1423 1380//1380 1419//1419
f 1491//1491 1529//1529 1481//1481
f 1481//1481 1419//1419 1491//1491
f 1556//1556 1587//1587 1529//1529
f 1529//1529 1491//1491 1556//1556
f 1623//1623 1635//1635 1587//1587
f 1587//1587 1556//1556 1623//1623
f 1667//1667 1675//1675 1635//1635
f 1635//1635 1623//1623 1667//1667
f 1890//1890 1895//1895 1675//1675
f 1675//1675 1667//1667 1890//1890
f 1311//1311 1313//1313 1308//1308
f 1308//1308 1307//1307 1311//1311
f 1321//1321 1323//1323 1313//1313
f 1313//1313 1311//1311 1321//1321
f 1342//1342 1344//1344 1323//1323
f 1323//1323 1321//1321 1342//1342
f 1378//1378 1380//1380 1344//1344
f 1344//1344 1342//1342 1378//1378
f 1417//1417 1419//1419 1380//1380
f 1380//1380 1378//1378 1417//1417
f 1489//1489 1491//1491 1419//1419
f 1419//1419 1417//1417 1489//1489
f 1555//1555 1556//1556 1491//1491
f 1491//1491 1489//1489 1555//1555
f 1621//1621 1623//1623 1556//1556
f 1556//1556 1555//1555 1621//1621
f 1665//1665 1667//1667 1623//1623
f 1623//1623 1621//1621 1665//1665
f 1881//1881 1890//1890 1667//1667
f 1667//1667 1665//1665 1881//1881
f 1338//1338 1311//1311 1307//1307
f 1307//1307 1334//1334 1338//1338
f 1364//1364 1321//1321 1311//1311
f 1311//1311 1338//1338 1364//1364
f 1382//1382 1342//1342 1321//1321
f 1321//1321 1364//1364 1382//1382
f 1409//1409 1378//1378 1342//1342
f 1342//1342 1382//1382 1409//1409
f 1455//1455 1417//1417 1378//1378
f 1378//1378 1409//1409 1455//1455
f 1517//1517 1489//1489 1417//1417
f 1417//1417 1455//1455 1517//1517
f 1581//1581 1555//1555 1489//1489
f 1489//1489 1517//1517 1581//1581
f 1629//1629 1621//1621 1555//1555
f 1555//1555 1581//1581 1629//1629
f 1671//1671 1665//1665 1621//1621
f 1621//1621 1629//1629 1671//1671
f 1893//1893 1881//1881 1665//1665
f 1665//1665 1671//1671 1893//1893
f 1403//1403 1338//1338 1334//1334
f 1334//1334 1398//1398 1403//1403
f 1413//1413 1364//1364 1338//1338
f 1338//1338 1403//1403 1413//1413
f 1437//1437 1382//1382 1364//1364
f 1364//1364 1413//1413 1437//1437
f 1477//1477 1409//1409 1382//1382
f 1382//1382 1437//1437 1477//1477
f 1515//1515 1455//1455 1409//1409
f 1409//1409 1477//1477 1515//1515
f 1563//1563 1517//1517 1455//1455
f 1455//1455 1515//1515 1563//1563
f 1605//1605 1581//1581 1517//1517
f 1517//1517 1563//1563 1605//1605
f 1645//1645 1629//1629 1581//1581
f 1581//1581 1605//1605 1645//1645
f 1679//1679 1671//1671 1629//1629
f 1629//1629 1645//1645 1679//1679
f 1900//1900 1893//1893 1671//1671
f 1671//1671 1679//1679 1900//1900
f 1482//1482 1403//1403 1398//1398
f 1398//1398 1478//1478 1482//1482
f 1496//1496 1413//1413 1403//1403
f 1403//1403 1482//1482 1496//1496
f 1511//1511 1437//1437 1413//1413
f 1413//1413 1496//1496 1511//1511
f 1539//1539 1477//1477 1437//1437
f 1437//1437 1511//1511 1539//1539
f 1579//1579 1515//1515 1477//1477
f 1477//1477 1539//1539 1579//1579
f 1599//1599 1563//1563 1515//1515
f 1515//1515 1579//1579 1599//1599
f 1631//1631 1605//1605 1563//1563
f 1563//1563 1599//1599 1631//1631
f 1653//1653 1645//1645 1605//1605
f 1605//1605 1631//1631 1653//1653
f 1681//1681 1679//1679 1645//1645
f 1645//1645 1653//1653 1681//1681
f 1902//1902 1900//1900 1679//1679
f 1679//1679 1681//1681 1902//1902
f 1544//1544 1482//1482 1478//1478
f 1478//1478 1536//1536 1544//1544
f 1548//1548 1496//1496 1482//1482
f 1482//1482 1544//1544 1548//1548
f 1568//1568 1511//1511 1496//1496
f 1496//1496 1548//1548 1568//1568
f 1584//1584 1539//1539 1511//1511
f 1511//1511 1568//1568 1584//1584
f 1602//1602 1579//1579 1539//1539
f 1539//1539 1584//1584 1602//1602
f 1627//1627 1599//1599 1579//1579
f 1579//1579 1602//1602 1627//1627
f 1649//1649 1631//1631 1599//1599
f 1599//1599 1627//1627 1649//1649
f 1669//1669 1653//1653 1631//1631
f 1631//1631 1649//1649 1669//1669
f 1689//1689 1681//1681 1653//1653
f 1653//1653 1669//1669 1689//1689
f 1921//1921 1902//1902 1681//1681
f 1681//1681 1689//1689 1921//1921
f 1560//1560 1544//1544 1536//1536
f 1536//1536 1552//1552 1560//1560
f 1572//1572 1548//1548 1544//1544
f 1544//1544 1560//1560 1572//1572
f 1582//1582 1568//1568 1548//1548
f 1548//1548 1572//1572 1582//1582
f 1594//1594 1584//1584 1568//1568
f 1568//1568 1582//1582 1594//1594
f 1610//1610 1602//1602 1584//1584
f 1584//1584 1594//1594 1610//1610
f 1632//1632 1627//1627 1602//1602
f 1602//1602 1610//1610 1632//1632
f 1651//1651 1649//1649 1627//1627
f 1627//1627 1632//1632 1651//1651
f 1673//1673 1669//1669 1649//1649
f 1649//1649 1651//1651 1673//1673
f 1691//1691 1689//1689 1669//1669
f 1669//1669 1673//1673 1691//1691
f 1922//1922 1921//1921 1689//1689
f 1689//1689 1691//1691 1922//1922
f 1508//1508 1560//1560 1552//1552
f 1552//1552 1500//1500 1508//1508
f 1522//1522 1572//1572 1560//1560
f 1560//1560 1508//1508 1522//1522
f 1542//1542 1582//1582 1572//1572
f 1572//1572 1522//1522 1542//1542
f 1566//1566 1594//1594 1582//1582
f 1582//1582 1542//1542 1566//1566
f 1590//1590 1610//1610 1594//1594
f 1594//1594 1566//1566 1590//1590
f 1614//1614 1632//1632 1610//1610
f 1610//1610 1590//1590 1614//1614
f 1639//1639 1651//1651 1632//1632
f 1632//1632 1614//1614 1639//1639
f 1659//1659 1673//1673 1651//1651
f 1651//1651 1639//1639 1659//1659
f 1685//1685 1691//1691 1673//1673
f 1673//1673 1659//1659 1685//1685
f 1928//1928 1922//1922 1691//1691
f 1691//1691 1685//1685 1928//1928
f 1888//1888 1887//1887 1937//1937
f 1888//1888 1937//1937 1961//1961
f 1888//1888 1961//1961 1983//1983
f 1888//1888 1983//1983 2007//2007
f 1888//1888 2007//2007 2031//2031
f 1888//1888 2031//2031 2049//2049
f 1888//1888 2049//2049 2077//2077
f 1888//1888 2077//2077 2097//2097
f 1888//1888 2097//2097 2105//2105
f 1888//1888 2105//2105 2111//2111
f 1949//1949 1937//1937 1887//1887
f 1887//1887 1885//1885 1949//1949
f 1989//1989 1961//1961 1937//1937
f 1937//1937 1949//1949 1989//1989
f 2037//2037 1983//1983 1961//1961
f 1961//1961 1989//1989 2037//2037
f 2095//2095 2007//2007 1983//1983
f 1983//1983 2037//2037 2095//2095
f 2143//2143 2031//2031 2007//2007
f 2007//2007 2095//2095 2143//2143
f 2201//2201 2049//2049 2031//2031
f 2031//2031 2143//2143 2201//2201
f 2227//2227 2077//2077 2049//2049
f 2049//2049 2201//2201 2227//2227
f 2250//2250 2097//2097 2077//2077
f 2077//2077 2227//2227 2250//2250
f 2258//2258 2105//2105 2097//2097
f 2097//2097 2250//2250 2258//2258
f 2262//2262 2111//2111 2105//2105
f 2105//2105 2258//2258 2262//2262
f 1957//1957 1949//1949 1885//1885
f 1885//1885 1883//1883 1957//1957
f 2001//2001 1989//1989 1949//1949
f 1949//1949 1957//1957 2001//2001
f 2066//2066 2037//2037 1989//1989
f 1989//1989 2001//2001 2066//2066
f 2133//2133 2095//2095 2037//2037
f 2037//2037 2066//2066 2133//2133
f 2205//2205 2143//2143 2095//2095
f 2095//2095 2133//2133 2205//2205
f 2244//2244 2201//2201 2143//2143
f 2143//2143 2205//2205 2244//2244
f 2280//2280 2227//2227 2201//2201
f 2201//2201 2244//2244 2280//2280
f 2301//2301 2250//2250 2227//2227
f 2227//2227 2280//2280 2301//2301
f 2311//2311 2258//2258 2250//2250
f 2250//2250 2301//2301 2311//2311
f 2314//2314 2262//2262 2258//2258
f 2258//2258 2311//2311 2314//2314
f 1959//1959 1957//1957 1883//1883
f 1883//1883 1880//1880 1959//1959
f 2003//2003 2001//2001 1957//1957
f 1957//1957 1959//1959 2003//2003
f 2069//2069 2066//2066 2001//2001
f 2001//2001 2003//2003 2069//2069
f 2135//2135 2133//2133 2066//2066
f 2066//2066 2069//2069 2135//2135
f 2207//2207 2205//2205 2133//2133
f 2133//2133 2135//2135 2207//2207
f 2246//2246 2244//2244 2205//2205
f 2205//2205 2207//2207 2246//2246
f 2282//2282 2280//2280 2244//2244
f 2244//2244 2246//2246 2282//2282
f 2303//2303 2301//2301 2280//2280
f 2280//2280 2282//2282 2303//2303
f 2313//2313 2311//2311 2301//2301
f 2301//2301 2303//2303 2313//2313
f 2317//2317 2314//2314 2311//2311
f 2311//2311 2313//2313 2317//2317
f 1953//1953 1959//1959 1880//1880
f 1880//1880 1877//1877 1953//1953
f 1995//1995 2003//2003 1959//1959
f 1959//1959 1953//1953 1995//1995
f 2043//2043 2069//2069 2003//2003
f 2003//2003 1995//1995 2043//2043
f 2107//2107 2135//2135 2069//2069
f 2069//2069 2043//2043 2107//2107
f 2169//2169 2207//2207 2135//2135
f 2135//2135 2107//2107 2169//2169
f 2215//2215 2246//2246 2207//2207
f 2207//2207 2169//2169 2215//2215
f 2242//2242 2282//2282 2246//2246
f 2246//2246 2215//2215 2242//2242
f 2260//2260 2303//2303 2282//2282
f 2282//2282 2242//2242 2260//2260
f 2286//2286 2313//2313 2303//2303
f 2303//2303 2260//2260 2286//2286
f 2290//2290 2317//2317 2313//2313
f 2313//2313 2286//2286 2290//2290
f 1945//1945 1953//1953 1877//1877
f 1877//1877 1875//1875 1945//1945
f 1979//1979 1995//1995 1953//1953
f 1953//1953 1945//1945 1979//1979
f 2019//2019 2043//2043 1995//1995
f 1995//1995 1979//1979 2019//2019
f 2061//2061 2107//2107 2043//2043
f 2043//2043 2019//2019 2061//2061
f 2109//2109 2169//2169 2107//2107
f 2107//2107 2061//2061 2109//2109
f 2147//2147 2215//2215 2169//2169
f 2169//2169 2109//2109 2147//2147
f 2187//2187 2242//2242 2215//2215
f 2215//2215 2147//2147 2187//2187
f 2211//2211 2260//2260 2242//2242
f 2242//2242 2187//2187 2211//2211
f 2221//2221 2286//2286 2260//2260
f 2260//2260 2211//2211 2221//2221
f 2224//2224 2290//2290 2286//2286
f 2286//2286 2221//2221 2224//2224
f 1943//1943 1945//1945 1875//1875
f 1875//1875 1873//1873 1943//1943
f 1971//1971 1979//1979 1945//1945
f 1945//1945 1943//1943 1971//1971
f 1993//1993 2019//2019 1979//1979
f 1979//1979 1971//1971 1993//1993
f 2025//2025 2061//2061 2019//2019
f 2019//2019 1993//1993 2025//2025
f 2045//2045 2109//2109 2061//2061
f 2061//2061 2025//2025 2045//2045
f 2085//2085 2147//2147 2109//2109
f 2109//2109 2045//2045 2085//2085
f 2113//2113 2187//2187 2147//2147
f 2147//2147 2085//2085 2113//2113
f 2126//2126 2211//2211 2187//2187
f 2187//2187 2113//2113 2126//2126
f 2140//2140 2221//2221 2211//2211
f 2211//2211 2126//2126 2140//2140
f 2144//2144 2224//2224 2221//2221
f 2221//2221 2140//2140 2144//2144
f 1935//1935 1943//1943 1873//1873
f 1873//1873 1871//1871 1935//1935
f 1955//1955 1971//1971 1943//1943
f 1943//1943 1935//1935 1955//1955
f 1975//1975 1993//1993 1971//1971
f 1971//1971 1955//1955 1975//1975
f 1997//1997 2025//2025 1993//1993
f 1993//1993 1975//1975 1997//1997
f 2020//2020 2045//2045 2025//2025
f 2025//2025 1997//1997 2020//2020
f 2038//2038 2085//2085 2045//2045
f 2045//2045 2020//2020 2038//2038
f 2054//2054 2113//2113 2085//2085
f 2085//2085 2038//2038 2054//2054
f 2074//2074 2126//2126 2113//2113
f 2113//2113 2054//2054 2074//2074
f 2078//2078 2140//2140 2126//2126
f 2126//2126 2074//2074 2078//2078
f 2086//2086 2144//2144 2140//2140
f 2140//2140 2078//2078 2086//2086
f 1933//1933 1935//1935 1871//1871
f 1871//1871 1869//1869 1933//1933
f 1951//1951 1955//1955 1935//1935
f 1935//1935 1933//1933 1951//1951
f 1973//1973 1975//1975 1955//1955
f 1955//1955 1951//1951 1973//1973
f 1990//1990 1997//1997 1975//1975
f 1975//1975 1973//1973 1990//1990
f 2012//2012 2020//2020 1997//1997
f 1997//1997 1990//1990 2012//2012
f 2028//2028 2038//2038 2020//2020
f 2020//2020 2012//2012 2028//2028
f 2040//2040 2054//2054 2038//2038
f 2038//2038 2028//2028 2040//2040
f 2050//2050 2074//2074 2054//2054
f 2054//2054 2040//2040 2050//2050
f 2062//2062 2078//2078 2074//2074
f 2074//2074 2050//2050 2062//2062
f 2070//2070 2086//2086 2078//2078
f 2078//2078 2062//2062 2070//2070
f 1939//1939 1933//1933 1869//1869
f 1869//1869 1866//1866 1939//1939
f 1965//1965 1951//1951 1933//1933
f 1933//1933 1939//1939 1965//1965
f 1985//1985 1973//1973 1951//1951
f 1951//1951 1965//1965 1985//1985
f 2008//2008 1990//1990 1973//1973
f 1973//1973 1985//1985 2008//2008
f 2032//2032 2012//2012 1990//1990
f 1990//1990 2008//2008 2032//2032
f 2056//2056 2028//2028 2012//2012
f 2012//2012 2032//2032 2056//2056
f 2080//2080 2040//2040 2028//2028
f 2028//2028 2056//2056 2080//2080
f 2100//2100 2050//2050 2040//2040
f 2040//2040 2080//2080 2100//2100
f 2114//2114 2062//2062 2050//2050
f 2050//2050 2100//2100 2114//2114
f 2122//2122 2070//2070 2062//2062
f 2062//2062 2114//2114 2122//2122
f 2232//2232 2116//2116 2124//2124
f 2124//2124 2236//2236 2232//2232
f 2218//2218 2102//2102 2116//2116
f 2116//2116 2232//2232 2218//2218
f 2199//2199 2082//2082 2102//2102
f 2102//2102 2218//2218 2199//2199
f 2150//2150 2058//2058 2082//2082
f 2082//2082 2199//2199 2150//2150
f 2120//2120 2034//2034 2058//2058
f 2058//2058 2150//2150 2120//2120
f 2064//2064 2010//2010 2034//2034
f 2034//2034 2120//2120 2064//2064
f 2023//2023 1986//1986 2010//2010
f 2010//2010 2064//2064 2023//2023
f 1980//1980 1966//1966 1986//1986
f 1986//1986 2023//2023 1980//1980
f 1946//1946 1940//1940 1966//1966
f 1966//1966 1980//1980 1946//1946
f 1862//1862 1730//1730 1940//1940
f 1940//1940 1946//1946 1862//1862
f 2332//2332 2232//2232 2236//2236
f 2236//2236 2336//2336 2332//2332
f 2322//2322 2218//2218 2232//2232
f 2232//2232 2332//2332 2322//2322
f 2306//2306 2199//2199 2218//2218
f 2218//2218 2322//2322 2306//2306
f 2275//2275 2150//2150 2199//2199
f 2199//2199 2306//2306 2275//2275
f 2234//2234 2120//2120 2150//2150
f 2150//2150 2275//2275 2234//2234
f 2170//2170 2064//2064 2120//2120
f 2120//2120 2234//2234 2170//2170
f 2093//2093 2023//2023 2064//2064
f 2064//2064 2170//2170 2093//2093
f 2016//2016 1980//1980 2023//2023
f 2023//2023 2093//2093 2016//2016
f 1968//1968 1946//1946 1980//1980
f 1980//1980 2016//2016 1968//1968
f 1858//1858 1862//1862 1946//1946
f 1946//1946 1968//1968 1858//1858
f 2409//2409 2332//2332 2336//2336
f 2336//2336 2413//2413 2409//2409
f 2400//2400 2322//2322 2332//2332
f 2332//2332 2409//2409 2400//2400
f 2376//2376 2306//2306 2322//2322
f 2322//2322 2400//2400 2376//2376
f 2349//2349 2275//2275 2306//2306
f 2306//2306 2376//2376 2349//2349
f 2324//2324 2234//2234 2275//2275
f 2275//2275 2349//2349 2324//2324
f 2271//2271 2170//2170 2234//2234
f 2234//2234 2324//2324 2271//2271
f 2185//2185 2093//2093 2170//2170
f 2170//2170 2271//2271 2185//2185
f 2072//2072 2016//2016 2093//2093
f 2093//2093 2185//2185 2072//2072
f 1976//1976 1968//1968 2016//2016
f 2016//2016 2072//2072 1976//1976
f 1729//1729 1858//1858 1968//1968
f 1968//1968 1976//1976 1729//1729
f 2488//2488 2409//2409 2413//2413
f 2413//2413 2498//2498 2488//2488
f 2470//2470 2400//2400 2409//2409
f 2409//2409 2488//2488 2470//2470
f 2444//2444 2376//2376 2400//2400
f 2400//2400 2470//2470 2444//2444
f 2418//2418 2349//2349 2376//2376
f 2376//2376 2444//2444 2418//2418
f 2384//2384 2324//2324 2349//2349
f 2349//2349 2418//2418 2384//2384
f 2338//2338 2271//2271 2324//2324
f 2324//2324 2384//2384 2338//2338
f 2269//2269 2185//2185 2271//2271
f 2271//2271 2338//2338 2269//2269
f 2138//2138 2072//2072 2185//2185
f 2185//2185 2269//2269 2138//2138
f 1998//1998 1976//1976 2072//2072
f 2072//2072 2138//2138 1998//1998
f 1722//1722 1729//1729 1976//1976
f 1976//1976 1998//1998 1722//1722
f 2559//2559 2488//2488 2498//2498
f 2498//2498 2569//2569 2559//2559
f 2549//2549 2470//2470 2488//2488
f 2488//2488 2559//2559 2549//2549
f 2531//2531 2444//2444 2470//2470
f 2470//2470 2549//2549 2531//2531
f 2492//2492 2418//2418 2444//2444
f 2444//2444 2531//2531 2492//2492
f 2436//2436 2384//2384 2418//2418
f 2418//2418 2492//2492 2436//2436
f 2394//2394 2338//2338 2384//2384
f 2384//2384 2436//2436 2394//2394
f 2326//2326 2269//2269 2338//2338
f 2338//2338 2394//2394 2326//2326
f 2212//2212 2138//2138 2269//2269
f 2269//2269 2326//2326 2212//2212
f 2026//2026 1998//1998 2138//2138
f 2138//2138 2212//2212 2026//2026
f 1850//1850 1722//1722 1998//1998
f 1998//1998 2026//2026 1850//1850
f 2653//2653 2559//2559 2569//2569
f 2569//2569 2655//2655 2653//2653
f 2631//2631 2549//2549 2559//2559
f 2559//2559 2653//2653 2631//2631
f 2593//2593 2531//2531 2549//2549
f 2549//2549 2631//2631 2593//2593
f 2551//2551 2492//2492 2531//2531
f 2531//2531 2593//2593 2551//2551
f 2510//2510 2436//2436 2492//2492
f 2492//2492 2551//2551 2510//2510
f 2432//2432 2394//2394 2436//2436
f 2436//2436 2510//2510 2432//2432
f 2366//2366 2326//2326 2394//2394
f 2394//2394 2432//2432 2366//2366
f 2263//2263 2212//2212 2326//2326
f 2326//2326 2366//2366 2263//2263
f 2052//2052 2026//2026 2212//2212
f 2212//2212 2263//2263 2052//2052
f 1726//1726 1850//1850 2026//2026
f 2026//2026 2052//2052 1726//1726
f 2720//2720 2653//2653 2655//2655
f 2655//2655 2726//2726 2720//2720
f 2697//2697 2631//2631 2653//2653
f 2653//2653 2720//2720 2697//2697
f 2662//2662 2593//2593 2631//2631
f 2631//2631 2697//2697 2662//2662
f 2607//2607 2551//2551 2593//2593
f 2593//2593 2662//2662 2607//2607
f 2547//2547 2510//2510 2551//2551
f 2551//2551 2607//2607 2547//2547
f 2484//2484 2432//2432 2510//2510
f 2510//2510 2547//2547 2484//2484
f 2405//2405 2366//2366 2432//2432
f 2432//2432 2484//2484 2405//2405
f 2308//2308 2263//2263 2366//2366
f 2366//2366 2405//2405 2308//2308
f 2090//2090 2052//2052 2263//2263
f 2263//2263 2308//2308 2090//2090
f 1719//1719 1726//1726 2052//2052
f 2052//2052 2090//2090 1719//1719
f 2787//2787 2720//2720 2726//2726
f 2726//2726 2795//2795 2787//2787
f 2759//2759 2697//2697 2720//2720
f 2720//2720 2787//2787 2759//2759
f 2713//2713 2662//2662 2697//2697
f 2697//2697 2759//2759 2713//2713
f 2657//2657 2607//2607 2662//2662
f 2662//2662 2713//2713 2657//2657
f 2589//2589 2547//2547 2607//2607
f 2607//2607 2657//2657 2589//2589
f 2525//2525 2484//2484 2547//2547
f 2547//2547 2589//2589 2525//2525
f 2422//2422 2405//2405 2484//2484
f 2484//2484 2525//2525 2422//2422
f 2330//2330 2308//2308 2405//2405
f 2405//2405 2422//2422 2330//2330
f 2118//2118 2090//2090 2308//2308
f 2308//2308 2330//2330 2118//2118
f 1700//1700 1719//1719 2090//2090
f 2090//2090 2118//2118 1700//1700
f 2834//2834 2787//2787 2795//2795
f 2795//2795 2844//2844 2834//2834
f 2798//2798 2759//2759 2787//2787
f 2787//2787 2834//2834 2798//2798
f 2750//2750 2713//2713 2759//2759
f 2759//2759 2798//2798 2750//2750
f 2690//2690 2657//2657 2713//2713
f 2713//2713 2750//2750 2690//2690
f 2624//2624 2589//2589 2657//2657
f 2657//2657 2690//2690 2624//2624
f 2536//2536 2525//2525 2589//2589
f 2589//2589 2624//2624 2536//2536
f 2441//2441 2422//2422 2525//2525
f 2525//2525 2536//2536 2441//2441
f 2340//2340 2330//2330 2422//2422
f 2422//2422 2441//2441 2340//2340
f 2128//2128 2118//2118 2330//2330
f 2330//2330 2340//2340 2128//2128
f 1825//1825 1700//1700 2118//2118
f 2118//2118 2128//2128 1825//1825
f 2847//2847 2834//2834 2844//2844
f 2844//2844 2857//2857 2847//2847
f 2821//2821 2798//2798 2834//2834
f 2834//2834 2847//2847 2821//2821
f 2765//2765 2750//2750 2798//2798
f 2798//2798 2821//2821 2765//2765
f 2703//2703 2690//2690 2750//2750
f 2750//2750 2765//2765 2703//2703
f 2637//2637 2624//2624 2690//2690
f 2690//2690 2703//2703 2637//2637
f 2543//2543 2536//2536 2624//2624
f 2624//2624 2637//2637 2543//2543
f 2446//2446 2441//2441 2536//2536
f 2536//2536 2543//2543 2446//2446
f 2344//2344 2340//2340 2441//2441
f 2441//2441 2446//2446 2344//2344
f 2136//2136 2128//2128 2340//2340
f 2340//2340 2344//2344 2136//2136
f 1713//1713 1825//1825 2128//2128
f 2128//2128 2136//2136 1713//1713
f 1676//1676 1682//1682 1864//1864
f 1864//1864 1862//1862 1676//1676
f 1642//1642 1656//1656 1682//1682
f 1682//1682 1676//1676 1642//1642
f 1601//1601 1636//1636 1656//1656
f 1656//1656 1642//1642 1601//1601
f 1558//1558 1612//1612 1636//1636
f 1636//1636 1601//1601 1558//1558
f 1502//1502 1588//1588 1612//1612
f 1612//1612 1558//1558 1502//1502
f 1472//1472 1564//1564 1588//1588
f 1588//1588 1502//1502 1472//1472
f 1425//1425 1540//1540 1564//1564
f 1564//1564 1472//1472 1425//1425
f 1404//1404 1520//1520 1540//1540
f 1540//1540 1425//1425 1404//1404
f 1390//1390 1506//1506 1520//1520
f 1520//1520 1404//1404 1390//1390
f 1387//1387 1498//1498 1506//1506
f 1506//1506 1390//1390 1387//1387
f 1654//1654 1676//1676 1862//1862
f 1862//1862 1859//1859 1654//1654
f 1606//1606 1642//1642 1676//1676
f 1676//1676 1654//1654 1606//1606
f 1531//1531 1601//1601 1642//1642
f 1642//1642 1606//1606 1531//1531
f 1452//1452 1558//1558 1601//1601
f 1601//1601 1531//1531 1452//1452
f 1388//1388 1502//1502 1558//1558
f 1558//1558 1452//1452 1388//1388
f 1347//1347 1472//1472 1502//1502
f 1502//1502 1388//1388 1347//1347
f 1316//1316 1425//1425 1472//1472
f 1472//1472 1347//1347 1316//1316
f 1300//1300 1404//1404 1425//1425
f 1425//1425 1316//1316 1300//1300
f 1290//1290 1390//1390 1404//1404
f 1404//1404 1300//1300 1290//1290
f 1286//1286 1387//1387 1390//1390
f 1390//1390 1290//1290 1286//1286
f 1646//1646 1654//1654 1859//1859
f 1859//1859 1856//1856 1646//1646
f 1550//1550 1606//1606 1654//1654
f 1654//1654 1646//1646 1550//1550
f 1439//1439 1531//1531 1606//1606
f 1606//1606 1550//1550 1439//1439
f 1351//1351 1452//1452 1531//1531
f 1531//1531 1439//1439 1351//1351
f 1298//1298 1388//1388 1452//1452
f 1452//1452 1351//1351 1298//1298
f 1275//1275 1347//1347 1388//1388
f 1388//1388 1298//1298 1275//1275
f 1246//1246 1316//1316 1347//1347
f 1347//1347 1275//1275 1246//1246
f 1222//1222 1300//1300 1316//1316
f 1316//1316 1246//1246 1222//1222
f 1215//1215 1290//1290 1300//1300
f 1300//1300 1222//1222 1215//1215
f 1211//1211 1286//1286 1290//1290
f 1290//1290 1215//1215 1211//1211
f 1624//1624 1646//1646 1856//1856
f 1856//1856 1854//1854 1624//1624
f 1484//1484 1550//1550 1646//1646
f 1646//1646 1624//1624 1484//1484
f 1353//1353 1439//1439 1550//1550
f 1550//1550 1484//1484 1353//1353
f 1284//1284 1351//1351 1439//1439
f 1439//1439 1353//1353 1284//1284
f 1238//1238 1298//1298 1351//1351
f 1351//1351 1284//1284 1238//1238
f 1204//1204 1275//1275 1298//1298
f 1298//1298 1238//1238 1204//1204
f 1178//1178 1246//1246 1275//1275
f 1275//1275 1204//1204 1178//1178
f 1152//1152 1222//1222 1246//1246
f 1246//1246 1178//1178 1152//1152
f 1134//1134 1215//1215 1222//1222
f 1222//1222 1152//1152 1134//1134
f 1124//1124 1211//1211 1215//1215
f 1215//1215 1134//1134 1124//1124
f 1596//1596 1624//1624 1854//1854
f 1854//1854 1851//1851 1596//1596
f 1410//1410 1484//1484 1624//1624
f 1624//1624 1596//1596 1410//1410
f 1296//1296 1353//1353 1484//1484
f 1484//1484 1410//1410 1296//1296
f 1228//1228 1284//1284 1353//1353
f 1353//1353 1296//1296 1228//1228
f 1186//1186 1238//1238 1284//1284
f 1284//1284 1228//1228 1186//1186
f 1130//1130 1204//1204 1238//1238
f 1238//1238 1186//1186 1130//1130
f 1091//1091 1178//1178 1204//1204
f 1204//1204 1130//1130 1091//1091
f 1073//1073 1152//1152 1178//1178
f 1178//1178 1091//1091 1073//1073
f 1063//1063 1134//1134 1152//1152
f 1152//1152 1073//1073 1063//1063
f 1053//1053 1124//1124 1134//1134
f 1134//1134 1063//1063 1053//1053
f 1570//1570 1596//1596 1851//1851
f 1851//1851 1848//1848 1570//1570
f 1359//1359 1410//1410 1596//1596
f 1596//1596 1570//1570 1359//1359
f 1256//1256 1296//1296 1410//1410
f 1410//1410 1359//1359 1256//1256
f 1190//1190 1228//1228 1296//1296
f 1296//1296 1256//1256 1190//1190
f 1112//1112 1186//1186 1228//1228
f 1228//1228 1190//1190 1112//1112
f 1071//1071 1130//1130 1186//1186
f 1186//1186 1112//1112 1071//1071
f 1029//1029 1091//1091 1130//1130
f 1130//1130 1071//1071 1029//1029
f 991//991 1073//1073 1091//1091
f 1091//1091 1029//1029 991//991
f 969//969 1063//1063 1073//1073
f 1073//1073 991//991 969//969
f 967//967 1053//1053 1063//1063
f 1063//1063 969//969 967//967
f 1532//1532 1570//1570 1848//1848
f 1848//1848 1846//1846 1532//1532
f 1314//1314 1359//1359 1570//1570
f 1570//1570 1532//1532 1314//1314
f 1219//1219 1256//1256 1359//1359
f 1359//1359 1314//1314 1219//1219
f 1138//1138 1190//1190 1256//1256
f 1256//1256 1219//1219 1138//1138
f 1075//1075 1112//1112 1190//1190
f 1190//1190 1138//1138 1075//1075
f 1015//1015 1071//1071 1112//1112
f 1112//1112 1075//1075 1015//1015
f 962//962 1029//1029 1071//1071
f 1071//1071 1015//1015 962//962
f 925//925 991//991 1029//1029
f 1029//1029 962//962 925//925
f 904//904 969//969 991//991
f 991//991 925//925 904//904
f 898//898 967//967 969//969
f 969//969 904//904 898//898
f 1504//1504 1532//1532 1846//1846
f 1846//1846 1832//1832 1504//1504
f 1292//1292 1314//1314 1532//1532
f 1532//1532 1504//1504 1292//1292
f 1200//1200 1219//1219 1314//1314
f 1314//1314 1292//1292 1200//1200
f 1097//1097 1138//1138 1219//1219
f 1219//1219 1200//1200 1097//1097
f 1033//1033 1075//1075 1138//1138
f 1138//1138 1097//1097 1033//1033
f 965//965 1015//1015 1075//1075
f 1075//1075 1033//1033 965//965
f 909//909 962//962 1015//1015
f 1015//1015 965//965 909//909
f 863//863 925//925 962//962
f 962//962 909//909 863//863
f 835//835 904//904 925//925
f 925//925 863//863 835//835
f 827//827 898//898 904//904
f 904//904 835//835 827//827
f 1494//1494 1504//1504 1832//1832
f 1832//1832 1824//1824 1494//1494
f 1282//1282 1292//1292 1504//1504
f 1504//1504 1494//1494 1282//1282
f 1183//1183 1200//1200 1292//1292
f 1292//1292 1282//1282 1183//1183
f 1088//1088 1097//1097 1200//1200
f 1200//1200 1183//1183 1088//1088
f 1000//1000 1033//1033 1097//1097
f 1097//1097 1088//1088 1000//1000
f 934//934 965//965 1033//1033
f 1033//1033 1000//1000 934//934
f 874//874 909//909 965//965
f 965//965 934//934 874//874
f 826//826 863//863 909//909
f 909//909 874//874 826//826
f 790//790 835//835 863//863
f 863//863 826//826 790//790
f 780//780 827//827 835//835
f 835//835 790//790 780//780
f 1486//1486 1494//1494 1824//1824
f 1824//1824 1814//1814 1486//1486
f 1278//1278 1282//1282 1494//1494
f 1494//1494 1486//1486 1278//1278
f 1176//1176 1183//1183 1282//1282
f 1282//1282 1278//1278 1176//1176
f 1079//1079 1088//1088 1183//1183
f 1183//1183 1176//1176 1079//1079
f 985//985 1000//1000 1088//1088
f 1088//1088 1079//1079 985//985
f 919//919 934//934 1000//1000
f 1000//1000 985//985 919//919
f 857//857 874//874 934//934
f 934//934 919//919 857//857
f 801//801 826//826 874//874
f 874//874 857//857 801//801
f 775//775 790//790 826//826
f 826//826 801//801 775//775
f 765//765 780//780 790//790
f 790//790 775//775 765//765
f 1391//1391 1507//1507 1499//1499
f 1499//1499 1387//1387 1391//1391
f 1405//1405 1521//1521 1507//1507
f 1507//1507 1391//1391 1405//1405
f 1424//1424 1541//1541 1521//1521
f 1521//1521 1405//1405 1424//1424
f 1473//1473 1565//1565 1541//1541
f 1541//1541 1424//1424 1473//1473
f 1503//1503 1589//1589 1565//1565
f 1565//1565 1473//1473 1503//1503
f 1559//1559 1613//1613 1589//1589
f 1589//1589 1503//1503 1559//1559
f 1600//1600 1637//1637 1613//1613
f 1613//1613 1559//1559 1600//1600
f 1643//1643 1657//1657 1637//1637
f 1637//1637 1600//1600 1643//1643
f 1677//1677 1683//1683 1657//1657
f 1657//1657 1643//1643 1677//1677
f 1863//1863 1892//1892 1683//1683
f 1683//1683 1677//1677 1863//1863
f 1291//1291 1391//1391 1387//1387
f 1387//1387 1287//1287 1291//1291
f 1301//1301 1405//1405 1391//1391
f 1391//1391 1291//1291 1301//1301
f 1317//1317 1424//1424 1405//1405
f 1405//1405 1301//1301 1317//1317
f 1348//1348 1473//1473 1424//1424
f 1424//1424 1317//1317 1348//1348
f 1389//1389 1503//1503 1473//1473
f 1473//1473 1348//1348 1389//1389
f 1453//1453 1559//1559 1503//1503
f 1503//1503 1389//1389 1453//1453
f 1530//1530 1600//1600 1559//1559
f 1559//1559 1453//1453 1530//1530
f 1607//1607 1643//1643 1600//1600
f 1600//1600 1530//1530 1607//1607
f 1655//1655 1677//1677 1643//1643
f 1643//1643 1607//1607 1655//1655
f 1861//1861 1863//1863 1677//1677
f 1677//1677 1655//1655 1861//1861
f 1214//1214 1291//1291 1287//1287
f 1287//1287 1210//1210 1214//1214
f 1223//1223 1301//1301 1291//1291
f 1291//1291 1214//1214 1223//1223
f 1247//1247 1317//1317 1301//1301
f 1301//1301 1223//1223 1247//1247
f 1274//1274 1348//1348 1317//1317
f 1317//1317 1247//1247 1274//1274
f 1299//1299 1389//1389 1348//1348
f 1348//1348 1274//1274 1299//1299
f 1352//1352 1453//1453 1389//1389
f 1389//1389 1299//1299 1352//1352
f 1438//1438 1530//1530 1453//1453
f 1453//1453 1352//1352 1438//1438
f 1551//1551 1607//1607 1530//1530
f 1530//1530 1438//1438 1551//1551
f 1647//1647 1655//1655 1607//1607
f 1607//1607 1551//1551 1647//1647
f 1891//1891 1861//1861 1655//1655
f 1655//1655 1647//1647 1891//1891
f 1135//1135 1214//1214 1210//1210
f 1210//1210 1125//1125 1135//1135
f 1153//1153 1223//1223 1214//1214
f 1214//1214 1135//1135 1153//1153
f 1179//1179 1247//1247 1223//1223
f 1223//1223 1153//1153 1179//1179
f 1205//1205 1274//1274 1247//1247
f 1247//1247 1179//1179 1205//1205
f 1239//1239 1299//1299 1274//1274
f 1274//1274 1205//1205 1239//1239
f 1285//1285 1352//1352 1299//1299
f 1299//1299 1239//1239 1285//1285
f 1354//1354 1438//1438 1352//1352
f 1352//1352 1285//1285 1354//1354
f 1485//1485 1551//1551 1438//1438
f 1438//1438 1354//1354 1485//1485
f 1625//1625 1647//1647 1551//1551
f 1551//1551 1485//1485 1625//1625
f 1901//1901 1891//1891 1647//1647
f 1647//1647 1625//1625 1901//1901
f 1064//1064 1135//1135 1125//1125
f 1125//1125 1054//1054 1064//1064
f 1074//1074 1153//1153 1135//1135
f 1135//1135 1064//1064 1074//1074
f 1092//1092 1179//1179 1153//1153
f 1153//1153 1074//1074 1092//1092
f 1131//1131 1205//1205 1179//1179
f 1179//1179 1092//1092 1131//1131
f 1187//1187 1239//1239 1205//1205
f 1205//1205 1131//1131 1187//1187
f 1229//1229 1285//1285 1239//1239
f 1239//1239 1187//1187 1229//1229
f 1297//1297 1354//1354 1285//1285
f 1285//1285 1229//1229 1297//1297
f 1411//1411 1485//1485 1354//1354
f 1354//1354 1297//1297 1411//1411
f 1597//1597 1625//1625 1485//1485
f 1485//1485 1411//1411 1597//1597
f 1853//1853 1901//1901 1625//1625
f 1625//1625 1597//1597 1853//1853
f 970//970 1064//1064 1054//1054
f 1054//1054 968//968 970//970
f 992//992 1074//1074 1064//1064
f 1064//1064 970//970 992//992
f 1030//1030 1092//1092 1074//1074
f 1074//1074 992//992 1030//1030
f 1072//1072 1131//1131 1092//1092
f 1092//1092 1030//1030 1072//1072
f 1113//1113 1187//1187 1131//1131
f 1131//1131 1072//1072 1113//1113
f 1191//1191 1229//1229 1187//1187
f 1187//1187 1113//1113 1191//1191
f 1257//1257 1297//1297 1229//1229
f 1229//1229 1191//1191 1257//1257
f 1360//1360 1411//1411 1297//1297
f 1297//1297 1257//1257 1360//1360
f 1571//1571 1597//1597 1411//1411
f 1411//1411 1360//1360 1571//1571
f 1899//1899 1853//1853 1597//1597
f 1597//1597 1571//1571 1899//1899
f 903//903 970//970 968//968
f 968//968 897//897 903//903
f 926//926 992//992 970//970
f 970//970 903//903 926//926
f 961//961 1030//1030 992//992
f 992//992 926//926 961//961
f 1016//1016 1072//1072 1030//1030
f 1030//1030 961//961 1016//1016
f 1076//1076 1113//1113 1072//1072
f 1072//1072 1016//1016 1076//1076
f 1139//1139 1191//1191 1113//1113
f 1113//1113 1076//1076 1139//1139
f 1218//1218 1257//1257 1191//1191
f 1191//1191 1139//1139 1218//1218
f 1315//1315 1360//1360 1257//1257
f 1257//1257 1218//1218 1315//1315
f 1533//1533 1571//1571 1360//1360
f 1360//1360 1315//1315 1533//1533
f 1920//1920 1899//1899 1571//1571
f 1571//1571 1533//1533 1920//1920
f 836//836 903//903 897//897
f 897//897 828//828 836//836
f 864//864 926//926 903//903
f 903//903 836//836 864//864
f 910//910 961//961 926//926
f 926//926 864//864 910//910
f 966//966 1016//1016 961//961
f 961//961 910//910 966//966
f 1034//1034 1076//1076 1016//1016
f 1016//1016 966//966 1034//1034
f 1098//1098 1139//1139 1076//1076
f 1076//1076 1034//1034 1098//1098
f 1201//1201 1218//1218 1139//1139
f 1139//1139 1098//1098 1201//1201
f 1293//1293 1315//1315 1218//1218
f 1218//1218 1201//1201 1293//1293
f 1505//1505 1533//1533 1315//1315
f 1315//1315 1293//1293 1505//1505
f 1924//1924 1920//1920 1533//1533
f 1533//1533 1505//1505 1924//1924
f 789//789 836//836 828//828
f 828//828 779//779 789//789
f 825//825 864//864 836//836
f 836//836 789//789 825//825
f 873//873 910//910 864//864
f 864//864 825//825 873//873
f 933//933 966//966 910//910
f 910//910 873//873 933//933
f 999//999 1034//1034 966//966
f 966//966 933//933 999//999
f 1087//1087 1098//1098 1034//1034
f 1034//1034 999//999 1087//1087
f 1182//1182 1201//1201 1098//1098
f 1098//1098 1087//1087 1182//1182
f 1283//1283 1293//1293 1201//1201
f 1201//1201 1182//1182 1283//1283
f 1495//1495 1505//1505 1293//1293
f 1293//1293 1283//1283 1495//1495
f 1826//1826 1924//1924 1505//1505
f 1505//1505 1495//1495 1826//1826
f 776//776 789//789 779//779
f 779//779 766//766 776//776
f 802//802 825//825 789//789
f 789//789 776//776 802//802
f 858//858 873//873 825//825
f 825//825 802//802 858//858
f 920//920 933//933 873//873
f 873//873 858//858 920//920
f 986//986 999//999 933//933
f 933//933 920//920 986//986
f 1080//1080 1087//1087 999//999
f 999//999 986//986 1080//1080
f 1177//1177 1182//1182 1087//1087
f 1087//1087 1080//1080 1177//1177
f 1279//1279 1283//1283 1182//1182
f 1182//1182 1177//1177 1279//1279
f 1487//1487 1495//1495 1283//1283
f 1283//1283 1279//1279 1487//1487
f 1914//1914 1826//1826 1495//1495
f 1495//1495 1487//1487 1914//1914
f 1947//1947 1941//1941 1867//1867
f 1867//1867 1863//1863 1947//1947
f 1981//1981 1967//1967 1941//1941
f 1941//1941 1947//1947 1981//1981
f 2022//2022 1987//1987 1967//1967
f 1967//1967 1981//1981 2022//2022
f 2065//2065 2011//2011 1987//1987
f 1987//1987 2022//2022 2065//2065
f 2121//2121 2035//2035 2011//2011
f 2011//2011 2065//2065 2121//2121
f 2151//2151 2059//2059 2035//2035
f 2035//2035 2121//2121 2151//2151
f 2198//2198 2083//2083 2059//2059
f 2059//2059 2151//2151 2198//2198
f 2219//2219 2103//2103 2083//2083
f 2083//2083 2198//2198 2219//2219
f 2233//2233 2117//2117 2103//2103
f 2103//2103 2219//2219 2233//2233
f 2236//2236 2125//2125 2117//2117
f 2117//2117 2233//2233 2236//2236
f 1969//1969 1947//1947 1863//1863
f 1863//1863 1860//1860 1969//1969
f 2017//2017 1981//1981 1947//1947
f 1947//1947 1969//1969 2017//2017
f 2092//2092 2022//2022 1981//1981
f 1981//1981 2017//2017 2092//2092
f 2171//2171 2065//2065 2022//2022
f 2022//2022 2092//2092 2171//2171
f 2235//2235 2121//2121 2065//2065
f 2065//2065 2171//2171 2235//2235
f 2276//2276 2151//2151 2121//2121
f 2121//2121 2235//2235 2276//2276
f 2307//2307 2198//2198 2151//2151
f 2151//2151 2276//2276 2307//2307
f 2323//2323 2219//2219 2198//2198
f 2198//2198 2307//2307 2323//2323
f 2333//2333 2233//2233 2219//2219
f 2219//2219 2323//2323 2333//2333
f 2337//2337 2236//2236 2233//2233
f 2233//2233 2333//2333 2337//2337
f 1977//1977 1969//1969 1860//1860
f 1860//1860 1857//1857 1977//1977
f 2073//2073 2017//2017 1969//1969
f 1969//1969 1977//1977 2073//2073
f 2184//2184 2092//2092 2017//2017
f 2017//2017 2073//2073 2184//2184
f 2272//2272 2171//2171 2092//2092
f 2092//2092 2184//2184 2272//2272
f 2325//2325 2235//2235 2171//2171
f 2171//2171 2272//2272 2325//2325
f 2348//2348 2276//2276 2235//2235
f 2235//2235 2325//2325 2348//2348
f 2377//2377 2307//2307 2276//2276
f 2276//2276 2348//2348 2377//2377
f 2401//2401 2323//2323 2307//2307
f 2307//2307 2377//2377 2401//2401
f 2408//2408 2333//2333 2323//2323
f 2323//2323 2401//2401 2408//2408
f 2412//2412 2337//2337 2333//2333
f 2333//2333 2408//2408 2412//2412
f 1999//1999 1977//1977 1857//1857
f 1857//1857 1855//1855 1999//1999
f 2139//2139 2073//2073 1977//1977
f 1977//1977 1999//1999 2139//2139
f 2270//2270 2184//2184 2073//2073
f 2073//2073 2139//2139 2270//2270
f 2339//2339 2272//2272 2184//2184
f 2184//2184 2270//2270 2339//2339
f 2385//2385 2325//2325 2272//2272
f 2272//2272 2339//2339 2385//2385
f 2419//2419 2348//2348 2325//2325
f 2325//2325 2385//2385 2419//2419
f 2445//2445 2377//2377 2348//2348
f 2348//2348 2419//2419 2445//2445
f 2471//2471 2401//2401 2377//2377
f 2377//2377 2445//2445 2471//2471
f 2489//2489 2408//2408 2401//2401
f 2401//2401 2471//2471 2489//2489
f 2499//2499 2412//2412 2408//2408
f 2408//2408 2489//2489 2499//2499
f 2027//2027 1999//1999 1855//1855
f 1855//1855 1852//1852 2027//2027
f 2213//2213 2139//2139 1999//1999
f 1999//1999 2027//2027 2213//2213
f 2327//2327 2270//2270 2139//2139
f 2139//2139 2213//2213 2327//2327
f 2395//2395 2339//2339 2270//2270
f 2270//2270 2327//2327 2395//2395
f 2437//2437 2385//2385 2339//2339
f 2339//2339 2395//2395 2437//2437
f 2493//2493 2419//2419 2385//2385
f 2385//2385 2437//2437 2493//2493
f 2532//2532 2445//2445 2419//2419
f 2419//2419 2493//2493 2532//2532
f 2550//2550 2471//2471 2445//2445
f 2445//2445 2532//2532 2550//2550
f 2560//2560 2489//2489 2471//2471
f 2471//2471 2550//2550 2560//2560
f 2570//2570 2499//2499 2489//2489
f 2489//2489 2560//2560 2570//2570
f 2053//2053 2027//2027 1852//1852
f 1852//1852 1849//1849 2053//2053
f 2264//2264 2213//2213 2027//2027
f 2027//2027 2053//2053 2264//2264
f 2367//2367 2327//2327 2213//2213
f 2213//2213 2264//2264 2367//2367
f 2433//2433 2395//2395 2327//2327
f 2327//2327 2367//2367 2433//2433
f 2511//2511 2437//2437 2395//2395
f 2395//2395 2433//2433 2511//2511
f 2552//2552 2493//2493 2437//2437
f 2437//2437 2511//2511 2552//2552
f 2594//2594 2532//2532 2493//2493
f 2493//2493 2552//2552 2594//2594
f 2632//2632 2550//2550 2532//2532
f 2532//2532 2594//2594 2632//2632
f 2654//2654 2560//2560 2550//2550
f 2550//2550 2632//2632 2654//2654
f 2656//2656 2570//2570 2560//2560
f 2560//2560 2654//2654 2656//2656
f 2091//2091 2053//2053 1849//1849
f 1849//1849 1847//1847 2091//2091
f 2309//2309 2264//2264 2053//2053
f 2053//2053 2091//2091 2309//2309
f 2404//2404 2367//2367 2264//2264
f 2264//2264 2309//2309 2404//2404
f 2485//2485 2433//2433 2367//2367
f 2367//2367 2404//2404 2485//2485
f 2548//2548 2511//2511 2433//2433
f 2433//2433 2485//2485 2548//2548
f 2608//2608 2552//2552 2511//2511
f 2511//2511 2548//2548 2608//2608
f 2661//2661 2594//2594 2552//2552
f 2552//2552 2608//2608 2661//2661
f 2698//2698 2632//2632 2594//2594
f 2594//2594 2661//2661 2698//2698
f 2719//2719 2654//2654 2632//2632
f 2632//2632 2698//2698 2719//2719
f 2725//2725 2656//2656 2654//2654
f 2654//2654 2719//2719 2725//2725
f 2119//2119 2091//2091 1847//1847
f 1847//1847 1833//1833 2119//2119
f 2331//2331 2309//2309 2091//2091
f 2091//2091 2119//2119 2331//2331
f 2423//2423 2404//2404 2309//2309
f 2309//2309 2331//2331 2423//2423
f 2526//2526 2485//2485 2404//2404
f 2404//2404 2423//2423 2526//2526
f 2590//2590 2548//2548 2485//2485
f 2485//2485 2526//2526 2590//2590
f 2658//2658 2608//2608 2548//2548
f 2548//2548 2590//2590 2658//2658
f 2714//2714 2661//2661 2608//2608
f 2608//2608 2658//2658 2714//2714
f 2760//2760 2698//2698 2661//2661
f 2661//2661 2714//2714 2760//2760
f 2788//2788 2719//2719 2698//2698
f 2698//2698 2760//2760 2788//2788
f 2796//2796 2725//2725 2719//2719
f 2719//2719 2788//2788 2796//2796
f 2129//2129 2119//2119 1833//1833
f 1833//1833 1827//1827 2129//2129
f 2341//2341 2331//2331 2119//2119
f 2119//2119 2129//2129 2341//2341
f 2440//2440 2423//2423 2331//2331
f 2331//2331 2341//2341 2440//2440
f 2535//2535 2526//2526 2423//2423
f 2423//2423 2440//2440 2535//2535
f 2623//2623 2590//2590 2526//2526
f 2526//2526 2535//2535 2623//2623
f 2689//2689 2658//2658 2590//2590
f 2590//2590 2623//2623 2689//2689
f 2749//2749 2714//2714 2658//2658
f 2658//2658 2689//2689 2749//2749
f 2797//2797 2760//2760 2714//2714
f 2714//2714 2749//2749 2797//2797
f 2833//2833 2788//2788 2760//2760
f 2760//2760 2797//2797 2833//2833
f 2843//2843 2796//2796 2788//2788
f 2788//2788 2833//2833 2843//2843
f 2137//2137 2129//2129 1827//1827
f 1827//1827 1815//1815 2137//2137
f 2345//2345 2341//2341 2129//2129
f 2129//2129 2137//2137 2345//2345
f 2447//2447 2440//2440 2341//2341
f 2341//2341 2345//2345 2447//2447
f 2544//2544 2535//2535 2440//2440
f 2440//2440 2447//2447 2544//2544
f 2638//2638 2623//2623 2535//2535
f 2535//2535 2544//2544 2638//2638
f 2704//2704 2689//2689 2623//2623
f 2623//2623 2638//2638 2704//2704
f 2766//2766 2749//2749 2689//2689
f 2689//2689 2704//2704 2766//2766
f 2822//2822 2797//2797 2749//2749
f 2749//2749 2766//2766 2822//2822
f 2848//2848 2833//2833 2797//2797
f 2797//2797 2822//2822 2848//2848
f 2858//2858 2843//2843 2833//2833
f 2833//2833 2848//2848 2858//2858
f 1735//1735 2334//2334 2329//2329
f 1735//1735 2329//2329 2321//2321
f 1735//1735 2321//2321 2305//2305
f 1735//1735 2305//2305 2274//2274
f 1735//1735 2274//2274 2231//2231
f 1735//1735 2231//2231 2167//2167
f 1735//1735 2167//2167 2089//2089
f 1735//1735 2089//2089 2014//2014
f 1735//1735 2014//2014 1962//1962
f 1735//1735 1962//1962 1733//1733
f 2515//2515 2329//2329 2334//2334
f 2334//2334 2524//2524 2515//2515
f 2495//2495 2321//2321 2329//2329
f 2329//2329 2515//2515 2495//2495
f 2456//2456 2305//2305 2321//2321
f 2321//2321 2495//2495 2456//2456
f 2429//2429 2274//2274 2305//2305
f 2305//2305 2456//2456 2429//2429
f 2399//2399 2231//2231 2274//2274
f 2274//2274 2429//2429 2399//2399
f 2347//2347 2167//2167 2231//2231
f 2231//2231 2399//2399 2347//2347
f 2292//2292 2089//2089 2167//2167
f 2167//2167 2347//2347 2292//2292
f 2148//2148 2014//2014 2089//2089
f 2089//2089 2292//2292 2148//2148
f 2004//2004 1962//1962 2014//2014
f 2014//2014 2148//2148 2004//2004
f 1739//1739 1733//1733 1962//1962
f 1962//1962 2004//2004 1739//1739
f 2647//2647 2515//2515 2524//2524
f 2524//2524 2649//2649 2647//2647
f 2621//2621 2495//2495 2515//2515
f 2515//2515 2647//2647 2621//2621
f 2584//2584 2456//2456 2495//2495
f 2495//2495 2621//2621 2584//2584
f 2541//2541 2429//2429 2456//2456
f 2456//2456 2584//2584 2541//2541
f 2502//2502 2399//2399 2429//2429
f 2429//2429 2541//2541 2502//2502
f 2426//2426 2347//2347 2399//2399
f 2399//2399 2502//2502 2426//2426
f 2352//2352 2292//2292 2347//2347
f 2347//2347 2426//2426 2352//2352
f 2255//2255 2148//2148 2292//2292
f 2292//2292 2352//2352 2255//2255
f 2046//2046 2004//2004 2148//2148
f 2148//2148 2255//2255 2046//2046
f 1702//1702 1739//1739 2004//2004
f 2004//2004 2046//2046 1702//1702
f 2746//2746 2647//2647 2649//2649
f 2649//2649 2757//2757 2746//2746
f 2721//2721 2621//2621 2647//2647
f 2647//2647 2746//2746 2721//2721
f 2681//2681 2584//2584 2621//2621
f 2621//2621 2721//2721 2681//2681
f 2639//2639 2541//2541 2584//2584
f 2584//2584 2681//2681 2639//2639
f 2557//2557 2502//2502 2541//2541
f 2541//2541 2639//2639 2557//2557
f 2505//2505 2426//2426 2502//2502
f 2502//2502 2557//2557 2505//2505
f 2415//2415 2352//2352 2426//2426
f 2426//2426 2505//2505 2415//2415
f 2318//2318 2255//2255 2352//2352
f 2352//2352 2415//2415 2318//2318
f 2098//2098 2046//2046 2255//2255
f 2255//2255 2318//2318 2098//2098
f 1745//1745 1702//1702 2046//2046
f 2046//2046 2098//2098 1745//1745
f 2840//2840 2746//2746 2757//2757
f 2757//2757 2849//2849 2840//2840
f 2808//2808 2721//2721 2746//2746
f 2746//2746 2840//2840 2808//2808
f 2756//2756 2681//2681 2721//2721
f 2721//2721 2808//2808 2756//2756
f 2696//2696 2639//2639 2681//2681
f 2681//2681 2756//2756 2696//2696
f 2626//2626 2557//2557 2639//2639
f 2639//2639 2696//2696 2626//2626
f 2538//2538 2505//2505 2557//2557
f 2557//2557 2626//2626 2538//2538
f 2443//2443 2415//2415 2505//2505
f 2505//2505 2538//2538 2443//2443
f 2342//2342 2318//2318 2415//2415
f 2415//2415 2443//2443 2342//2342
f 2131//2131 2098//2098 2318//2318
f 2318//2318 2342//2342 2131//2131
f 1904//1904 1745//1745 2098//2098
f 2098//2098 2131//2131 1904//1904
f 2906//2906 2840//2840 2849//2849
f 2849//2849 2925//2925 2906//2906
f 2867//2867 2808//2808 2840//2840
f 2840//2840 2906//2906 2867//2867
f 2818//2818 2756//2756 2808//2808
f 2808//2808 2867//2867 2818//2818
f 2736//2736 2696//2696 2756//2756
f 2756//2756 2818//2818 2736//2736
f 2667//2667 2626//2626 2696//2696
f 2696//2696 2736//2736 2667//2667
f 2565//2565 2538//2538 2626//2626
f 2626//2626 2667//2667 2565//2565
f 2475//2475 2443//2443 2538//2538
f 2538//2538 2565//2565 2475//2475
f 2356//2356 2342//2342 2443//2443
f 2443//2443 2475//2475 2356//2356
f 2156//2156 2131//2131 2342//2342
f 2342//2342 2356//2356 2156//2156
f 1704//1704 1904//1904 2131//2131
f 2131//2131 2156//2156 1704//1704
f 2976//2976 2906//2906 2925//2925
f 2925//2925 2987//2987 2976//2976
f 2914//2914 2867//2867 2906//2906
f 2906//2906 2976//2976 2914//2914
f 2852//2852 2818//2818 2867//2867
f 2867//2867 2914//2914 2852//2852
f 2772//2772 2736//2736 2818//2818
f 2818//2818 2852//2852 2772//2772
f 2688//2688 2667//2667 2736//2736
f 2736//2736 2772//2772 2688//2688
f 2592//2592 2565//2565 2667//2667
f 2667//2667 2688//2688 2592//2592
f 2497//2497 2475//2475 2565//2565
f 2565//2565 2592//2592 2497//2497
f 2372//2372 2356//2356 2475//2475
f 2475//2475 2497//2497 2372//2372
f 2176//2176 2156//2156 2356//2356
f 2356//2356 2372//2372 2176//2176
f 1752//1752 1704//1704 2156//2156
f 2156//2156 2176//2176 1752//1752
f 2993//2993 2976//2976 2987//2987
f 2987//2987 3011//3011 2993//2993
f 2952//2952 2914//2914 2976//2976
f 2976//2976 2993//2993 2952//2952
f 2874//2874 2852//2852 2914//2914
f 2914//2914 2952//2952 2874//2874
f 2794//2794 2772//2772 2852//2852
f 2852//2852 2874//2874 2794//2794
f 2702//2702 2688//2688 2772//2772
f 2772//2772 2794//2794 2702//2702
f 2604//2604 2592//2592 2688//2688
f 2688//2688 2702//2702 2604//2604
f 2509//2509 2497//2497 2592//2592
f 2592//2592 2604//2604 2509//2509
f 2380//2380 2372//2372 2497//2497
f 2497//2497 2509//2509 2380//2380
f 2182//2182 2176//2176 2372//2372
f 2372//2372 2380//2380 2182//2182
f 1723//1723 1752//1752 2176//2176
f 2176//2176 2182//2182 1723//1723
f 3000//3000 2993//2993 3011//3011
f 3011//3011 3020//3020 3000//3000
f 2967//2967 2952//2952 2993//2993
f 2993//2993 3000//3000 2967//2967
f 2879//2879 2874//2874 2952//2952
f 2952//2952 2967//2967 2879//2879
f 2799//2799 2794//2794 2874//2874
f 2874//2874 2879//2879 2799//2799
f 2707//2707 2702//2702 2794//2794
f 2794//2794 2799//2799 2707//2707
f 2605//2605 2604//2604 2702//2702
f 2702//2702 2707//2707 2605//2605
f 2512//2512 2509//2509 2604//2604
f 2604//2604 2605//2605 2512//2512
f 2382//2382 2380//2380 2509//2509
f 2509//2509 2512//2512 2382//2382
f 2188//2188 2182//2182 2380//2380
f 2380//2380 2382//2382 2188//2188
f 1699//1699 1723//1723 2182//2182
f 2182//2182 2188//2188 1699//1699
f 3006//3006 3000//3000 3020//3020
f 3020//3020 3022//3022 3006//3006
f 2972//2972 2967//2967 3000//3000
f 3000//3000 3006//3006 2972//2972
f 2888//2888 2879//2879 2967//2967
f 2967//2967 2972//2972 2888//2888
f 2804//2804 2799//2799 2879//2879
f 2879//2879 2888//2888 2804//2804
f 2710//2710 2707//2707 2799//2799
f 2799//2799 2804//2804 2710//2710
f 2613//2613 2605//2605 2707//2707
f 2707//2707 2710//2710 2613//2613
f 2520//2520 2512//2512 2605//2605
f 2605//2605 2613//2613 2520//2520
f 2388//2388 2382//2382 2512//2512
f 2512//2512 2520//2520 2388//2388
f 2192//2192 2188//2188 2382//2382
f 2382//2382 2388//2388 2192//2192
f 1760//1760 1699//1699 2188//2188
f 2188//2188 2192//2192 1760//1760
f 1735//1735 1737//1737 1660//1660
f 1735//1735 1660//1660 1608//1608
f 1735//1735 1608//1608 1535//1535
f 1735//1735 1535//1535 1457//1457
f 1735//1735 1457//1457 1393//1393
f 1735//1735 1393//1393 1350//1350
f 1735//1735 1350//1350 1319//1319
f 1735//1735 1319//1319 1303//1303
f 1735//1735 1303//1303 1295//1295
f 1735//1735 1295//1295 1288//1288
f 1618//1618 1660//1660 1737//1737
f 1737//1737 1739//1739 1618//1618
f 1474//1474 1608//1608 1660//1660
f 1660//1660 1618//1618 1474//1474
f 1332//1332 1535//1535 1608//1608
f 1608//1608 1474//1474 1332//1332
f 1277//1277 1457//1457 1535//1535
f 1535//1535 1332//1332 1277//1277
f 1225//1225 1393//1393 1457//1457
f 1457//1457 1277//1277 1225//1225
f 1195//1195 1350//1350 1393//1393
f 1393//1393 1225//1225 1195//1195
f 1166//1166 1319//1319 1350//1350
f 1350//1350 1195//1195 1166//1166
f 1129//1129 1303//1303 1319//1319
f 1319//1319 1166//1166 1129//1129
f 1109//1109 1295//1295 1303//1303
f 1303//1303 1129//1129 1109//1109
f 1099//1099 1288//1288 1295//1295
f 1295//1295 1109//1109 1099//1099
f 1576//1576 1618//1618 1739//1739
f 1739//1739 1741//1741 1576//1576
f 1367//1367 1474//1474 1618//1618
f 1618//1618 1576//1576 1367//1367
f 1270//1270 1332//1332 1474//1474
f 1474//1474 1367//1367 1270//1270
f 1196//1196 1277//1277 1332//1332
f 1332//1332 1270//1270 1196//1196
f 1120//1120 1225//1225 1277//1277
f 1277//1277 1196//1196 1120//1120
f 1081//1081 1195//1195 1225//1225
f 1225//1225 1120//1120 1081//1081
f 1040//1040 1166//1166 1195//1195
f 1195//1195 1081//1081 1040//1040
f 1001//1001 1129//1129 1166//1166
f 1166//1166 1040//1040 1001//1001
f 975//975 1109//1109 1129//1129
f 1129//1129 1001//1001 975//975
f 973//973 1099//1099 1109//1109
f 1109//1109 975//975 973//973
f 1524//1524 1576//1576 1741//1741
f 1741//1741 1744//1744 1524//1524
f 1304//1304 1367//1367 1576//1576
f 1576//1576 1524//1524 1304//1304
f 1209//1209 1270//1270 1367//1367
f 1367//1367 1304//1304 1209//1209
f 1119//1119 1196//1196 1270//1270
f 1270//1270 1209//1209 1119//1119
f 1065//1065 1120//1120 1196//1196
f 1196//1196 1119//1119 1065//1065
f 983//983 1081//1081 1120//1120
f 1120//1120 1065//1065 983//983
f 941//941 1040//1040 1081//1081
f 1081//1081 983//983 941//941
f 901//901 1001//1001 1040//1040
f 1040//1040 941//941 901//901
f 878//878 975//975 1001//1001
f 1001//1001 901//901 878//878
f 865//865 973//973 975//975
f 975//975 878//878 865//865
f 1493//1493 1524//1524 1744//1744
f 1744//1744 1747//1747 1493//1493
f 1280//1280 1304//1304 1524//1524
f 1524//1524 1493//1493 1280//1280
f 1181//1181 1209//1209 1304//1304
f 1304//1304 1280//1280 1181//1181
f 1086//1086 1119//1119 1209//1209
f 1209//1209 1181//1181 1086//1086
f 998//998 1065//1065 1119//1119
f 1119//1119 1086//1086 998//998
f 928//928 983//983 1065//1065
f 1065//1065 998//998 928//928
f 868//868 941//941 983//983
f 983//983 928//928 868//868
f 816//816 901//901 941//941
f 941//941 868//868 816//816
f 784//784 878//878 901//901
f 901//901 816//816 784//784
f 773//773 865//865 878//878
f 878//878 784//784 773//773
f 1466//1466 1493//1493 1747//1747
f 1747//1747 1749//1749 1466//1466
f 1266//1266 1280//1280 1493//1493
f 1493//1493 1466//1466 1266//1266
f 1149//1149 1181//1181 1280//1280
f 1280//1280 1266//1266 1149//1149
f 1057//1057 1086//1086 1181//1181
f 1181//1181 1149//1149 1057//1057
f 955//955 998//998 1086//1086
f 1086//1086 1057//1057 955//955
f 888//888 928//928 998//998
f 998//998 955//955 888//888
f 806//806 868//868 928//928
f 928//928 888//888 806//806
f 755//755 816//816 868//868
f 868//868 806//806 755//755
f 718//718 784//784 816//816
f 816//816 755//755 718//718
f 697//697 773//773 784//784
f 784//784 718//718 697//697
f 1446//1446 1466//1466 1749//1749
f 1749//1749 1753//1753 1446//1446
f 1250//1250 1266//1266 1466//1466
f 1466//1466 1446//1446 1250//1250
f 1127//1127 1149//1149 1266//1266
f 1266//1266 1250//1250 1127//1127
f 1032//1032 1057//1057 1149//1149
f 1149//1149 1127//1127 1032//1032
f 936//936 955//955 1057//1057
f 1057//1057 1032//1032 936//936
f 852//852 888//888 955//955
f 955//955 936//936 852//852
f 772//772 806//806 888//888
f 888//888 852//852 772//772
f 710//710 755//755 806//806
f 806//806 772//772 710//710
f 648//648 718//718 755//755
f 755//755 710//710 648//648
f 637//637 697//697 718//718
f 718//718 648//648 637//637
f 1440//1440 1446//1446 1753//1753
f 1753//1753 1755//1755 1440//1440
f 1242//1242 1250//1250 1446//1446
f 1446//1446 1440//1440 1242//1242
f 1115//1115 1127//1127 1250//1250
f 1250//1250 1242//1242 1115//1115
f 1020//1020 1032//1032 1127//1127
f 1127//1127 1115//1115 1020//1020
f 922//922 936//936 1032//1032
f 1032//1032 1020//1020 922//922
f 830//830 852//852 936//936
f 936//936 922//922 830//830
f 750//750 772//772 852//852
f 852//852 830//830 750//750
f 672//672 710//710 772//772
f 772//772 750//750 672//672
f 631//631 648//648 710//710
f 710//710 672//672 631//631
f 613//613 637//637 648//648
f 648//648 631//631 613//613
f 1434//1434 1440//1440 1755//1755
f 1755//1755 1757//1757 1434//1434
f 1240//1240 1242//1242 1440//1440
f 1440//1440 1434//1434 1240//1240
f 1110//1110 1115//1115 1242//1242
f 1242//1242 1240//1240 1110//1110
f 1017//1017 1020//1020 1115//1115
f 1115//1115 1110//1110 1017//1017
f 915//915 922//922 1020//1020
f 1020//1020 1017//1017 915//915
f 823//823 830//830 922//922
f 922//922 915//915 823//823
f 743//743 750//750 830//830
f 830//830 823//823 743//743
f 655//655 672//672 750//750
f 750//750 743//743 655//655
f 622//622 631//631 672//672
f 672//672 655//655 622//622
f 602//602 613//613 631//631
f 631//631 622//622 602//602
f 1428//1428 1434//1434 1757//1757
f 1757//1757 1760//1760 1428//1428
f 1232//1232 1240//1240 1434//1434
f 1434//1434 1428//1428 1232//1232
f 1105//1105 1110//1110 1240//1240
f 1240//1240 1232//1232 1105//1105
f 1010//1010 1017//1017 1110//1110
f 1110//1110 1105//1105 1010//1010
f 913//913 915//915 1017//1017
f 1017//1017 1010//1010 913//913
f 821//821 823//823 915//915
f 915//915 913//913 821//821
f 736//736 743//743 823//823
f 823//823 821//821 736//736
f 652//652 655//655 743//743
f 743//743 736//736 652//652
f 619//619 622//622 655//655
f 655//655 652//652 619//619
f 601//601 602//602 622//622
f 622//622 619//619 601//601
f 1735//1735 1289//1289 1294//1294
f 1735//1735 1294//1294 1302//1302
f 1735//1735 1302//1302 1318//1318
f 1735//1735 1318//1318 1349//1349
f 1735//1735 1349//1349 1392//1392
f 1735//1735 1392//1392 1456//1456
f 1735//1735 1456//1456 1534//1534
f 1735//1735 1534//1534 1609//1609
f 1735//1735 1609//1609 1661//1661
f 1735//1735 1661//1661 1889//1889
f 1108//1108 1294//1294 1289//1289
f 1289//1289 1099//1099 1108//1108
f 1128//1128 1302//1302 1294//1294
f 1294//1294 1108//1108 1128//1128
f 1167//1167 1318//1318 1302//1302
f 1302//1302 1128//1128 1167//1167
f 1194//1194 1349//1349 1318//1318
f 1318//1318 1167//1167 1194//1194
f 1224//1224 1392//1392 1349//1349
f 1349//1349 1194//1194 1224//1224
f 1276//1276 1456//1456 1392//1392
f 1392//1392 1224//1224 1276//1276
f 1331//1331 1534//1534 1456//1456
f 1456//1456 1276//1276 1331//1331
f 1475//1475 1609//1609 1534//1534
f 1534//1534 1331//1331 1475//1475
f 1619//1619 1661//1661 1609//1609
f 1609//1609 1475//1475 1619//1619
f 1738//1738 1889//1889 1661//1661
f 1661//1661 1619//1619 1738//1738
f 976//976 1108//1108 1099//1099
f 1099//1099 974//974 976//976
f 1002//1002 1128//1128 1108//1108
f 1108//1108 976//976 1002//1002
f 1039//1039 1167//1167 1128//1128
f 1128//1128 1002//1002 1039//1039
f 1082//1082 1194//1194 1167//1167
f 1167//1167 1039//1039 1082//1082
f 1121//1121 1224//1224 1194//1194
f 1194//1194 1082//1082 1121//1121
f 1197//1197 1276//1276 1224//1224
f 1224//1224 1121//1121 1197//1197
f 1271//1271 1331//1331 1276//1276
f 1276//1276 1197//1197 1271//1271
f 1368//1368 1475//1475 1331//1331
f 1331//1331 1271//1271 1368//1368
f 1577//1577 1619//1619 1475//1475
f 1475//1475 1368//1368 1577//1577
f 1903//1903 1738//1738 1619//1619
f 1619//1619 1577//1577 1903//1903
f 877//877 976//976 974//974
f 974//974 866//866 877//877
f 902//902 1002//1002 976//976
f 976//976 877//877 902//902
f 942//942 1039//1039 1002//1002
f 1002//1002 902//902 942//942
f 984//984 1082//1082 1039//1039
f 1039//1039 942//942 984//984
f 1066//1066 1121//1121 1082//1082
f 1082//1082 984//984 1066//1066
f 1118//1118 1197//1197 1121//1121
f 1121//1121 1066//1066 1118//1118
f 1208//1208 1271//1271 1197//1197
f 1197//1197 1118//1118 1208//1208
f 1305//1305 1368//1368 1271//1271
f 1271//1271 1208//1208 1305//1305
f 1525//1525 1577//1577 1368//1368
f 1368//1368 1305//1305 1525//1525
f 1742//1742 1903//1903 1577//1577
f 1577//1577 1525//1525 1742//1742
f 783//783 877//877 866//866
f 866//866 774//774 783//783
f 815//815 902//902 877//877
f 877//877 783//783 815//815
f 867//867 942//942 902//902
f 902//902 815//815 867//867
f 927//927 984//984 942//942
f 942//942 867//867 927//927
f 997//997 1066//1066 984//984
f 984//984 927//927 997//997
f 1085//1085 1118//1118 1066//1066
f 1066//1066 997//997 1085//1085
f 1180//1180 1208//1208 1118//1118
f 1118//1118 1085//1085 1180//1180
f 1281//1281 1305//1305 1208//1208
f 1208//1208 1180//1180 1281//1281
f 1492//1492 1525//1525 1305//1305
f 1305//1305 1281//1281 1492//1492
f 1703//1703 1742//1742 1525//1525
f 1525//1525 1492//1492 1703//1703
f 717//717 783//783 774//774
f 774//774 698//698 717//717
f 756//756 815//815 783//783
f 783//783 717//717 756//756
f 805//805 867//867 815//815
f 815//815 756//756 805//805
f 887//887 927//927 867//867
f 867//867 805//805 887//887
f 956//956 997//997 927//927
f 927//927 887//887 956//956
f 1058//1058 1085//1085 997//997
f 997//997 956//956 1058//1058
f 1148//1148 1180//1180 1085//1085
f 1085//1085 1058//1058 1148//1148
f 1267//1267 1281//1281 1180//1180
f 1180//1180 1148//1148 1267//1267
f 1467//1467 1492//1492 1281//1281
f 1281//1281 1267//1267 1467//1467
f 1905//1905 1703//1703 1492//1492
f 1492//1492 1467//1467 1905//1905
f 647//647 717//717 698//698
f 698//698 636//636 647//647
f 709//709 756//756 717//717
f 717//717 647//647 709//709
f 771//771 805//805 756//756
f 756//756 709//709 771//771
f 851//851 887//887 805//805
f 805//805 771//771 851//851
f 935//935 956//956 887//887
f 887//887 851//851 935//935
f 1031//1031 1058//1058 956//956
f 956//956 935//935 1031//1031
f 1126//1126 1148//1148 1058//1058
f 1058//1058 1031//1031 1126//1126
f 1251//1251 1267//1267 1148//1148
f 1148//1148 1126//1126 1251//1251
f 1447//1447 1467//1467 1267//1267
f 1267//1267 1251//1251 1447//1447
f 1751//1751 1905//1905 1467//1467
f 1467//1467 1447//1447 1751//1751
f 630//630 647//647 636//636
f 636//636 612//612 630//630
f 671//671 709//709 647//647
f 647//647 630//630 671//671
f 749//749 771//771 709//709
f 709//709 671//671 749//749
f 829//829 851//851 771//771
f 771//771 749//749 829//829
f 921//921 935//935 851//851
f 851//851 829//829 921//921
f 1019//1019 1031//1031 935//935
f 935//935 921//921 1019//1019
f 1114//1114 1126//1126 1031//1031
f 1031//1031 1019//1019 1114//1114
f 1243//1243 1251//1251 1126//1126
f 1126//1126 1114//1114 1243//1243
f 1441//1441 1447//1447 1251//1251
f 1251//1251 1243//1243 1441//1441
f 1896//1896 1751//1751 1447//1447
f 1447//1447 1441//1441 1896//1896
f 623//623 630//630 612//612
f 612//612 603//603 623//623
f 656//656 671//671 630//630
f 630//630 623//623 656//656
f 744//744 749//749 671//671
f 671//671 656//656 744//744
f 824//824 829//829 749//749
f 749//749 744//744 824//824
f 916//916 921//921 829//829
f 829//829 824//824 916//916
f 1018//1018 1019//1019 921//921
f 921//921 916//916 1018//1018
f 1111//1111 1114//1114 1019//1019
f 1019//1019 1018//1018 1111//1111
f 1241//1241 1243//1243 1114//1114
f 1114//1114 1111//1111 1241//1241
f 1435//1435 1441//1441 1243//1243
f 1243//1243 1241//1241 1435//1435
f 1923//1923 1896//1896 1441//1441
f 1441//1441 1435//1435 1923//1923
f 617//617 623//623 603//603
f 603//603 601//601 617//617
f 650//650 656//656 623//623
f 623//623 617//617 650//650
f 734//734 744//744 656//656
f 656//656 650//650 734//734
f 818//818 824//824 744//744
f 744//744 734//734 818//818
f 912//912 916//916 824//824
f 824//824 818//818 912//912
f 1009//1009 1018//1018 916//916
f 916//916 912//912 1009//1009
f 1102//1102 1111//1111 1018//1018
f 1018//1018 1009//1009 1102//1102
f 1235//1235 1241//1241 1111//1111
f 1111//1111 1102//1102 1235//1235
f 1431//1431 1435//1435 1241//1241
f 1241//1241 1235//1235 1431//1431
f 1759//1759 1923//1923 1435//1435
f 1435//1435 1431//1431 1759//1759
f 1735//1735 1736//1736 1963//1963
f 1735//1735 1963//1963 2015//2015
f 1735//1735 2015//2015 2088//2088
f 1735//1735 2088//2088 2166//2166
f 1735//1735 2166//2166 2230//2230
f 1735//1735 2230//2230 2273//2273
f 1735//1735 2273//2273 2304//2304
f 1735//1735 2304//2304 2320//2320
f 1735//1735 2320//2320 2328//2328
f 1735//1735 2328//2328 2335//2335
f 2005//2005 1963//1963 1736//1736
f 1736//1736 1738//1738 2005//2005
f 2149//2149 2015//2015 1963//1963
f 1963//1963 2005//2005 2149//2149
f 2291//2291 2088//2088 2015//2015
f 2015//2015 2149//2149 2291//2291
f 2346//2346 2166//2166 2088//2088
f 2088//2088 2291//2291 2346//2346
f 2398//2398 2230//2230 2166//2166
f 2166//2166 2346//2346 2398//2398
f 2428//2428 2273//2273 2230//2230
f 2230//2230 2398//2398 2428//2428
f 2457//2457 2304//2304 2273//2273
f 2273//2273 2428//2428 2457//2457
f 2494//2494 2320//2320 2304//2304
f 2304//2304 2457//2457 2494//2494
f 2514//2514 2328//2328 2320//2320
f 2320//2320 2494//2494 2514//2514
f 2524//2524 2335//2335 2328//2328
f 2328//2328 2514//2514 2524//2524
f 2047//2047 2005//2005 1738//1738
f 1738//1738 1740//1740 2047//2047
f 2256//2256 2149//2149 2005//2005
f 2005//2005 2047//2047 2256//2256
f 2353//2353 2291//2291 2149//2149
f 2149//2149 2256//2256 2353//2353
f 2427//2427 2346//2346 2291//2291
f 2291//2291 2353//2353 2427//2427
f 2503//2503 2398//2398 2346//2346
f 2346//2346 2427//2427 2503//2503
f 2542//2542 2428//2428 2398//2398
f 2398//2398 2503//2503 2542//2542
f 2583//2583 2457//2457 2428//2428
f 2428//2428 2542//2542 2583//2583
f 2622//2622 2494//2494 2457//2457
f 2457//2457 2583//2583 2622//2622
f 2648//2648 2514//2514 2494//2494
f 2494//2494 2622//2622 2648//2648
f 2650//2650 2524//2524 2514//2514
f 2514//2514 2648//2648 2650//2650
f 2099//2099 2047//2047 1740//1740
f 1740//1740 1743//1743 2099//2099
f 2319//2319 2256//2256 2047//2047
f 2047//2047 2099//2099 2319//2319
f 2414//2414 2353//2353 2256//2256
f 2256//2256 2319//2319 2414//2414
f 2504//2504 2427//2427 2353//2353
f 2353//2353 2414//2414 2504//2504
f 2558//2558 2503//2503 2427//2427
f 2427//2427 2504//2504 2558//2558
f 2640//2640 2542//2542 2503//2503
f 2503//2503 2558//2558 2640//2640
f 2682//2682 2583//2583 2542//2542
f 2542//2542 2640//2640 2682//2682
f 2722//2722 2622//2622 2583//2583
f 2583//2583 2682//2682 2722//2722
f 2745//2745 2648//2648 2622//2622
f 2622//2622 2722//2722 2745//2745
f 2758//2758 2650//2650 2648//2648
f 2648//2648 2745//2745 2758//2758
f 2130//2130 2099//2099 1743//1743
f 1743//1743 1746//1746 2130//2130
f 2343//2343 2319//2319 2099//2099
f 2099//2099 2130//2130 2343//2343
f 2442//2442 2414//2414 2319//2319
f 2319//2319 2343//2343 2442//2442
f 2537//2537 2504//2504 2414//2414
f 2414//2414 2442//2442 2537//2537
f 2625//2625 2558//2558 2504//2504
f 2504//2504 2537//2537 2625//2625
f 2695//2695 2640//2640 2558//2558
f 2558//2558 2625//2625 2695//2695
f 2755//2755 2682//2682 2640//2640
f 2640//2640 2695//2695 2755//2755
f 2807//2807 2722//2722 2682//2682
f 2682//2682 2755//2755 2807//2807
f 2839//2839 2745//2745 2722//2722
f 2722//2722 2807//2807 2839//2839
f 2850//2850 2758//2758 2745//2745
f 2745//2745 2839//2839 2850//2850
f 2157//2157 2130//2130 1746//1746
f 1746//1746 1748//1748 2157//2157
f 2357//2357 2343//2343 2130//2130
f 2130//2130 2157//2157 2357//2357
f 2474//2474 2442//2442 2343//2343
f 2343//2343 2357//2357 2474//2474
f 2566//2566 2537//2537 2442//2442
f 2442//2442 2474//2474 2566//2566
f 2668//2668 2625//2625 2537//2537
f 2537//2537 2566//2566 2668//2668
f 2735//2735 2695//2695 2625//2625
f 2625//2625 2668//2668 2735//2735
f 2817//2817 2755//2755 2695//2695
f 2695//2695 2735//2735 2817//2817
f 2868//2868 2807//2807 2755//2755
f 2755//2755 2817//2817 2868//2868
f 2905//2905 2839//2839 2807//2807
f 2807//2807 2868//2868 2905//2905
f 2926//2926 2850//2850 2839//2839
f 2839//2839 2905//2905 2926//2926
f 2177//2177 2157//2157 1748//1748
f 1748//1748 1750//1750 2177//2177
f 2373//2373 2357//2357 2157//2157
f 2157//2157 2177//2177 2373//2373
f 2496//2496 2474//2474 2357//2357
f 2357//2357 2373//2373 2496//2496
f 2591//2591 2566//2566 2474//2474
f 2474//2474 2496//2496 2591//2591
f 2687//2687 2668//2668 2566//2566
f 2566//2566 2591//2591 2687//2687
f 2771//2771 2735//2735 2668//2668
f 2668//2668 2687//2687 2771//2771
f 2851//2851 2817//2817 2735//2735
f 2735//2735 2771//2771 2851//2851
f 2913//2913 2868//2868 2817//2817
f 2817//2817 2851//2851 2913//2913
f 2975//2975 2905//2905 2868//2868
f 2868//2868 2913//2913 2975//2975
f 2986//2986 2926//2926 2905//2905
f 2905//2905 2975//2975 2986//2986
f 2183//2183 2177//2177 1750//1750
f 1750//1750 1754//1754 2183//2183
f 2381//2381 2373//2373 2177//2177
f 2177//2177 2183//2183 2381//2381
f 2508//2508 2496//2496 2373//2373
f 2373//2373 2381//2381 2508//2508
f 2603//2603 2591//2591 2496//2496
f 2496//2496 2508//2508 2603//2603
f 2701//2701 2687//2687 2591//2591
f 2591//2591 2603//2603 2701//2701
f 2793//2793 2771//2771 2687//2687
f 2687//2687 2701//2701 2793//2793
f 2873//2873 2851//2851 2771//2771
f 2771//2771 2793//2793 2873//2873
f 2951//2951 2913//2913 2851//2851
f 2851//2851 2873//2873 2951//2951
f 2992//2992 2975//2975 2913//2913
f 2913//2913 2951//2951 2992//2992
f 3010//3010 2986//2986 2975//2975
f 2975//2975 2992//2992 3010//3010
f 2189//2189 2183//2183 1754//1754
f 1754//1754 1756//1756 2189//2189
f 2383//2383 2381//2381 2183//2183
f 2183//2183 2189//2189 2383//2383
f 2513//2513 2508//2508 2381//2381
f 2381//2381 2383//2383 2513//2513
f 2606//2606 2603//2603 2508//2508
f 2508//2508 2513//2513 2606//2606
f 2708//2708 2701//2701 2603//2603
f 2603//2603 2606//2606 2708//2708
f 2800//2800 2793//2793 2701//2701
f 2701//2701 2708//2708 2800//2800
f 2880//2880 2873//2873 2793//2793
f 2793//2793 2800//2800 2880//2880
f 2968//2968 2951//2951 2873//2873
f 2873//2873 2880//2880 2968//2968
f 3001//3001 2992//2992 2951//2951
f 2951//2951 2968//2968 3001//3001
f 3021//3021 3010//3010 2992//2992
f 2992//2992 3001//3001 3021//3021
f 2195//2195 2189//2189 1756//1756
f 1756//1756 1759//1759 2195//2195
f 2390//2390 2383//2383 2189//2189
f 2189//2189 2195//2195 2390//2390
f 2517//2517 2513//2513 2383//2383
f 2383//2383 2390//2390 2517//2517
f 2612//2612 2606//2606 2513//2513
f 2513//2513 2517//2517 2612//2612
f 2709//2709 2708//2708 2606//2606
f 2606//2606 2612//2612 2709//2709
f 2801//2801 2800//2800 2708//2708
f 2708//2708 2709//2709 2801//2801
f 2886//2886 2880//2880 2800//2800
f 2800//2800 2801//2801 2886//2886
f 2970//2970 2968//2968 2880//2880
f 2880//2880 2886//2886 2970//2970
f 3004//3004 3001//3001 2968//2968
f 2968//2968 2970//2970 3004//3004
f 3022//3022 3021//3021 3001//3001
f 3001//3001 3004//3004 3022//3022
